Tiempo ,CONTROL,PID,ANGULO,REFERENCIA,PERTURBACION
-0.4,0.0,0.0,0.0,0.0,0.0
-0.38,0.0,0.0,0.0,0.0,0.0
-0.36,0.0,0.0,0.0,0.0,0.0
-0.34,0.0,0.0,0.0,0.0,0.0
-0.32,0.0,0.0,0.0,0.0,0.0
-0.3,0.0,0.0,0.0,0.0,0.0
-0.28,0.0,0.0,0.0,0.0,0.0
-0.26,0.0,0.0,0.0,0.0,0.0
-0.24,0.0,0.0,0.0,0.0,0.0
-0.22,0.0,0.0,0.0,0.0,0.0
-0.2,0.0,0.0,0.0,0.0,0.0
-0.18,0.0,0.0,0.0,0.0,0.0
-0.16,0.0,0.0,0.0,0.0,0.0
-0.14,0.0,0.0,0.0,0.0,0.0
-0.12,0.0,0.0,0.0,0.0,0.0
-0.1,0.0,0.0,0.0,0.0,0.0
-0.08,0.0,0.0,0.0,0.0,0.0
-0.06,0.0,0.0,0.0,0.0,0.0
-0.04,0.0,0.0,0.0,0.0,0.0
-0.02,0.0,0.0,0.0,0.0,0.0
0.0,0.0,0.0,-0.0,0.0,0.0
0.02,0.0,0.0,-0.0,0.0,0.0
0.04,0.009,0.009,-0.0,0.6,0.0
0.06,0.017,0.017,-0.0,0.6,0.0
0.08,0.026,0.026,-0.0,0.6,0.0
0.1,0.035,0.035,-0.0,0.6,0.0
0.12,0.043,0.043,-0.0,0.6,0.0
0.14,0.052,0.052,-0.0,0.6,0.0
0.16,0.061,0.061,-0.0,0.6,0.0
0.18,0.069,0.069,-0.0,0.6,0.0
0.2,0.078,0.078,-0.0,0.6,0.0
0.22,0.087,0.087,-0.0,0.6,0.0
0.24,0.095,0.095,-0.0,0.6,0.0
0.26,0.104,0.104,-0.0,0.6,0.0
0.28,0.113,0.113,-0.0,0.6,0.0
0.3,0.121,0.121,-0.0,0.6,0.0
0.32,0.13,0.13,-0.0,0.6,0.0
0.34,0.139,0.139,-0.0,0.6,0.0
0.36,0.147,0.147,-0.0,0.6,0.0
0.38,0.156,0.156,-0.0,0.6,0.0
0.4,0.165,0.165,-0.0,0.6,0.0
0.42,0.173,0.173,-0.0,0.6,0.0
0.44,0.182,0.182,-0.0,0.6,0.0
0.46,0.191,0.191,-0.0,0.6,0.0
0.48,0.199,0.199,-0.0,0.6,0.0
0.5,0.208,0.208,-0.0,0.6,0.0
0.52,0.217,0.217,-0.0,0.6,0.0
0.54,0.225,0.225,-0.0,0.6,0.0
0.56,0.234,0.234,-0.0,0.6,0.0
0.58,0.243,0.243,-0.0,0.6,0.0
0.6,0.251,0.251,-0.0,0.6,0.0
0.62,0.26,0.26,-0.0,0.6,0.0
0.64,0.269,0.269,-0.0,0.6,0.0
0.66,0.277,0.277,-0.0,0.6,0.0
0.68,0.286,0.286,-0.0,0.6,0.0
0.7,0.295,0.295,-0.0,0.6,0.0
0.72,0.303,0.303,-0.0,0.6,0.0
0.74,0.312,0.312,-0.0,0.6,0.0
0.76,0.321,0.321,-0.0,0.6,0.0
0.78,0.329,0.329,-0.0,0.6,0.0
0.8,0.338,0.338,-0.0,0.6,0.0
0.82,0.347,0.347,-0.0,0.6,0.0
0.84,0.355,0.355,-0.0,0.6,0.0
0.86,0.364,0.364,-0.0,0.6,0.0
0.88,0.373,0.373,-0.0,0.6,0.0
0.9,0.381,0.381,-0.0,0.6,0.0
0.92,0.39,0.39,-0.0,0.6,0.0
0.94,0.399,0.399,-0.0,0.6,0.0
0.96,0.402,0.402,0.002,0.6,0.0
0.98,0.411,0.411,0.002,0.6,0.0
1.0,0.415,0.415,0.003,0.6,0.0
1.02,0.425,0.425,0.003,0.6,0.0
1.04,0.429,0.429,0.005,0.6,0.0
1.06,0.434,0.434,0.007,0.6,0.0
1.08,0.434,0.434,0.01,0.6,0.0
1.1,0.44,0.44,0.012,0.6,0.0
1.12,0.441,0.441,0.016,0.6,0.0
1.14,0.444,0.444,0.019,0.6,0.0
1.16,0.447,0.447,0.023,0.6,0.0
1.18,0.451,0.451,0.026,0.6,0.0
1.2,0.451,0.451,0.031,0.6,0.0
1.22,0.451,0.451,0.037,0.6,0.0
1.24,0.453,0.453,0.042,0.6,0.0
1.26,0.457,0.457,0.047,0.6,0.0
1.28,0.455,0.455,0.054,0.6,0.0
1.3,0.461,0.461,0.059,0.6,0.0
1.32,0.462,0.462,0.066,0.6,0.0
1.34,0.465,0.465,0.073,0.6,0.0
1.36,0.463,0.463,0.082,0.6,0.0
1.38,0.468,0.468,0.089,0.6,0.0
1.4,0.475,0.475,0.096,0.6,0.0
1.42,0.476,0.476,0.105,0.6,0.0
1.44,0.485,0.485,0.112,0.6,0.0
1.46,0.489,0.489,0.12,0.6,0.0
1.48,0.5,0.5,0.127,0.6,0.0
1.5,0.505,0.505,0.136,0.6,0.0
1.52,0.518,0.518,0.143,0.6,0.0
1.54,0.525,0.525,0.152,0.6,0.0
1.56,0.544,0.544,0.157,0.6,0.0
1.58,0.551,0.551,0.166,0.6,0.0
1.6,0.565,0.565,0.173,0.6,0.0
1.62,0.579,0.579,0.18,0.6,0.0
1.64,0.598,0.598,0.185,0.6,0.0
1.66,0.611,0.611,0.192,0.6,0.0
1.68,0.63,0.63,0.197,0.6,0.0
1.7,0.649,0.649,0.202,0.6,0.0
1.72,0.667,0.667,0.208,0.6,0.0
1.74,0.684,0.684,0.213,0.6,0.0
1.76,0.706,0.706,0.216,0.6,0.0
1.78,0.722,0.722,0.222,0.6,0.0
1.8,0.743,0.743,0.225,0.6,0.0
1.82,0.763,0.763,0.229,0.6,0.0
1.84,0.788,0.788,0.23,0.6,0.0
1.86,0.805,0.805,0.234,0.6,0.0
1.88,0.822,0.822,0.237,0.6,0.0
1.9,0.843,0.843,0.239,0.6,0.0
1.92,0.864,0.864,0.241,0.6,0.0
1.94,0.889,0.889,0.241,0.6,0.0
1.96,0.906,0.906,0.243,0.6,0.0
1.98,0.923,0.923,0.244,0.6,0.0
2.0,0.938,0.938,0.246,0.6,0.0
2.02,0.953,0.953,0.248,0.6,0.0
2.04,0.973,0.973,0.248,0.6,0.0
2.06,0.986,0.986,0.25,0.6,0.0
2.08,0.998,0.998,0.251,0.6,0.0
2.1,1.01,1.01,0.253,0.6,0.0
2.12,1.021,1.021,0.255,0.6,0.0
2.14,1.032,1.032,0.257,0.6,0.0
2.16,1.043,1.043,0.258,0.6,0.0
2.18,1.054,1.054,0.26,0.6,0.0
2.2,1.058,1.058,0.264,0.6,0.0
2.22,1.069,1.069,0.265,0.6,0.0
2.24,1.073,1.073,0.269,0.6,0.0
2.26,1.078,1.078,0.272,0.6,0.0
2.28,1.084,1.084,0.276,0.6,0.0
2.3,1.084,1.084,0.281,0.6,0.0
2.32,1.09,1.09,0.284,0.6,0.0
2.34,1.092,1.092,0.29,0.6,0.0
2.36,1.094,1.094,0.295,0.6,0.0
2.38,1.097,1.097,0.3,0.6,0.0
2.4,1.101,1.101,0.305,0.6,0.0
2.42,1.099,1.099,0.312,0.6,0.0
2.44,1.1,1.1,0.319,0.6,0.0
2.46,1.106,1.106,0.325,0.6,0.0
2.48,1.108,1.108,0.332,0.6,0.0
2.5,1.11,1.11,0.339,0.6,0.0
2.52,1.114,1.114,0.346,0.6,0.0
2.54,1.118,1.118,0.353,0.6,0.0
2.56,1.123,1.123,0.36,0.6,0.0
2.58,1.129,1.129,0.367,0.6,0.0
2.6,1.135,1.135,0.374,0.6,0.0
2.62,1.142,1.142,0.38,0.6,0.0
2.64,1.149,1.149,0.387,0.6,0.0
2.66,1.157,1.157,0.394,0.6,0.0
2.68,1.17,1.17,0.4,0.6,0.0
2.7,1.178,1.178,0.407,0.6,0.0
2.72,1.191,1.191,0.412,0.6,0.0
2.74,1.199,1.199,0.419,0.6,0.0
2.76,1.212,1.212,0.424,0.6,0.0
2.78,1.225,1.225,0.429,0.6,0.0
2.8,1.244,1.244,0.433,0.6,0.0
2.82,1.255,1.255,0.438,0.6,0.0
2.84,1.272,1.272,0.442,0.6,0.0
2.86,1.283,1.283,0.447,0.6,0.0
2.88,1.299,1.299,0.45,0.6,0.0
2.9,1.319,1.319,0.452,0.6,0.0
2.92,1.333,1.333,0.456,0.6,0.0
2.94,1.346,1.346,0.459,0.6,0.0
2.96,1.364,1.364,0.461,0.6,0.0
2.98,1.375,1.375,0.464,0.6,0.0
3.0,1.391,1.391,0.466,0.6,0.0
3.02,1.406,1.406,0.468,0.6,0.0
3.04,1.42,1.42,0.469,0.6,0.0
3.06,1.433,1.433,0.471,0.6,0.0
3.08,1.446,1.446,0.473,0.6,0.0
3.1,1.457,1.457,0.475,0.6,0.0
3.12,1.474,1.474,0.475,0.6,0.0
3.14,1.483,1.483,0.476,0.6,0.0
3.16,1.492,1.492,0.478,0.6,0.0
3.18,1.501,1.501,0.48,0.6,0.0
3.2,1.509,1.509,0.482,0.6,0.0
3.22,1.517,1.517,0.483,0.6,0.0
3.24,1.524,1.524,0.485,0.6,0.0
3.26,1.531,1.531,0.487,0.6,0.0
3.28,1.538,1.538,0.489,0.6,0.0
3.3,1.545,1.545,0.49,0.6,0.0
3.32,1.545,1.545,0.494,0.6,0.0
3.34,1.552,1.552,0.496,0.6,0.0
3.36,1.553,1.553,0.499,0.6,0.0
3.38,1.56,1.56,0.501,0.6,0.0
3.4,1.561,1.561,0.504,0.6,0.0
3.42,1.562,1.562,0.508,0.6,0.0
3.44,1.564,1.564,0.511,0.6,0.0
3.46,1.566,1.566,0.515,0.6,0.0
3.48,1.569,1.569,0.518,0.6,0.0
3.5,1.572,1.572,0.522,0.6,0.0
3.52,1.575,1.575,0.525,0.6,0.0
3.54,1.578,1.578,0.529,0.6,0.0
3.56,1.576,1.576,0.534,0.6,0.0
3.58,1.58,1.58,0.538,0.6,0.0
3.6,1.584,1.584,0.541,0.6,0.0
3.62,1.583,1.583,0.546,0.6,0.0
3.64,1.588,1.588,0.55,0.6,0.0
3.66,1.594,1.594,0.553,0.6,0.0
3.68,1.599,1.599,0.557,0.6,0.0
3.7,1.598,1.598,0.562,0.6,0.0
3.72,1.604,1.604,0.565,0.6,0.0
3.74,1.61,1.61,0.569,0.6,0.0
3.76,1.616,1.616,0.572,0.6,0.0
3.78,1.621,1.621,0.576,0.6,0.0
3.8,1.627,1.627,0.579,0.6,0.0
3.82,1.638,1.638,0.581,0.6,0.0
3.84,1.642,1.642,0.585,0.6,0.0
3.86,1.653,1.653,0.586,0.6,0.0
3.88,1.657,1.657,0.59,0.6,0.0
3.9,1.666,1.666,0.592,0.6,0.0
3.92,1.675,1.675,0.593,0.6,0.0
3.94,1.678,1.678,0.597,0.6,0.0
3.96,1.686,1.686,0.599,0.6,0.0
3.98,1.694,1.694,0.6,0.6,0.0
4.0,1.701,1.701,0.602,0.6,0.0
4.02,1.714,1.714,0.602,0.6,0.0
4.04,1.72,1.72,0.604,0.6,0.0
4.06,1.725,1.725,0.606,0.6,0.0
4.08,1.73,1.73,0.607,0.6,0.0
4.1,1.741,1.741,0.607,0.6,0.0
4.12,1.744,1.744,0.609,0.6,0.0
4.14,1.754,1.754,0.609,0.6,0.0
4.16,1.757,1.757,0.611,0.6,0.0
4.18,1.759,1.759,0.613,0.6,0.0
4.2,1.768,1.768,0.613,0.6,0.0
4.22,1.77,1.77,0.614,0.6,0.0
4.24,1.772,1.772,0.616,0.6,0.0
4.26,1.779,1.779,0.616,0.6,0.0
4.28,1.78,1.78,0.618,0.6,0.0
4.3,1.787,1.787,0.618,0.6,0.0
4.32,1.788,1.788,0.62,0.6,0.0
4.34,1.789,1.789,0.621,0.6,0.0
4.36,1.795,1.795,0.621,0.6,0.0
4.38,1.795,1.795,0.623,0.6,0.0
4.4,1.796,1.796,0.625,0.6,0.0
4.42,1.796,1.796,0.627,0.6,0.0
4.44,1.797,1.797,0.628,0.6,0.0
4.46,1.803,1.803,0.628,0.6,0.0
4.48,1.803,1.803,0.63,0.6,0.0
4.5,1.804,1.804,0.632,0.6,0.0
4.52,1.804,1.804,0.634,0.6,0.0
4.54,1.804,1.804,0.635,0.6,0.0
4.56,1.805,1.805,0.637,0.6,0.0
4.58,1.811,1.811,0.637,0.6,0.0
4.6,1.811,1.811,0.639,0.6,0.0
4.62,1.812,1.812,0.641,0.6,0.0
4.64,1.812,1.812,0.642,0.6,0.0
4.66,1.813,1.813,0.644,0.6,0.0
4.68,1.819,1.819,0.644,0.6,0.0
4.7,1.819,1.819,0.646,0.6,0.0
4.72,1.819,1.819,0.648,0.6,0.0
4.74,1.819,1.819,0.649,0.6,0.0
4.76,1.819,1.819,0.651,0.6,0.0
4.78,1.825,1.825,0.651,0.6,0.0
4.8,1.825,1.825,0.653,0.6,0.0
4.82,1.825,1.825,0.654,0.6,0.0
4.84,1.831,1.831,0.654,0.6,0.0
4.86,1.83,1.83,0.656,0.6,0.0
4.88,1.83,1.83,0.658,0.6,0.0
4.9,1.835,1.835,0.658,0.6,0.0
4.92,1.835,1.835,0.66,0.6,0.0
4.94,1.834,1.834,0.661,0.6,0.0
4.96,1.839,1.839,0.661,0.6,0.0
4.98,1.838,1.838,0.663,0.6,0.0
5.0,1.843,1.843,0.663,0.6,0.0
5.02,1.842,1.842,0.665,0.6,0.0
5.04,1.846,1.846,0.665,0.6,0.0
5.06,1.85,1.85,0.665,0.6,0.0
5.08,1.848,1.848,0.667,0.6,0.0
5.1,1.852,1.852,0.667,0.6,0.0
5.12,1.856,1.856,0.667,0.6,0.0
5.14,1.859,1.859,0.667,0.6,0.0
5.16,1.856,1.856,0.668,0.6,0.0
5.18,1.859,1.859,0.668,0.6,0.0
5.2,1.862,1.862,0.668,0.6,0.0
5.22,1.858,1.858,0.67,0.6,0.0
5.24,1.861,1.861,0.67,0.6,0.0
5.26,1.863,1.863,0.67,0.6,0.0
5.28,1.866,1.866,0.67,0.6,0.0
5.3,1.867,1.867,0.67,0.6,0.0
5.32,1.863,1.863,0.672,0.6,0.0
5.34,1.865,1.865,0.672,0.6,0.0
5.36,1.867,1.867,0.672,0.6,0.0
5.38,1.869,1.869,0.672,0.6,0.0
5.4,1.87,1.87,0.672,0.6,0.0
5.42,1.871,1.871,0.672,0.6,0.0
5.44,1.872,1.872,0.672,0.6,0.0
5.46,1.872,1.872,0.672,0.6,0.0
5.48,1.873,1.873,0.672,0.6,0.0
5.5,1.873,1.873,0.672,0.6,0.0
5.52,1.874,1.874,0.672,0.6,0.0
5.54,1.874,1.874,0.672,0.6,0.0
5.56,1.874,1.874,0.672,0.6,0.0
5.58,1.874,1.874,0.672,0.6,0.0
5.6,1.874,1.874,0.672,0.6,0.0
5.62,1.873,1.873,0.672,0.6,0.0
5.64,1.873,1.873,0.672,0.6,0.0
5.66,1.873,1.873,0.672,0.6,0.0
5.68,1.872,1.872,0.672,0.6,0.0
5.7,1.872,1.872,0.672,0.6,0.0
5.72,1.871,1.871,0.672,0.6,0.0
5.74,1.871,1.871,0.672,0.6,0.0
5.76,1.87,1.87,0.672,0.6,0.0
5.78,1.869,1.869,0.672,0.6,0.0
5.8,1.863,1.863,0.674,0.6,0.0
5.82,1.863,1.863,0.674,0.6,0.0
5.84,1.863,1.863,0.674,0.6,0.0
5.86,1.863,1.863,0.674,0.6,0.0
5.88,1.862,1.862,0.674,0.6,0.0
5.9,1.862,1.862,0.674,0.6,0.0
5.92,1.867,1.867,0.672,0.6,0.0
5.94,1.866,1.866,0.672,0.6,0.0
5.96,1.865,1.865,0.672,0.6,0.0
5.98,1.864,1.864,0.672,0.6,0.0
6.0,1.863,1.863,0.672,0.6,0.0
6.02,1.861,1.861,0.672,0.6,0.0
6.04,1.866,1.866,0.67,0.6,0.0
6.06,1.864,1.864,0.67,0.6,0.0
6.08,1.862,1.862,0.67,0.6,0.0
6.1,1.861,1.861,0.67,0.6,0.0
6.12,1.865,1.865,0.668,0.6,0.0
6.14,1.862,1.862,0.668,0.6,0.0
6.16,1.86,1.86,0.668,0.6,0.0
6.18,1.858,1.858,0.668,0.6,0.0
6.2,1.862,1.862,0.667,0.6,0.0
6.22,1.859,1.859,0.667,0.6,0.0
6.24,1.857,1.857,0.667,0.6,0.0
6.26,1.86,1.86,0.665,0.6,0.0
6.28,1.857,1.857,0.665,0.6,0.0
6.3,1.855,1.855,0.665,0.6,0.0
6.32,1.858,1.858,0.663,0.6,0.0
6.34,1.855,1.855,0.663,0.6,0.0
6.36,1.852,1.852,0.663,0.6,0.0
6.38,1.854,1.854,0.661,0.6,0.0
6.4,1.851,1.851,0.661,0.6,0.0
6.42,1.848,1.848,0.661,0.6,0.0
6.44,1.845,1.845,0.661,0.6,0.0
6.46,1.848,1.848,0.66,0.6,0.0
6.48,1.845,1.845,0.66,0.6,0.0
6.5,1.842,1.842,0.66,0.6,0.0
6.52,1.839,1.839,0.66,0.6,0.0
6.54,1.842,1.842,0.658,0.6,0.0
6.56,1.839,1.839,0.658,0.6,0.0
6.58,1.836,1.836,0.658,0.6,0.0
6.6,1.833,1.833,0.658,0.6,0.0
6.62,1.831,1.831,0.658,0.6,0.0
6.64,1.834,1.834,0.656,0.6,0.0
6.66,1.831,1.831,0.656,0.6,0.0
6.68,1.828,1.828,0.656,0.6,0.0
6.7,1.826,1.826,0.656,0.6,0.0
6.72,1.823,1.823,0.656,0.6,0.0
6.74,1.826,1.826,0.654,0.6,0.0
6.76,1.824,1.824,0.654,0.6,0.0
6.78,1.821,1.821,0.654,0.6,0.0
6.8,1.824,1.824,0.653,0.6,0.0
6.82,1.821,1.821,0.653,0.6,0.0
6.84,1.818,1.818,0.653,0.6,0.0
6.86,1.821,1.821,0.651,0.6,0.0
6.88,1.818,1.818,0.651,0.6,0.0
6.9,1.82,1.82,0.649,0.6,0.0
6.92,1.817,1.817,0.649,0.6,0.0
6.94,1.814,1.814,0.649,0.6,0.0
6.96,1.816,1.816,0.648,0.6,0.0
6.98,1.813,1.813,0.648,0.6,0.0
7.0,1.815,1.815,0.646,0.6,0.0
7.02,1.812,1.812,0.646,0.6,0.0
7.04,1.814,1.814,0.644,0.6,0.0
7.06,1.81,1.81,0.644,0.6,0.0
7.08,1.806,1.806,0.644,0.6,0.0
7.1,1.808,1.808,0.642,0.6,0.0
7.12,1.805,1.805,0.642,0.6,0.0
7.14,1.807,1.807,0.641,0.6,0.0
7.16,1.803,1.803,0.641,0.6,0.0
7.18,1.805,1.805,0.639,0.6,0.0
7.2,1.801,1.801,0.639,0.6,0.0
7.22,1.803,1.803,0.637,0.6,0.0
7.24,1.799,1.799,0.637,0.6,0.0
7.26,1.8,1.8,0.635,0.6,0.0
7.28,1.796,1.796,0.635,0.6,0.0
7.3,1.798,1.798,0.634,0.6,0.0
7.32,1.793,1.793,0.634,0.6,0.0
7.34,1.795,1.795,0.632,0.6,0.0
7.36,1.796,1.796,0.63,0.6,0.0
7.38,1.792,1.792,0.63,0.6,0.0
7.4,1.793,1.793,0.628,0.6,0.0
7.42,1.788,1.788,0.628,0.6,0.0
7.44,1.79,1.79,0.627,0.6,0.0
7.46,1.791,1.791,0.625,0.6,0.0
7.48,1.786,1.786,0.625,0.6,0.0
7.5,1.787,1.787,0.623,0.6,0.0
7.52,1.782,1.782,0.623,0.6,0.0
7.54,1.783,1.783,0.621,0.6,0.0
7.56,1.778,1.778,0.621,0.6,0.0
7.58,1.78,1.78,0.62,0.6,0.0
7.6,1.775,1.775,0.62,0.6,0.0
7.62,1.776,1.776,0.618,0.6,0.0
7.64,1.772,1.772,0.618,0.6,0.0
7.66,1.767,1.767,0.618,0.6,0.0
7.68,1.769,1.769,0.616,0.6,0.0
7.7,1.765,1.765,0.616,0.6,0.0
7.72,1.761,1.761,0.616,0.6,0.0
7.74,1.763,1.763,0.614,0.6,0.0
7.76,1.759,1.759,0.614,0.6,0.0
7.78,1.755,1.755,0.614,0.6,0.0
7.8,1.752,1.752,0.614,0.6,0.0
7.82,1.749,1.749,0.614,0.6,0.0
7.84,1.746,1.746,0.614,0.6,0.0
7.86,1.749,1.749,0.613,0.6,0.0
7.88,1.746,1.746,0.613,0.6,0.0
7.9,1.744,1.744,0.613,0.6,0.0
7.92,1.741,1.741,0.613,0.6,0.0
7.94,1.739,1.739,0.613,0.6,0.0
7.96,1.737,1.737,0.613,0.6,0.0
7.98,1.735,1.735,0.613,0.6,0.0
8.0,1.733,1.733,0.613,0.6,0.0
8.02,1.731,1.731,0.613,0.6,0.0
8.04,1.735,1.735,0.611,0.6,0.0
8.06,1.733,1.733,0.611,0.6,0.0
8.08,1.731,1.731,0.611,0.6,0.0
8.1,1.73,1.73,0.611,0.6,0.0
8.12,1.728,1.728,0.611,0.6,0.0
8.14,1.732,1.732,0.609,0.6,0.0
8.16,1.73,1.73,0.609,0.6,0.0
8.18,1.728,1.728,0.609,0.6,0.0
8.2,1.726,1.726,0.609,0.6,0.0
8.22,1.73,1.73,0.607,0.6,0.0
8.24,1.728,1.728,0.607,0.6,0.0
8.26,1.726,1.726,0.607,0.6,0.0
8.28,1.73,1.73,0.606,0.6,0.0
8.3,1.728,1.728,0.606,0.6,0.0
8.32,1.731,1.731,0.604,0.6,0.0
8.34,1.729,1.729,0.604,0.6,0.0
8.36,1.726,1.726,0.604,0.6,0.0
8.38,1.73,1.73,0.602,0.6,0.0
8.4,1.727,1.727,0.602,0.6,0.0
8.42,1.73,1.73,0.6,0.6,0.0
8.44,1.727,1.727,0.6,0.6,0.0
8.46,1.724,1.724,0.6,0.6,0.0
8.48,1.727,1.727,0.599,0.6,0.0
8.5,1.725,1.725,0.599,0.6,0.0
8.52,1.727,1.727,0.597,0.6,0.0
8.54,1.724,1.724,0.597,0.6,0.0
8.56,1.722,1.722,0.597,0.6,0.0
8.58,1.719,1.719,0.597,0.6,0.0
8.6,1.722,1.722,0.595,0.6,0.0
8.62,1.719,1.719,0.595,0.6,0.0
8.64,1.717,1.717,0.595,0.6,0.0
8.66,1.715,1.715,0.595,0.6,0.0
8.68,1.712,1.712,0.595,0.6,0.0
8.7,1.716,1.716,0.593,0.6,0.0
8.72,1.714,1.714,0.593,0.6,0.0
8.74,1.712,1.712,0.593,0.6,0.0
8.76,1.71,1.71,0.593,0.6,0.0
8.78,1.708,1.708,0.593,0.6,0.0
8.8,1.706,1.706,0.593,0.6,0.0
8.82,1.705,1.705,0.593,0.6,0.0
8.84,1.703,1.703,0.593,0.6,0.0
8.86,1.702,1.702,0.593,0.6,0.0
8.88,1.701,1.701,0.593,0.6,0.0
8.9,1.7,1.7,0.593,0.6,0.0
8.92,1.699,1.699,0.593,0.6,0.0
8.94,1.698,1.698,0.593,0.6,0.0
8.96,1.692,1.692,0.595,0.6,0.0
8.98,1.692,1.692,0.595,0.6,0.0
9.0,1.692,1.692,0.595,0.6,0.0
9.02,1.692,1.692,0.595,0.6,0.0
9.04,1.692,1.692,0.595,0.6,0.0
9.06,1.692,1.692,0.595,0.6,0.0
9.08,1.693,1.693,0.595,0.6,0.0
9.1,1.693,1.693,0.595,0.6,0.0
9.12,1.693,1.693,0.595,0.6,0.0
9.14,1.693,1.693,0.595,0.6,0.0
9.16,1.698,1.698,0.593,0.6,0.0
9.18,1.698,1.698,0.593,0.6,0.0
9.2,1.697,1.697,0.593,0.6,0.0
9.22,1.697,1.697,0.593,0.6,0.0
9.24,1.696,1.696,0.593,0.6,0.0
9.26,1.696,1.696,0.593,0.6,0.0
9.28,1.695,1.695,0.593,0.6,0.0
9.3,1.695,1.695,0.593,0.6,0.0
9.32,1.695,1.695,0.593,0.6,0.0
9.34,1.695,1.695,0.593,0.6,0.0
9.36,1.694,1.694,0.593,0.6,0.0
9.38,1.7,1.7,0.592,0.6,0.0
9.4,1.699,1.699,0.592,0.6,0.0
9.42,1.698,1.698,0.592,0.6,0.0
9.44,1.698,1.698,0.592,0.6,0.0
9.46,1.697,1.697,0.592,0.6,0.0
9.48,1.696,1.696,0.592,0.6,0.0
9.5,1.696,1.696,0.592,0.6,0.0
9.52,1.701,1.701,0.59,0.6,0.0
9.54,1.7,1.7,0.59,0.6,0.0
9.56,1.699,1.699,0.59,0.6,0.0
9.58,1.698,1.698,0.59,0.6,0.0
9.6,1.697,1.697,0.59,0.6,0.0
9.62,1.697,1.697,0.59,0.6,0.0
9.64,1.696,1.696,0.59,0.6,0.0
9.66,1.695,1.695,0.59,0.6,0.0
9.68,1.695,1.695,0.59,0.6,0.0
9.7,1.694,1.694,0.59,0.6,0.0
9.72,1.694,1.694,0.59,0.6,0.0
9.74,1.694,1.694,0.59,0.6,0.0
9.76,1.694,1.694,0.59,0.6,0.0
9.78,1.693,1.693,0.59,0.6,0.0
9.8,1.693,1.693,0.59,0.6,0.0
9.82,1.693,1.693,0.59,0.6,0.0
9.84,1.693,1.693,0.59,0.6,0.0
9.86,1.693,1.693,0.59,0.6,0.0
9.88,1.692,1.692,0.59,0.6,0.0
9.9,1.692,1.692,0.59,0.6,0.0
9.92,1.692,1.692,0.59,0.6,0.0
9.94,1.692,1.692,0.59,0.6,0.0
9.96,1.692,1.692,0.59,0.6,0.0
9.98,1.692,1.692,0.59,0.6,0.0
10.0,1.692,1.692,0.59,0.6,0.0
10.02,1.692,1.692,0.59,0.6,0.0
10.04,1.892,1.692,0.59,0.6,0.2
10.06,1.892,1.692,0.59,0.6,0.2
10.08,1.892,1.692,0.59,0.6,0.2
10.1,1.887,1.687,0.592,0.6,0.2
10.12,1.888,1.688,0.592,0.6,0.2
10.14,1.883,1.683,0.593,0.6,0.2
10.16,1.879,1.679,0.595,0.6,0.2
10.18,1.875,1.675,0.597,0.6,0.2
10.2,1.872,1.672,0.599,0.6,0.2
10.22,1.869,1.669,0.6,0.6,0.2
10.24,1.862,1.662,0.604,0.6,0.2
10.26,1.855,1.655,0.607,0.6,0.2
10.28,1.849,1.649,0.611,0.6,0.2
10.3,1.844,1.644,0.614,0.6,0.2
10.32,1.84,1.64,0.618,0.6,0.2
10.34,1.832,1.632,0.623,0.6,0.2
10.36,1.83,1.63,0.627,0.6,0.2
10.38,1.823,1.623,0.632,0.6,0.2
10.4,1.817,1.617,0.637,0.6,0.2
10.42,1.812,1.612,0.642,0.6,0.2
10.44,1.814,1.614,0.646,0.6,0.2
10.46,1.811,1.611,0.651,0.6,0.2
10.48,1.808,1.608,0.656,0.6,0.2
10.5,1.806,1.606,0.661,0.6,0.2
10.52,1.81,1.61,0.665,0.6,0.2
10.54,1.809,1.609,0.67,0.6,0.2
10.56,1.814,1.614,0.674,0.6,0.2
10.58,1.819,1.619,0.677,0.6,0.2
10.6,1.818,1.618,0.682,0.6,0.2
10.62,1.828,1.628,0.684,0.6,0.2
10.64,1.833,1.633,0.688,0.6,0.2
10.66,1.837,1.637,0.691,0.6,0.2
10.68,1.846,1.646,0.693,0.6,0.2
10.7,1.85,1.65,0.696,0.6,0.2
10.72,1.859,1.659,0.698,0.6,0.2
10.74,1.867,1.667,0.7,0.6,0.2
10.76,1.874,1.674,0.702,0.6,0.2
10.78,1.886,1.686,0.702,0.6,0.2
10.8,1.892,1.692,0.703,0.6,0.2
10.82,1.903,1.703,0.703,0.6,0.2
10.84,1.907,1.707,0.705,0.6,0.2
10.86,1.916,1.716,0.705,0.6,0.2
10.88,1.924,1.724,0.705,0.6,0.2
10.9,1.937,1.737,0.703,0.6,0.2
10.92,1.943,1.743,0.703,0.6,0.2
10.94,1.948,1.748,0.703,0.6,0.2
10.96,1.953,1.753,0.703,0.6,0.2
10.98,1.962,1.762,0.702,0.6,0.2
11.0,1.965,1.765,0.702,0.6,0.2
11.02,1.968,1.768,0.702,0.6,0.2
11.04,1.975,1.775,0.7,0.6,0.2
11.06,1.976,1.776,0.7,0.6,0.2
11.08,1.977,1.777,0.7,0.6,0.2
11.1,1.983,1.783,0.698,0.6,0.2
11.12,1.983,1.783,0.698,0.6,0.2
11.14,1.983,1.783,0.698,0.6,0.2
11.16,1.982,1.782,0.698,0.6,0.2
11.18,1.982,1.782,0.698,0.6,0.2
11.2,1.981,1.781,0.698,0.6,0.2
11.22,1.981,1.781,0.698,0.6,0.2
11.24,1.98,1.78,0.698,0.6,0.2
11.26,1.979,1.779,0.698,0.6,0.2
11.28,1.972,1.772,0.7,0.6,0.2
11.3,1.972,1.772,0.7,0.6,0.2
11.32,1.966,1.766,0.702,0.6,0.2
11.34,1.967,1.767,0.702,0.6,0.2
11.36,1.961,1.761,0.703,0.6,0.2
11.38,1.962,1.762,0.703,0.6,0.2
11.4,1.957,1.757,0.705,0.6,0.2
11.42,1.952,1.752,0.707,0.6,0.2
11.44,1.954,1.754,0.707,0.6,0.2
11.46,1.949,1.749,0.709,0.6,0.2
11.48,1.945,1.745,0.71,0.6,0.2
11.5,1.947,1.747,0.71,0.6,0.2
11.52,1.943,1.743,0.712,0.6,0.2
11.54,1.946,1.746,0.712,0.6,0.2
11.56,1.942,1.742,0.714,0.6,0.2
11.58,1.938,1.738,0.716,0.6,0.2
11.6,1.941,1.741,0.716,0.6,0.2
11.62,1.943,1.743,0.716,0.6,0.2
11.64,1.939,1.739,0.717,0.6,0.2
11.66,1.942,1.742,0.717,0.6,0.2
11.68,1.943,1.743,0.717,0.6,0.2
11.7,1.939,1.739,0.719,0.6,0.2
11.72,1.941,1.741,0.719,0.6,0.2
11.74,1.943,1.743,0.719,0.6,0.2
11.76,1.944,1.744,0.719,0.6,0.2
11.78,1.945,1.745,0.719,0.6,0.2
11.8,1.946,1.746,0.719,0.6,0.2
11.82,1.941,1.741,0.721,0.6,0.2
11.84,1.947,1.747,0.719,0.6,0.2
11.86,1.948,1.748,0.719,0.6,0.2
11.88,1.947,1.747,0.719,0.6,0.2
11.9,1.947,1.747,0.719,0.6,0.2
11.92,1.947,1.747,0.719,0.6,0.2
11.94,1.952,1.752,0.717,0.6,0.2
11.96,1.951,1.751,0.717,0.6,0.2
11.98,1.949,1.749,0.717,0.6,0.2
12.0,1.954,1.754,0.716,0.6,0.2
12.02,1.951,1.751,0.716,0.6,0.2
12.04,1.955,1.755,0.714,0.6,0.2
12.06,1.952,1.752,0.714,0.6,0.2
12.08,1.955,1.755,0.712,0.6,0.2
12.1,1.952,1.752,0.712,0.6,0.2
12.12,1.954,1.754,0.71,0.6,0.2
12.14,1.956,1.756,0.709,0.6,0.2
12.16,1.952,1.752,0.709,0.6,0.2
12.18,1.954,1.754,0.707,0.6,0.2
12.2,1.955,1.755,0.705,0.6,0.2
12.22,1.95,1.75,0.705,0.6,0.2
12.24,1.951,1.751,0.703,0.6,0.2
12.26,1.946,1.746,0.703,0.6,0.2
12.28,1.947,1.747,0.702,0.6,0.2
12.3,1.942,1.742,0.702,0.6,0.2
12.32,1.943,1.743,0.7,0.6,0.2
12.34,1.938,1.738,0.7,0.6,0.2
12.36,1.938,1.738,0.698,0.6,0.2
12.38,1.933,1.733,0.698,0.6,0.2
12.4,1.934,1.734,0.696,0.6,0.2
12.42,1.929,1.729,0.696,0.6,0.2
12.44,1.924,1.724,0.696,0.6,0.2
12.46,1.925,1.725,0.695,0.6,0.2
12.48,1.92,1.72,0.695,0.6,0.2
12.5,1.915,1.715,0.695,0.6,0.2
12.52,1.916,1.716,0.693,0.6,0.2
12.54,1.911,1.711,0.693,0.6,0.2
12.56,1.907,1.707,0.693,0.6,0.2
12.58,1.908,1.708,0.691,0.6,0.2
12.6,1.904,1.704,0.691,0.6,0.2
12.62,1.899,1.699,0.691,0.6,0.2
12.64,1.901,1.701,0.689,0.6,0.2
12.66,1.896,1.696,0.689,0.6,0.2
12.68,1.898,1.698,0.688,0.6,0.2
12.7,1.893,1.693,0.688,0.6,0.2
12.72,1.894,1.694,0.686,0.6,0.2
12.74,1.89,1.69,0.686,0.6,0.2
12.76,1.891,1.691,0.684,0.6,0.2
12.78,1.886,1.686,0.684,0.6,0.2
12.8,1.887,1.687,0.682,0.6,0.2
12.82,1.887,1.687,0.681,0.6,0.2
12.84,1.882,1.682,0.681,0.6,0.2
12.86,1.883,1.683,0.679,0.6,0.2
12.88,1.883,1.683,0.677,0.6,0.2
12.9,1.883,1.683,0.675,0.6,0.2
12.92,1.877,1.677,0.675,0.6,0.2
12.94,1.877,1.677,0.674,0.6,0.2
12.96,1.877,1.677,0.672,0.6,0.2
12.98,1.871,1.671,0.672,0.6,0.2
13.0,1.871,1.671,0.67,0.6,0.2
13.02,1.871,1.671,0.668,0.6,0.2
13.04,1.865,1.665,0.668,0.6,0.2
13.06,1.865,1.665,0.667,0.6,0.2
13.08,1.864,1.664,0.665,0.6,0.2
13.1,1.864,1.664,0.663,0.6,0.2
13.12,1.857,1.657,0.663,0.6,0.2
13.14,1.857,1.657,0.661,0.6,0.2
13.16,1.856,1.656,0.66,0.6,0.2
13.18,1.85,1.65,0.66,0.6,0.2
13.2,1.85,1.65,0.658,0.6,0.2
13.22,1.849,1.649,0.656,0.6,0.2
13.24,1.843,1.643,0.656,0.6,0.2
13.26,1.842,1.642,0.654,0.6,0.2
13.28,1.836,1.636,0.654,0.6,0.2
13.3,1.836,1.636,0.653,0.6,0.2
13.32,1.83,1.63,0.653,0.6,0.2
13.34,1.831,1.631,0.651,0.6,0.2
13.36,1.825,1.625,0.651,0.6,0.2
13.38,1.825,1.625,0.649,0.6,0.2
13.4,1.82,1.62,0.649,0.6,0.2
13.42,1.82,1.62,0.648,0.6,0.2
13.44,1.815,1.615,0.648,0.6,0.2
13.46,1.81,1.61,0.648,0.6,0.2
13.48,1.811,1.611,0.646,0.6,0.2
13.5,1.806,1.606,0.646,0.6,0.2
13.52,1.801,1.601,0.646,0.6,0.2
13.54,1.803,1.603,0.644,0.6,0.2
13.56,1.798,1.598,0.644,0.6,0.2
13.58,1.794,1.594,0.644,0.6,0.2
13.6,1.796,1.596,0.642,0.6,0.2
13.62,1.791,1.591,0.642,0.6,0.2
13.64,1.787,1.587,0.642,0.6,0.2
13.66,1.789,1.589,0.641,0.6,0.2
13.68,1.785,1.585,0.641,0.6,0.2
13.7,1.782,1.582,0.641,0.6,0.2
13.72,1.784,1.584,0.639,0.6,0.2
13.74,1.78,1.58,0.639,0.6,0.2
13.76,1.782,1.582,0.637,0.6,0.2
13.78,1.778,1.578,0.637,0.6,0.2
13.8,1.779,1.579,0.635,0.6,0.2
13.82,1.775,1.575,0.635,0.6,0.2
13.84,1.772,1.572,0.635,0.6,0.2
13.86,1.774,1.574,0.634,0.6,0.2
13.88,1.77,1.57,0.634,0.6,0.2
13.9,1.772,1.572,0.632,0.6,0.2
13.92,1.768,1.568,0.632,0.6,0.2
13.94,1.77,1.57,0.63,0.6,0.2
13.96,1.765,1.565,0.63,0.6,0.2
13.98,1.767,1.567,0.628,0.6,0.2
14.0,1.763,1.563,0.628,0.6,0.2
14.02,1.765,1.565,0.627,0.6,0.2
14.04,1.761,1.561,0.627,0.6,0.2
14.06,1.762,1.562,0.625,0.6,0.2
14.08,1.758,1.558,0.625,0.6,0.2
14.1,1.76,1.56,0.623,0.6,0.2
14.12,1.755,1.555,0.623,0.6,0.2
14.14,1.757,1.557,0.621,0.6,0.2
14.16,1.758,1.558,0.62,0.6,0.2
14.18,1.754,1.554,0.62,0.6,0.2
14.2,1.755,1.555,0.618,0.6,0.2
14.22,1.75,1.55,0.618,0.6,0.2
14.24,1.752,1.552,0.616,0.6,0.2
14.26,1.747,1.547,0.616,0.6,0.2
14.28,1.749,1.549,0.614,0.6,0.2
14.3,1.744,1.544,0.614,0.6,0.2
14.32,1.746,1.546,0.613,0.6,0.2
14.34,1.741,1.541,0.613,0.6,0.2
14.36,1.737,1.537,0.613,0.6,0.2
14.38,1.739,1.539,0.611,0.6,0.2
14.4,1.735,1.535,0.611,0.6,0.2
14.42,1.731,1.531,0.611,0.6,0.2
14.44,1.733,1.533,0.609,0.6,0.2
14.46,1.73,1.53,0.609,0.6,0.2
14.48,1.726,1.526,0.609,0.6,0.2
14.5,1.728,1.528,0.607,0.6,0.2
14.52,1.725,1.525,0.607,0.6,0.2
14.54,1.722,1.522,0.607,0.6,0.2
14.56,1.724,1.524,0.606,0.6,0.2
14.58,1.721,1.521,0.606,0.6,0.2
14.6,1.718,1.518,0.606,0.6,0.2
14.62,1.715,1.515,0.606,0.6,0.2
14.64,1.718,1.518,0.604,0.6,0.2
14.66,1.715,1.515,0.604,0.6,0.2
14.68,1.712,1.512,0.604,0.6,0.2
14.7,1.709,1.509,0.604,0.6,0.2
14.72,1.713,1.513,0.602,0.6,0.2
14.74,1.71,1.51,0.602,0.6,0.2
14.76,1.707,1.507,0.602,0.6,0.2
14.78,1.705,1.505,0.602,0.6,0.2
14.8,1.708,1.508,0.6,0.6,0.2
14.82,1.706,1.506,0.6,0.6,0.2
14.84,1.703,1.503,0.6,0.6,0.2
14.86,1.707,1.507,0.599,0.6,0.2
14.88,1.704,1.504,0.599,0.6,0.2
14.9,1.702,1.502,0.599,0.6,0.2
14.92,1.705,1.505,0.597,0.6,0.2
14.94,1.702,1.502,0.597,0.6,0.2
14.96,1.7,1.5,0.597,0.6,0.2
14.98,1.703,1.503,0.595,0.6,0.2
15.0,1.7,1.5,0.595,0.6,0.2
15.02,1.703,1.503,0.593,0.6,0.2
15.04,1.7,1.5,0.593,0.6,0.2
15.06,1.698,1.498,0.593,0.6,0.2
15.08,1.701,1.501,0.592,0.6,0.2
15.1,1.698,1.498,0.592,0.6,0.2
15.12,1.701,1.501,0.59,0.6,0.2
15.14,1.698,1.498,0.59,0.6,0.2
15.16,1.701,1.501,0.588,0.6,0.2
15.18,1.698,1.498,0.588,0.6,0.2
15.2,1.695,1.495,0.588,0.6,0.2
15.22,1.698,1.498,0.586,0.6,0.2
15.24,1.695,1.495,0.586,0.6,0.2
15.26,1.692,1.492,0.586,0.6,0.2
15.28,1.695,1.495,0.585,0.6,0.2
15.3,1.692,1.492,0.585,0.6,0.2
15.32,1.689,1.489,0.585,0.6,0.2
15.34,1.692,1.492,0.583,0.6,0.2
15.36,1.689,1.489,0.583,0.6,0.2
15.38,1.687,1.487,0.583,0.6,0.2
15.4,1.685,1.485,0.583,0.6,0.2
15.42,1.682,1.482,0.583,0.6,0.2
15.44,1.686,1.486,0.581,0.6,0.2
15.46,1.684,1.484,0.581,0.6,0.2
15.48,1.682,1.482,0.581,0.6,0.2
15.5,1.68,1.48,0.581,0.6,0.2
15.52,1.678,1.478,0.581,0.6,0.2
15.54,1.676,1.476,0.581,0.6,0.2
15.56,1.675,1.475,0.581,0.6,0.2
15.58,1.674,1.474,0.581,0.6,0.2
15.6,1.673,1.473,0.581,0.6,0.2
15.62,1.672,1.472,0.581,0.6,0.2
15.64,1.671,1.471,0.581,0.6,0.2
15.66,1.67,1.47,0.581,0.6,0.2
15.68,1.669,1.469,0.581,0.6,0.2
15.7,1.669,1.469,0.581,0.6,0.2
15.72,1.668,1.468,0.581,0.6,0.2
15.74,1.674,1.474,0.579,0.6,0.2
15.76,1.672,1.472,0.579,0.6,0.2
15.78,1.671,1.471,0.579,0.6,0.2
15.8,1.671,1.471,0.579,0.6,0.2
15.82,1.67,1.47,0.579,0.6,0.2
15.84,1.669,1.469,0.579,0.6,0.2
15.86,1.674,1.474,0.578,0.6,0.2
15.88,1.673,1.473,0.578,0.6,0.2
15.9,1.672,1.472,0.578,0.6,0.2
15.92,1.671,1.471,0.578,0.6,0.2
15.94,1.676,1.476,0.576,0.6,0.2
15.96,1.675,1.475,0.576,0.6,0.2
15.98,1.673,1.473,0.576,0.6,0.2
16.0,1.672,1.472,0.576,0.6,0.2
16.02,1.677,1.477,0.574,0.6,0.2
16.04,1.675,1.475,0.574,0.6,0.2
16.06,1.674,1.474,0.574,0.6,0.2
16.08,1.673,1.473,0.574,0.6,0.2
16.1,1.672,1.472,0.574,0.6,0.2
16.12,1.676,1.476,0.572,0.6,0.2
16.14,1.675,1.475,0.572,0.6,0.2
16.16,1.673,1.473,0.572,0.6,0.2
16.18,1.672,1.472,0.572,0.6,0.2
16.2,1.677,1.477,0.571,0.6,0.2
16.22,1.675,1.475,0.571,0.6,0.2
16.24,1.674,1.474,0.571,0.6,0.2
16.26,1.672,1.472,0.571,0.6,0.2
16.28,1.671,1.471,0.571,0.6,0.2
16.3,1.67,1.47,0.571,0.6,0.2
16.32,1.675,1.475,0.569,0.6,0.2
16.34,1.674,1.474,0.569,0.6,0.2
16.36,1.672,1.472,0.569,0.6,0.2
16.38,1.671,1.471,0.569,0.6,0.2
16.4,1.67,1.47,0.569,0.6,0.2
16.42,1.669,1.469,0.569,0.6,0.2
16.44,1.669,1.469,0.569,0.6,0.2
16.46,1.668,1.468,0.569,0.6,0.2
16.48,1.673,1.473,0.567,0.6,0.2
16.5,1.672,1.472,0.567,0.6,0.2
16.52,1.671,1.471,0.567,0.6,0.2
16.54,1.67,1.47,0.567,0.6,0.2
16.56,1.67,1.47,0.567,0.6,0.2
16.58,1.669,1.469,0.567,0.6,0.2
16.6,1.663,1.463,0.569,0.6,0.2
16.62,1.663,1.463,0.569,0.6,0.2
16.64,1.663,1.463,0.569,0.6,0.2
16.66,1.664,1.464,0.569,0.6,0.2
16.68,1.664,1.464,0.569,0.6,0.2
16.7,1.664,1.464,0.569,0.6,0.2
16.72,1.665,1.465,0.569,0.6,0.2
16.74,1.665,1.465,0.569,0.6,0.2
16.76,1.665,1.465,0.569,0.6,0.2
16.78,1.666,1.466,0.569,0.6,0.2
16.8,1.66,1.46,0.571,0.6,0.2
16.82,1.662,1.462,0.571,0.6,0.2
16.84,1.663,1.463,0.571,0.6,0.2
16.86,1.664,1.464,0.571,0.6,0.2
16.88,1.664,1.464,0.571,0.6,0.2
16.9,1.665,1.465,0.571,0.6,0.2
16.92,1.666,1.466,0.571,0.6,0.2
16.94,1.667,1.467,0.571,0.6,0.2
16.96,1.668,1.468,0.571,0.6,0.2
16.98,1.668,1.468,0.571,0.6,0.2
17.0,1.669,1.469,0.571,0.6,0.2
17.02,1.67,1.47,0.571,0.6,0.2
17.04,1.67,1.47,0.571,0.6,0.2
17.06,1.671,1.471,0.571,0.6,0.2
17.08,1.666,1.466,0.572,0.6,0.2
17.1,1.667,1.467,0.572,0.6,0.2
17.12,1.669,1.469,0.572,0.6,0.2
17.14,1.67,1.47,0.572,0.6,0.2
17.16,1.671,1.471,0.572,0.6,0.2
17.18,1.672,1.472,0.572,0.6,0.2
17.2,1.673,1.473,0.572,0.6,0.2
17.22,1.674,1.474,0.572,0.6,0.2
17.24,1.675,1.475,0.572,0.6,0.2
17.26,1.675,1.475,0.572,0.6,0.2
17.28,1.676,1.476,0.572,0.6,0.2
17.3,1.677,1.477,0.572,0.6,0.2
17.32,1.678,1.478,0.572,0.6,0.2
17.34,1.684,1.484,0.571,0.6,0.2
17.36,1.684,1.484,0.571,0.6,0.2
17.38,1.684,1.484,0.571,0.6,0.2
17.4,1.684,1.484,0.571,0.6,0.2
17.42,1.684,1.484,0.571,0.6,0.2
17.44,1.684,1.484,0.571,0.6,0.2
17.46,1.684,1.484,0.571,0.6,0.2
17.48,1.684,1.484,0.571,0.6,0.2
17.5,1.685,1.485,0.571,0.6,0.2
17.52,1.685,1.485,0.571,0.6,0.2
17.54,1.685,1.485,0.571,0.6,0.2
17.56,1.68,1.48,0.572,0.6,0.2
17.58,1.681,1.481,0.572,0.6,0.2
17.6,1.682,1.482,0.572,0.6,0.2
17.62,1.682,1.482,0.572,0.6,0.2
17.64,1.678,1.478,0.574,0.6,0.2
17.66,1.679,1.479,0.574,0.6,0.2
17.68,1.681,1.481,0.574,0.6,0.2
17.7,1.676,1.476,0.576,0.6,0.2
17.72,1.678,1.478,0.576,0.6,0.2
17.74,1.68,1.48,0.576,0.6,0.2
17.76,1.676,1.476,0.578,0.6,0.2
17.78,1.678,1.478,0.578,0.6,0.2
17.8,1.675,1.475,0.579,0.6,0.2
17.82,1.677,1.477,0.579,0.6,0.2
17.84,1.68,1.48,0.579,0.6,0.2
17.86,1.682,1.482,0.579,0.6,0.2
17.88,1.678,1.478,0.581,0.6,0.2
17.9,1.681,1.481,0.581,0.6,0.2
17.92,1.683,1.483,0.581,0.6,0.2
17.94,1.685,1.485,0.581,0.6,0.2
17.96,1.687,1.487,0.581,0.6,0.2
17.98,1.689,1.489,0.581,0.6,0.2
18.0,1.685,1.485,0.583,0.6,0.2
18.02,1.688,1.488,0.583,0.6,0.2
18.04,1.69,1.49,0.583,0.6,0.2
18.06,1.692,1.492,0.583,0.6,0.2
18.08,1.693,1.493,0.583,0.6,0.2
18.1,1.695,1.495,0.583,0.6,0.2
18.12,1.697,1.497,0.583,0.6,0.2
18.14,1.698,1.498,0.583,0.6,0.2
18.16,1.694,1.494,0.585,0.6,0.2
18.18,1.696,1.496,0.585,0.6,0.2
18.2,1.697,1.497,0.585,0.6,0.2
18.22,1.699,1.499,0.585,0.6,0.2
18.24,1.7,1.5,0.585,0.6,0.2
18.26,1.702,1.502,0.585,0.6,0.2
18.28,1.703,1.503,0.585,0.6,0.2
18.3,1.699,1.499,0.586,0.6,0.2
18.32,1.7,1.5,0.586,0.6,0.2
18.34,1.702,1.502,0.586,0.6,0.2
18.36,1.703,1.503,0.586,0.6,0.2
18.38,1.705,1.505,0.586,0.6,0.2
18.4,1.706,1.506,0.586,0.6,0.2
18.42,1.707,1.507,0.586,0.6,0.2
18.44,1.708,1.508,0.586,0.6,0.2
18.46,1.709,1.509,0.586,0.6,0.2
18.48,1.705,1.505,0.588,0.6,0.2
18.5,1.706,1.506,0.588,0.6,0.2
18.52,1.708,1.508,0.588,0.6,0.2
18.54,1.709,1.509,0.588,0.6,0.2
18.56,1.71,1.51,0.588,0.6,0.2
18.58,1.711,1.511,0.588,0.6,0.2
18.6,1.713,1.513,0.588,0.6,0.2
18.62,1.713,1.513,0.588,0.6,0.2
18.64,1.72,1.52,0.586,0.6,0.2
18.66,1.72,1.52,0.586,0.6,0.2
18.68,1.72,1.52,0.586,0.6,0.2
18.7,1.72,1.52,0.586,0.6,0.2
18.72,1.72,1.52,0.586,0.6,0.2
18.74,1.721,1.521,0.586,0.6,0.2
18.76,1.721,1.521,0.586,0.6,0.2
18.78,1.721,1.521,0.586,0.6,0.2
18.8,1.721,1.521,0.586,0.6,0.2
18.82,1.721,1.521,0.586,0.6,0.2
18.84,1.721,1.521,0.586,0.6,0.2
18.86,1.722,1.522,0.586,0.6,0.2
18.88,1.722,1.522,0.586,0.6,0.2
18.9,1.716,1.516,0.588,0.6,0.2
18.92,1.717,1.517,0.588,0.6,0.2
18.94,1.718,1.518,0.588,0.6,0.2
18.96,1.719,1.519,0.588,0.6,0.2
18.98,1.719,1.519,0.588,0.6,0.2
19.0,1.715,1.515,0.59,0.6,0.2
19.02,1.716,1.516,0.59,0.6,0.2
19.04,1.717,1.517,0.59,0.6,0.2
19.06,1.713,1.513,0.592,0.6,0.2
19.08,1.714,1.514,0.592,0.6,0.2
19.1,1.716,1.516,0.592,0.6,0.2
19.12,1.712,1.512,0.593,0.6,0.2
19.14,1.714,1.514,0.593,0.6,0.2
19.16,1.71,1.51,0.595,0.6,0.2
19.18,1.712,1.512,0.595,0.6,0.2
19.2,1.709,1.509,0.597,0.6,0.2
19.22,1.712,1.512,0.597,0.6,0.2
19.24,1.714,1.514,0.597,0.6,0.2
19.26,1.711,1.511,0.599,0.6,0.2
19.28,1.714,1.514,0.599,0.6,0.2
19.3,1.716,1.516,0.599,0.6,0.2
19.32,1.713,1.513,0.6,0.6,0.2
19.34,1.716,1.516,0.6,0.6,0.2
19.36,1.718,1.518,0.6,0.6,0.2
19.38,1.72,1.52,0.6,0.6,0.2
19.4,1.717,1.517,0.602,0.6,0.2
19.42,1.719,1.519,0.602,0.6,0.2
19.44,1.722,1.522,0.602,0.6,0.2
19.46,1.724,1.524,0.602,0.6,0.2
19.48,1.726,1.526,0.602,0.6,0.2
19.5,1.728,1.528,0.602,0.6,0.2
19.52,1.729,1.529,0.602,0.6,0.2
19.54,1.731,1.531,0.602,0.6,0.2
19.56,1.732,1.532,0.602,0.6,0.2
19.58,1.733,1.533,0.602,0.6,0.2
19.6,1.734,1.534,0.602,0.6,0.2
19.62,1.735,1.535,0.602,0.6,0.2
19.64,1.736,1.536,0.602,0.6,0.2
19.66,1.737,1.537,0.602,0.6,0.2
19.68,1.743,1.543,0.6,0.6,0.2
19.7,1.743,1.543,0.6,0.6,0.2
19.72,1.743,1.543,0.6,0.6,0.2
19.74,1.743,1.543,0.6,0.6,0.2
19.76,1.743,1.543,0.6,0.6,0.2
19.78,1.749,1.549,0.599,0.6,0.2
19.8,1.748,1.548,0.599,0.6,0.2
19.82,1.747,1.547,0.599,0.6,0.2
19.84,1.752,1.552,0.597,0.6,0.2
19.86,1.751,1.551,0.597,0.6,0.2
19.88,1.75,1.55,0.597,0.6,0.2
19.9,1.749,1.549,0.597,0.6,0.2
19.92,1.753,1.553,0.595,0.6,0.2
19.94,1.752,1.552,0.595,0.6,0.2
19.96,1.751,1.551,0.595,0.6,0.2
19.98,1.749,1.549,0.595,0.6,0.2
20.0,1.748,1.548,0.595,0.6,0.2
20.02,1.547,1.547,0.595,0.6,0.0
20.04,1.546,1.546,0.595,0.6,0.0
20.06,1.545,1.545,0.595,0.6,0.0
20.08,1.55,1.55,0.593,0.6,0.0
20.1,1.549,1.549,0.593,0.6,0.0
20.12,1.548,1.548,0.593,0.6,0.0
20.14,1.546,1.546,0.593,0.6,0.0
20.16,1.551,1.551,0.592,0.6,0.0
20.18,1.555,1.555,0.59,0.6,0.0
20.2,1.558,1.558,0.588,0.6,0.0
20.22,1.561,1.561,0.586,0.6,0.0
20.24,1.564,1.564,0.585,0.6,0.0
20.26,1.571,1.571,0.581,0.6,0.0
20.28,1.578,1.578,0.578,0.6,0.0
20.3,1.584,1.584,0.574,0.6,0.0
20.32,1.588,1.588,0.571,0.6,0.0
20.34,1.592,1.592,0.567,0.6,0.0
20.36,1.596,1.596,0.564,0.6,0.0
20.38,1.598,1.598,0.56,0.6,0.0
20.4,1.606,1.606,0.555,0.6,0.0
20.42,1.607,1.607,0.552,0.6,0.0
20.44,1.613,1.613,0.546,0.6,0.0
20.46,1.612,1.612,0.543,0.6,0.0
20.48,1.617,1.617,0.538,0.6,0.0
20.5,1.615,1.615,0.534,0.6,0.0
20.52,1.618,1.618,0.529,0.6,0.0
20.54,1.615,1.615,0.525,0.6,0.0
20.56,1.618,1.618,0.52,0.6,0.0
20.58,1.615,1.615,0.517,0.6,0.0
20.6,1.611,1.611,0.513,0.6,0.0
20.62,1.608,1.608,0.51,0.6,0.0
20.64,1.604,1.604,0.506,0.6,0.0
20.66,1.601,1.601,0.503,0.6,0.0
20.68,1.592,1.592,0.501,0.6,0.0
20.7,1.589,1.589,0.497,0.6,0.0
20.72,1.581,1.581,0.496,0.6,0.0
20.74,1.573,1.573,0.494,0.6,0.0
20.76,1.566,1.566,0.492,0.6,0.0
20.78,1.554,1.554,0.492,0.6,0.0
20.8,1.549,1.549,0.49,0.6,0.0
20.82,1.539,1.539,0.49,0.6,0.0
20.84,1.53,1.53,0.49,0.6,0.0
20.86,1.522,1.522,0.49,0.6,0.0
20.88,1.514,1.514,0.49,0.6,0.0
20.9,1.508,1.508,0.49,0.6,0.0
20.92,1.502,1.502,0.49,0.6,0.0
20.94,1.491,1.491,0.492,0.6,0.0
20.96,1.488,1.488,0.492,0.6,0.0
20.98,1.479,1.479,0.494,0.6,0.0
21.0,1.476,1.476,0.494,0.6,0.0
21.02,1.469,1.469,0.496,0.6,0.0
21.04,1.468,1.468,0.496,0.6,0.0
21.06,1.462,1.462,0.497,0.6,0.0
21.08,1.457,1.457,0.499,0.6,0.0
21.1,1.452,1.452,0.501,0.6,0.0
21.12,1.454,1.454,0.501,0.6,0.0
21.14,1.45,1.45,0.503,0.6,0.0
21.16,1.453,1.453,0.503,0.6,0.0
21.18,1.45,1.45,0.504,0.6,0.0
21.2,1.452,1.452,0.504,0.6,0.0
21.22,1.45,1.45,0.506,0.6,0.0
21.24,1.453,1.453,0.506,0.6,0.0
21.26,1.456,1.456,0.506,0.6,0.0
21.28,1.459,1.459,0.506,0.6,0.0
21.3,1.462,1.462,0.506,0.6,0.0
21.32,1.465,1.465,0.506,0.6,0.0
21.34,1.468,1.468,0.506,0.6,0.0
21.36,1.47,1.47,0.506,0.6,0.0
21.38,1.478,1.478,0.504,0.6,0.0
21.4,1.48,1.48,0.504,0.6,0.0
21.42,1.487,1.487,0.503,0.6,0.0
21.44,1.488,1.488,0.503,0.6,0.0
21.46,1.494,1.494,0.501,0.6,0.0
21.48,1.495,1.495,0.501,0.6,0.0
21.5,1.501,1.501,0.499,0.6,0.0
21.52,1.506,1.506,0.497,0.6,0.0
21.54,1.505,1.505,0.497,0.6,0.0
21.56,1.51,1.51,0.496,0.6,0.0
21.58,1.515,1.515,0.494,0.6,0.0
21.6,1.519,1.519,0.492,0.6,0.0
21.62,1.517,1.517,0.492,0.6,0.0
21.64,1.52,1.52,0.49,0.6,0.0
21.66,1.518,1.518,0.49,0.6,0.0
21.68,1.522,1.522,0.489,0.6,0.0
21.7,1.52,1.52,0.489,0.6,0.0
21.72,1.524,1.524,0.487,0.6,0.0
21.74,1.522,1.522,0.487,0.6,0.0
21.76,1.52,1.52,0.487,0.6,0.0
21.78,1.524,1.524,0.485,0.6,0.0
21.8,1.522,1.522,0.485,0.6,0.0
21.82,1.52,1.52,0.485,0.6,0.0
21.84,1.519,1.519,0.485,0.6,0.0
21.86,1.512,1.512,0.487,0.6,0.0
21.88,1.512,1.512,0.487,0.6,0.0
21.9,1.512,1.512,0.487,0.6,0.0
21.92,1.513,1.513,0.487,0.6,0.0
21.94,1.507,1.507,0.489,0.6,0.0
21.96,1.508,1.508,0.489,0.6,0.0
21.98,1.504,1.504,0.49,0.6,0.0
22.0,1.506,1.506,0.49,0.6,0.0
22.02,1.502,1.502,0.492,0.6,0.0
22.04,1.499,1.499,0.494,0.6,0.0
22.06,1.503,1.503,0.494,0.6,0.0
22.08,1.5,1.5,0.496,0.6,0.0
22.1,1.498,1.498,0.497,0.6,0.0
22.12,1.497,1.497,0.499,0.6,0.0
22.14,1.501,1.501,0.499,0.6,0.0
22.16,1.5,1.5,0.501,0.6,0.0
22.18,1.499,1.499,0.503,0.6,0.0
22.2,1.504,1.504,0.503,0.6,0.0
22.22,1.503,1.503,0.504,0.6,0.0
22.24,1.503,1.503,0.506,0.6,0.0
22.26,1.509,1.509,0.506,0.6,0.0
22.28,1.508,1.508,0.508,0.6,0.0
22.3,1.508,1.508,0.51,0.6,0.0
22.32,1.514,1.514,0.51,0.6,0.0
22.34,1.514,1.514,0.511,0.6,0.0
22.36,1.52,1.52,0.511,0.6,0.0
22.38,1.519,1.519,0.513,0.6,0.0
22.4,1.525,1.525,0.513,0.6,0.0
22.42,1.525,1.525,0.515,0.6,0.0
22.44,1.53,1.53,0.515,0.6,0.0
22.46,1.535,1.535,0.515,0.6,0.0
22.48,1.54,1.54,0.515,0.6,0.0
22.5,1.539,1.539,0.517,0.6,0.0
22.52,1.544,1.544,0.517,0.6,0.0
22.54,1.549,1.549,0.517,0.6,0.0
22.56,1.553,1.553,0.517,0.6,0.0
22.58,1.557,1.557,0.517,0.6,0.0
22.6,1.555,1.555,0.518,0.6,0.0
22.62,1.559,1.559,0.518,0.6,0.0
22.64,1.563,1.563,0.518,0.6,0.0
22.66,1.567,1.567,0.518,0.6,0.0
22.68,1.571,1.571,0.518,0.6,0.0
22.7,1.574,1.574,0.518,0.6,0.0
22.72,1.577,1.577,0.518,0.6,0.0
22.74,1.574,1.574,0.52,0.6,0.0
22.76,1.578,1.578,0.52,0.6,0.0
22.78,1.581,1.581,0.52,0.6,0.0
22.8,1.584,1.584,0.52,0.6,0.0
22.82,1.587,1.587,0.52,0.6,0.0
22.84,1.59,1.59,0.52,0.6,0.0
22.86,1.592,1.592,0.52,0.6,0.0
22.88,1.589,1.589,0.522,0.6,0.0
22.9,1.592,1.592,0.522,0.6,0.0
22.92,1.595,1.595,0.522,0.6,0.0
22.94,1.592,1.592,0.524,0.6,0.0
22.96,1.595,1.595,0.524,0.6,0.0
22.98,1.598,1.598,0.524,0.6,0.0
23.0,1.596,1.596,0.525,0.6,0.0
23.02,1.599,1.599,0.525,0.6,0.0
23.04,1.597,1.597,0.527,0.6,0.0
23.06,1.6,1.6,0.527,0.6,0.0
23.08,1.598,1.598,0.529,0.6,0.0
23.1,1.597,1.597,0.531,0.6,0.0
23.12,1.601,1.601,0.531,0.6,0.0
23.14,1.6,1.6,0.532,0.6,0.0
23.16,1.598,1.598,0.534,0.6,0.0
23.18,1.598,1.598,0.536,0.6,0.0
23.2,1.603,1.603,0.536,0.6,0.0
23.22,1.602,1.602,0.538,0.6,0.0
23.24,1.602,1.602,0.539,0.6,0.0
23.26,1.602,1.602,0.541,0.6,0.0
23.28,1.602,1.602,0.543,0.6,0.0
23.3,1.608,1.608,0.543,0.6,0.0
23.32,1.608,1.608,0.545,0.6,0.0
23.34,1.608,1.608,0.546,0.6,0.0
23.36,1.609,1.609,0.548,0.6,0.0
23.38,1.61,1.61,0.55,0.6,0.0
23.4,1.616,1.616,0.55,0.6,0.0
23.42,1.616,1.616,0.552,0.6,0.0
23.44,1.617,1.617,0.553,0.6,0.0
23.46,1.623,1.623,0.553,0.6,0.0
23.48,1.624,1.624,0.555,0.6,0.0
23.5,1.624,1.624,0.557,0.6,0.0
23.52,1.625,1.625,0.559,0.6,0.0
23.54,1.631,1.631,0.559,0.6,0.0
23.56,1.632,1.632,0.56,0.6,0.0
23.58,1.638,1.638,0.56,0.6,0.0
23.6,1.638,1.638,0.562,0.6,0.0
23.62,1.644,1.644,0.562,0.6,0.0
23.64,1.644,1.644,0.564,0.6,0.0
23.66,1.65,1.65,0.564,0.6,0.0
23.68,1.649,1.649,0.565,0.6,0.0
23.7,1.655,1.655,0.565,0.6,0.0
23.72,1.66,1.66,0.565,0.6,0.0
23.74,1.659,1.659,0.567,0.6,0.0
23.76,1.664,1.664,0.567,0.6,0.0
23.78,1.668,1.668,0.567,0.6,0.0
23.8,1.672,1.672,0.567,0.6,0.0
23.82,1.671,1.671,0.569,0.6,0.0
23.84,1.675,1.675,0.569,0.6,0.0
23.86,1.679,1.679,0.569,0.6,0.0
23.88,1.682,1.682,0.569,0.6,0.0
23.9,1.68,1.68,0.571,0.6,0.0
23.92,1.684,1.684,0.571,0.6,0.0
23.94,1.687,1.687,0.571,0.6,0.0
23.96,1.69,1.69,0.571,0.6,0.0
23.98,1.693,1.693,0.571,0.6,0.0
24.0,1.69,1.69,0.572,0.6,0.0
24.02,1.694,1.694,0.572,0.6,0.0
24.04,1.697,1.697,0.572,0.6,0.0
24.06,1.694,1.694,0.574,0.6,0.0
24.08,1.697,1.697,0.574,0.6,0.0
24.1,1.7,1.7,0.574,0.6,0.0
24.12,1.697,1.697,0.576,0.6,0.0
24.14,1.7,1.7,0.576,0.6,0.0
24.16,1.697,1.697,0.578,0.6,0.0
24.18,1.701,1.701,0.578,0.6,0.0
24.2,1.698,1.698,0.579,0.6,0.0
24.22,1.702,1.702,0.579,0.6,0.0
24.24,1.705,1.705,0.579,0.6,0.0
24.26,1.703,1.703,0.581,0.6,0.0
24.28,1.701,1.701,0.583,0.6,0.0
24.3,1.704,1.704,0.583,0.6,0.0
24.32,1.702,1.702,0.585,0.6,0.0
24.34,1.706,1.706,0.585,0.6,0.0
24.36,1.704,1.704,0.586,0.6,0.0
24.38,1.708,1.708,0.586,0.6,0.0
24.4,1.706,1.706,0.588,0.6,0.0
24.42,1.71,1.71,0.588,0.6,0.0
24.44,1.709,1.709,0.59,0.6,0.0
24.46,1.713,1.713,0.59,0.6,0.0
24.48,1.711,1.711,0.592,0.6,0.0
24.5,1.715,1.715,0.592,0.6,0.0
24.52,1.719,1.719,0.592,0.6,0.0
24.54,1.716,1.716,0.593,0.6,0.0
24.56,1.72,1.72,0.593,0.6,0.0
24.58,1.724,1.724,0.593,0.6,0.0
24.6,1.721,1.721,0.595,0.6,0.0
24.62,1.725,1.725,0.595,0.6,0.0
24.64,1.728,1.728,0.595,0.6,0.0
24.66,1.731,1.731,0.595,0.6,0.0
24.68,1.728,1.728,0.597,0.6,0.0
24.7,1.731,1.731,0.597,0.6,0.0
24.72,1.734,1.734,0.597,0.6,0.0
24.74,1.731,1.731,0.599,0.6,0.0
24.76,1.734,1.734,0.599,0.6,0.0
24.78,1.737,1.737,0.599,0.6,0.0
24.8,1.74,1.74,0.599,0.6,0.0
24.82,1.737,1.737,0.6,0.6,0.0
24.84,1.739,1.739,0.6,0.6,0.0
24.86,1.742,1.742,0.6,0.6,0.0
24.88,1.744,1.744,0.6,0.6,0.0
24.9,1.746,1.746,0.6,0.6,0.0
24.92,1.748,1.748,0.6,0.6,0.0
24.94,1.745,1.745,0.602,0.6,0.0
24.96,1.747,1.747,0.602,0.6,0.0
24.98,1.749,1.749,0.602,0.6,0.0
25.0,1.751,1.751,0.602,0.6,0.0
25.02,1.753,1.753,0.602,0.6,0.0
25.04,1.754,1.754,0.602,0.6,0.0
25.06,1.75,1.75,0.604,0.6,0.0
25.08,1.752,1.752,0.604,0.6,0.0
25.1,1.754,1.754,0.604,0.6,0.0
25.12,1.755,1.755,0.604,0.6,0.0
25.14,1.751,1.751,0.606,0.6,0.0
25.16,1.753,1.753,0.606,0.6,0.0
25.18,1.755,1.755,0.606,0.6,0.0
25.2,1.757,1.757,0.606,0.6,0.0
25.22,1.753,1.753,0.607,0.6,0.0
25.24,1.755,1.755,0.607,0.6,0.0
25.26,1.757,1.757,0.607,0.6,0.0
25.28,1.758,1.758,0.607,0.6,0.0
25.3,1.76,1.76,0.607,0.6,0.0
25.32,1.756,1.756,0.609,0.6,0.0
25.34,1.758,1.758,0.609,0.6,0.0
25.36,1.759,1.759,0.609,0.6,0.0
25.38,1.755,1.755,0.611,0.6,0.0
25.4,1.758,1.758,0.611,0.6,0.0
25.42,1.759,1.759,0.611,0.6,0.0
25.44,1.761,1.761,0.611,0.6,0.0
25.46,1.757,1.757,0.613,0.6,0.0
25.48,1.759,1.759,0.613,0.6,0.0
25.5,1.761,1.761,0.613,0.6,0.0
25.52,1.763,1.763,0.613,0.6,0.0
25.54,1.764,1.764,0.613,0.6,0.0
25.56,1.766,1.766,0.613,0.6,0.0
25.58,1.761,1.761,0.614,0.6,0.0
25.6,1.763,1.763,0.614,0.6,0.0
25.62,1.765,1.765,0.614,0.6,0.0
25.64,1.766,1.766,0.614,0.6,0.0
25.66,1.768,1.768,0.614,0.6,0.0
25.68,1.769,1.769,0.614,0.6,0.0
25.7,1.77,1.77,0.614,0.6,0.0
25.72,1.771,1.771,0.614,0.6,0.0
25.74,1.772,1.772,0.614,0.6,0.0
25.76,1.772,1.772,0.614,0.6,0.0
25.78,1.773,1.773,0.614,0.6,0.0
25.8,1.774,1.774,0.614,0.6,0.0
25.82,1.774,1.774,0.614,0.6,0.0
25.84,1.775,1.775,0.614,0.6,0.0
25.86,1.775,1.775,0.614,0.6,0.0
25.88,1.775,1.775,0.614,0.6,0.0
25.9,1.781,1.781,0.613,0.6,0.0
25.92,1.781,1.781,0.613,0.6,0.0
25.94,1.78,1.78,0.613,0.6,0.0
25.96,1.78,1.78,0.613,0.6,0.0
25.98,1.785,1.785,0.611,0.6,0.0
26.0,1.784,1.784,0.611,0.6,0.0
26.02,1.783,1.783,0.611,0.6,0.0
26.04,1.782,1.782,0.611,0.6,0.0
26.06,1.787,1.787,0.609,0.6,0.0
26.08,1.785,1.785,0.609,0.6,0.0
26.1,1.784,1.784,0.609,0.6,0.0
26.12,1.783,1.783,0.609,0.6,0.0
26.14,1.781,1.781,0.609,0.6,0.0
26.16,1.78,1.78,0.609,0.6,0.0
26.18,1.779,1.779,0.609,0.6,0.0
26.2,1.778,1.778,0.609,0.6,0.0
26.22,1.778,1.778,0.609,0.6,0.0
26.24,1.777,1.777,0.609,0.6,0.0
26.26,1.776,1.776,0.609,0.6,0.0
26.28,1.776,1.776,0.609,0.6,0.0
26.3,1.775,1.775,0.609,0.6,0.0
26.32,1.769,1.769,0.611,0.6,0.0
26.34,1.769,1.769,0.611,0.6,0.0
26.36,1.769,1.769,0.611,0.6,0.0
26.38,1.769,1.769,0.611,0.6,0.0
26.4,1.769,1.769,0.611,0.6,0.0
26.42,1.764,1.764,0.613,0.6,0.0
26.44,1.765,1.765,0.613,0.6,0.0
26.46,1.765,1.765,0.613,0.6,0.0
26.48,1.766,1.766,0.613,0.6,0.0
26.5,1.761,1.761,0.614,0.6,0.0
26.52,1.762,1.762,0.614,0.6,0.0
26.54,1.763,1.763,0.614,0.6,0.0
26.56,1.764,1.764,0.614,0.6,0.0
26.58,1.765,1.765,0.614,0.6,0.0
26.6,1.765,1.765,0.614,0.6,0.0
26.62,1.76,1.76,0.616,0.6,0.0
26.64,1.762,1.762,0.616,0.6,0.0
26.66,1.763,1.763,0.616,0.6,0.0
26.68,1.764,1.764,0.616,0.6,0.0
26.7,1.765,1.765,0.616,0.6,0.0
26.72,1.766,1.766,0.616,0.6,0.0
26.74,1.766,1.766,0.616,0.6,0.0
26.76,1.767,1.767,0.616,0.6,0.0
26.78,1.767,1.767,0.616,0.6,0.0
26.8,1.768,1.768,0.616,0.6,0.0
26.82,1.768,1.768,0.616,0.6,0.0
26.84,1.769,1.769,0.616,0.6,0.0
26.86,1.769,1.769,0.616,0.6,0.0
26.88,1.769,1.769,0.616,0.6,0.0
26.9,1.769,1.769,0.616,0.6,0.0
26.92,1.775,1.775,0.614,0.6,0.0
26.94,1.775,1.775,0.614,0.6,0.0
26.96,1.774,1.774,0.614,0.6,0.0
26.98,1.773,1.773,0.614,0.6,0.0
27.0,1.773,1.773,0.614,0.6,0.0
27.02,1.773,1.773,0.614,0.6,0.0
27.04,1.772,1.772,0.614,0.6,0.0
27.06,1.772,1.772,0.614,0.6,0.0
27.08,1.771,1.771,0.614,0.6,0.0
27.1,1.771,1.771,0.614,0.6,0.0
27.12,1.771,1.771,0.614,0.6,0.0
27.14,1.77,1.77,0.614,0.6,0.0
27.16,1.77,1.77,0.614,0.6,0.0
27.18,1.77,1.77,0.614,0.6,0.0
27.2,1.775,1.775,0.613,0.6,0.0
27.22,1.774,1.774,0.613,0.6,0.0
27.24,1.773,1.773,0.613,0.6,0.0
27.26,1.772,1.772,0.613,0.6,0.0
27.28,1.771,1.771,0.613,0.6,0.0
27.3,1.77,1.77,0.613,0.6,0.0
27.32,1.77,1.77,0.613,0.6,0.0
27.34,1.769,1.769,0.613,0.6,0.0
27.36,1.768,1.768,0.613,0.6,0.0
27.38,1.768,1.768,0.613,0.6,0.0
27.4,1.767,1.767,0.613,0.6,0.0
27.42,1.767,1.767,0.613,0.6,0.0
27.44,1.766,1.766,0.613,0.6,0.0
27.46,1.766,1.766,0.613,0.6,0.0
27.48,1.766,1.766,0.613,0.6,0.0
27.5,1.765,1.765,0.613,0.6,0.0
27.52,1.765,1.765,0.613,0.6,0.0
27.54,1.764,1.764,0.613,0.6,0.0
27.56,1.764,1.764,0.613,0.6,0.0
27.58,1.764,1.764,0.613,0.6,0.0
27.6,1.763,1.763,0.613,0.6,0.0
27.62,1.763,1.763,0.613,0.6,0.0
27.64,1.757,1.757,0.614,0.6,0.0
27.66,1.758,1.758,0.614,0.6,0.0
27.68,1.758,1.758,0.614,0.6,0.0
27.7,1.758,1.758,0.614,0.6,0.0
27.72,1.759,1.759,0.614,0.6,0.0
27.74,1.753,1.753,0.616,0.6,0.0
27.76,1.754,1.754,0.616,0.6,0.0
27.78,1.755,1.755,0.616,0.6,0.0
27.8,1.756,1.756,0.616,0.6,0.0
27.82,1.751,1.751,0.618,0.6,0.0
27.84,1.752,1.752,0.618,0.6,0.0
27.86,1.753,1.753,0.618,0.6,0.0
27.88,1.754,1.754,0.618,0.6,0.0
27.9,1.749,1.749,0.62,0.6,0.0
27.92,1.751,1.751,0.62,0.6,0.0
27.94,1.752,1.752,0.62,0.6,0.0
27.96,1.748,1.748,0.621,0.6,0.0
27.98,1.749,1.749,0.621,0.6,0.0
28.0,1.751,1.751,0.621,0.6,0.0
28.02,1.752,1.752,0.621,0.6,0.0
28.04,1.748,1.748,0.623,0.6,0.0
28.06,1.75,1.75,0.623,0.6,0.0
28.08,1.751,1.751,0.623,0.6,0.0
28.1,1.753,1.753,0.623,0.6,0.0
28.12,1.748,1.748,0.625,0.6,0.0
28.14,1.75,1.75,0.625,0.6,0.0
28.16,1.752,1.752,0.625,0.6,0.0
28.18,1.753,1.753,0.625,0.6,0.0
28.2,1.754,1.754,0.625,0.6,0.0
28.22,1.756,1.756,0.625,0.6,0.0
28.24,1.757,1.757,0.625,0.6,0.0
28.26,1.757,1.757,0.625,0.6,0.0
28.28,1.758,1.758,0.625,0.6,0.0
28.3,1.759,1.759,0.625,0.6,0.0
28.32,1.759,1.759,0.625,0.6,0.0
28.34,1.76,1.76,0.625,0.6,0.0
28.36,1.766,1.766,0.623,0.6,0.0
28.38,1.766,1.766,0.623,0.6,0.0
28.4,1.765,1.765,0.623,0.6,0.0
28.42,1.77,1.77,0.621,0.6,0.0
28.44,1.769,1.769,0.621,0.6,0.0
28.46,1.768,1.768,0.621,0.6,0.0
28.48,1.773,1.773,0.62,0.6,0.0
28.5,1.771,1.771,0.62,0.6,0.0
28.52,1.776,1.776,0.618,0.6,0.0
28.54,1.773,1.773,0.618,0.6,0.0
28.56,1.777,1.777,0.616,0.6,0.0
28.58,1.775,1.775,0.616,0.6,0.0
28.6,1.772,1.772,0.616,0.6,0.0
28.62,1.776,1.776,0.614,0.6,0.0
28.64,1.773,1.773,0.614,0.6,0.0
28.66,1.777,1.777,0.613,0.6,0.0
28.68,1.774,1.774,0.613,0.6,0.0
28.7,1.771,1.771,0.613,0.6,0.0
28.72,1.769,1.769,0.613,0.6,0.0
28.74,1.772,1.772,0.611,0.6,0.0
28.76,1.769,1.769,0.611,0.6,0.0
28.78,1.767,1.767,0.611,0.6,0.0
28.8,1.765,1.765,0.611,0.6,0.0
28.82,1.768,1.768,0.609,0.6,0.0
28.84,1.765,1.765,0.609,0.6,0.0
28.86,1.763,1.763,0.609,0.6,0.0
28.88,1.761,1.761,0.609,0.6,0.0
28.9,1.759,1.759,0.609,0.6,0.0
28.92,1.757,1.757,0.609,0.6,0.0
28.94,1.755,1.755,0.609,0.6,0.0
28.96,1.754,1.754,0.609,0.6,0.0
28.98,1.752,1.752,0.609,0.6,0.0
29.0,1.751,1.751,0.609,0.6,0.0
29.02,1.75,1.75,0.609,0.6,0.0
29.04,1.749,1.749,0.609,0.6,0.0
29.06,1.748,1.748,0.609,0.6,0.0
29.08,1.747,1.747,0.609,0.6,0.0
29.1,1.746,1.746,0.609,0.6,0.0
29.12,1.745,1.745,0.609,0.6,0.0
29.14,1.745,1.745,0.609,0.6,0.0
29.16,1.744,1.744,0.609,0.6,0.0
29.18,1.743,1.743,0.609,0.6,0.0
29.2,1.743,1.743,0.609,0.6,0.0
29.22,1.737,1.737,0.611,0.6,0.0
29.24,1.737,1.737,0.611,0.6,0.0
29.26,1.737,1.737,0.611,0.6,0.0
29.28,1.737,1.737,0.611,0.6,0.0
29.3,1.737,1.737,0.611,0.6,0.0
29.32,1.737,1.737,0.611,0.6,0.0
29.34,1.737,1.737,0.611,0.6,0.0
29.36,1.743,1.743,0.609,0.6,0.0
29.38,1.742,1.742,0.609,0.6,0.0
29.4,1.742,1.742,0.609,0.6,0.0
29.42,1.741,1.741,0.609,0.6,0.0
29.44,1.746,1.746,0.607,0.6,0.0
29.46,1.745,1.745,0.607,0.6,0.0
29.48,1.744,1.744,0.607,0.6,0.0
29.5,1.743,1.743,0.607,0.6,0.0
29.52,1.747,1.747,0.606,0.6,0.0
29.54,1.746,1.746,0.606,0.6,0.0
29.56,1.75,1.75,0.604,0.6,0.0
29.58,1.748,1.748,0.604,0.6,0.0
29.6,1.746,1.746,0.604,0.6,0.0
29.62,1.75,1.75,0.602,0.6,0.0
29.64,1.748,1.748,0.602,0.6,0.0
29.66,1.746,1.746,0.602,0.6,0.0
29.68,1.75,1.75,0.6,0.6,0.0
29.7,1.747,1.747,0.6,0.6,0.0
29.72,1.745,1.745,0.6,0.6,0.0
29.74,1.743,1.743,0.6,0.6,0.0
29.76,1.747,1.747,0.599,0.6,0.0
29.78,1.745,1.745,0.599,0.6,0.0
29.8,1.742,1.742,0.599,0.6,0.0
29.82,1.741,1.741,0.599,0.6,0.0
29.84,1.739,1.739,0.599,0.6,0.0
29.86,1.737,1.737,0.599,0.6,0.0
29.88,1.741,1.741,0.597,0.6,0.0
29.9,1.739,1.739,0.597,0.6,0.0
29.92,1.737,1.737,0.597,0.6,0.0
29.94,1.736,1.736,0.597,0.6,0.0
29.96,1.734,1.734,0.597,0.6,0.0
29.98,1.733,1.733,0.597,0.6,0.0
30.0,1.732,1.732,0.597,0.6,0.0
30.02,1.722,1.722,0.597,0.0,0.0
30.04,1.712,1.712,0.597,0.0,0.0
30.06,1.708,1.708,0.595,0.0,0.0
30.08,1.698,1.698,0.595,0.0,0.0
30.1,1.688,1.688,0.595,0.0,0.0
30.12,1.678,1.678,0.595,0.0,0.0
30.14,1.668,1.668,0.595,0.0,0.0
30.16,1.664,1.664,0.593,0.0,0.0
30.18,1.654,1.654,0.593,0.0,0.0
30.2,1.644,1.644,0.593,0.0,0.0
30.22,1.639,1.639,0.592,0.0,0.0
30.24,1.629,1.629,0.592,0.0,0.0
30.26,1.624,1.624,0.59,0.0,0.0
30.28,1.613,1.613,0.59,0.0,0.0
30.3,1.608,1.608,0.588,0.0,0.0
30.32,1.602,1.602,0.586,0.0,0.0
30.34,1.596,1.596,0.585,0.0,0.0
30.36,1.59,1.59,0.583,0.0,0.0
30.38,1.583,1.583,0.581,0.0,0.0
30.4,1.576,1.576,0.579,0.0,0.0
30.42,1.574,1.574,0.576,0.0,0.0
30.44,1.565,1.565,0.574,0.0,0.0
30.46,1.562,1.562,0.571,0.0,0.0
30.48,1.558,1.558,0.567,0.0,0.0
30.5,1.554,1.554,0.564,0.0,0.0
30.52,1.548,1.548,0.56,0.0,0.0
30.54,1.542,1.542,0.557,0.0,0.0
30.56,1.535,1.535,0.553,0.0,0.0
30.58,1.528,1.528,0.55,0.0,0.0
30.6,1.526,1.526,0.545,0.0,0.0
30.62,1.518,1.518,0.541,0.0,0.0
30.64,1.508,1.508,0.538,0.0,0.0
30.66,1.505,1.505,0.532,0.0,0.0
30.68,1.5,1.5,0.527,0.0,0.0
30.7,1.489,1.489,0.524,0.0,0.0
30.72,1.483,1.483,0.518,0.0,0.0
30.74,1.471,1.471,0.515,0.0,0.0
30.76,1.465,1.465,0.51,0.0,0.0
30.78,1.458,1.458,0.504,0.0,0.0
30.8,1.445,1.445,0.501,0.0,0.0
30.82,1.437,1.437,0.496,0.0,0.0
30.84,1.429,1.429,0.49,0.0,0.0
30.86,1.415,1.415,0.487,0.0,0.0
30.88,1.407,1.407,0.482,0.0,0.0
30.9,1.392,1.392,0.478,0.0,0.0
30.92,1.384,1.384,0.473,0.0,0.0
30.94,1.369,1.369,0.469,0.0,0.0
30.96,1.361,1.361,0.464,0.0,0.0
30.98,1.346,1.346,0.461,0.0,0.0
31.0,1.332,1.332,0.457,0.0,0.0
31.02,1.323,1.323,0.452,0.0,0.0
31.04,1.309,1.309,0.449,0.0,0.0
31.06,1.295,1.295,0.445,0.0,0.0
31.08,1.281,1.281,0.442,0.0,0.0
31.1,1.267,1.267,0.438,0.0,0.0
31.12,1.26,1.26,0.433,0.0,0.0
31.14,1.246,1.246,0.429,0.0,0.0
31.16,1.233,1.233,0.426,0.0,0.0
31.18,1.219,1.219,0.422,0.0,0.0
31.2,1.207,1.207,0.419,0.0,0.0
31.22,1.194,1.194,0.415,0.0,0.0
31.24,1.181,1.181,0.412,0.0,0.0
31.26,1.169,1.169,0.408,0.0,0.0
31.28,1.157,1.157,0.405,0.0,0.0
31.3,1.145,1.145,0.401,0.0,0.0
31.32,1.133,1.133,0.398,0.0,0.0
31.34,1.116,1.116,0.396,0.0,0.0
31.36,1.105,1.105,0.393,0.0,0.0
31.38,1.095,1.095,0.389,0.0,0.0
31.4,1.084,1.084,0.386,0.0,0.0
31.42,1.074,1.074,0.382,0.0,0.0
31.44,1.063,1.063,0.379,0.0,0.0
31.46,1.053,1.053,0.375,0.0,0.0
31.48,1.042,1.042,0.372,0.0,0.0
31.5,1.032,1.032,0.368,0.0,0.0
31.52,1.022,1.022,0.365,0.0,0.0
31.54,1.012,1.012,0.361,0.0,0.0
31.56,1.001,1.001,0.358,0.0,0.0
31.58,0.991,0.991,0.354,0.0,0.0
31.6,0.981,0.981,0.351,0.0,0.0
31.62,0.977,0.977,0.346,0.0,0.0
31.64,0.966,0.966,0.342,0.0,0.0
31.66,0.956,0.956,0.339,0.0,0.0
31.68,0.945,0.945,0.335,0.0,0.0
31.7,0.941,0.941,0.33,0.0,0.0
31.72,0.93,0.93,0.326,0.0,0.0
31.74,0.919,0.919,0.323,0.0,0.0
31.76,0.914,0.914,0.318,0.0,0.0
31.78,0.903,0.903,0.314,0.0,0.0
31.8,0.898,0.898,0.309,0.0,0.0
31.82,0.886,0.886,0.305,0.0,0.0
31.84,0.875,0.875,0.302,0.0,0.0
31.86,0.87,0.87,0.297,0.0,0.0
31.88,0.858,0.858,0.293,0.0,0.0
31.9,0.853,0.853,0.288,0.0,0.0
31.92,0.841,0.841,0.284,0.0,0.0
31.94,0.835,0.835,0.279,0.0,0.0
31.96,0.824,0.824,0.276,0.0,0.0
31.98,0.812,0.812,0.272,0.0,0.0
32.0,0.801,0.801,0.269,0.0,0.0
32.02,0.796,0.796,0.264,0.0,0.0
32.04,0.784,0.784,0.26,0.0,0.0
32.06,0.773,0.773,0.257,0.0,0.0
32.08,0.762,0.762,0.253,0.0,0.0
32.1,0.752,0.752,0.25,0.0,0.0
32.12,0.747,0.747,0.244,0.0,0.0
32.14,0.736,0.736,0.241,0.0,0.0
32.16,0.726,0.726,0.237,0.0,0.0
32.18,0.716,0.716,0.234,0.0,0.0
32.2,0.7,0.7,0.232,0.0,0.0
32.22,0.691,0.691,0.229,0.0,0.0
32.24,0.682,0.682,0.225,0.0,0.0
32.26,0.667,0.667,0.223,0.0,0.0
32.28,0.659,0.659,0.22,0.0,0.0
32.3,0.651,0.651,0.216,0.0,0.0
32.32,0.638,0.638,0.215,0.0,0.0
32.34,0.625,0.625,0.213,0.0,0.0
32.36,0.619,0.619,0.209,0.0,0.0
32.38,0.606,0.606,0.208,0.0,0.0
32.4,0.595,0.595,0.206,0.0,0.0
32.42,0.584,0.584,0.204,0.0,0.0
32.44,0.579,0.579,0.201,0.0,0.0
32.46,0.569,0.569,0.199,0.0,0.0
32.48,0.558,0.558,0.197,0.0,0.0
32.5,0.549,0.549,0.195,0.0,0.0
32.52,0.54,0.54,0.194,0.0,0.0
32.54,0.531,0.531,0.192,0.0,0.0
32.56,0.522,0.522,0.19,0.0,0.0
32.58,0.514,0.514,0.188,0.0,0.0
32.6,0.506,0.506,0.187,0.0,0.0
32.62,0.499,0.499,0.185,0.0,0.0
32.64,0.497,0.497,0.182,0.0,0.0
32.66,0.489,0.489,0.18,0.0,0.0
32.68,0.481,0.481,0.178,0.0,0.0
32.7,0.474,0.474,0.176,0.0,0.0
32.72,0.467,0.467,0.175,0.0,0.0
32.74,0.466,0.466,0.171,0.0,0.0
32.76,0.458,0.458,0.169,0.0,0.0
32.78,0.451,0.451,0.168,0.0,0.0
32.8,0.45,0.45,0.164,0.0,0.0
32.82,0.437,0.437,0.164,0.0,0.0
32.84,0.436,0.436,0.161,0.0,0.0
32.86,0.429,0.429,0.159,0.0,0.0
32.88,0.423,0.423,0.157,0.0,0.0
32.9,0.422,0.422,0.154,0.0,0.0
32.92,0.415,0.415,0.152,0.0,0.0
32.94,0.414,0.414,0.148,0.0,0.0
32.96,0.406,0.406,0.147,0.0,0.0
32.98,0.405,0.405,0.143,0.0,0.0
33.0,0.397,0.397,0.141,0.0,0.0
33.02,0.39,0.39,0.14,0.0,0.0
33.04,0.389,0.389,0.136,0.0,0.0
33.06,0.382,0.382,0.134,0.0,0.0
33.08,0.38,0.38,0.131,0.0,0.0
33.1,0.373,0.373,0.129,0.0,0.0
33.12,0.371,0.371,0.126,0.0,0.0
33.14,0.364,0.364,0.124,0.0,0.0
33.16,0.356,0.356,0.122,0.0,0.0
33.18,0.355,0.355,0.119,0.0,0.0
33.2,0.348,0.348,0.117,0.0,0.0
33.22,0.341,0.341,0.115,0.0,0.0
33.24,0.339,0.339,0.112,0.0,0.0
33.26,0.332,0.332,0.11,0.0,0.0
33.28,0.325,0.325,0.108,0.0,0.0
33.3,0.319,0.319,0.106,0.0,0.0
33.32,0.312,0.312,0.105,0.0,0.0
33.34,0.306,0.306,0.103,0.0,0.0
33.36,0.306,0.306,0.099,0.0,0.0
33.38,0.3,0.3,0.098,0.0,0.0
33.4,0.294,0.294,0.096,0.0,0.0
33.42,0.288,0.288,0.094,0.0,0.0
33.44,0.282,0.282,0.093,0.0,0.0
33.46,0.277,0.277,0.091,0.0,0.0
33.48,0.271,0.271,0.089,0.0,0.0
33.5,0.266,0.266,0.087,0.0,0.0
33.52,0.261,0.261,0.086,0.0,0.0
33.54,0.256,0.256,0.084,0.0,0.0
33.56,0.252,0.252,0.082,0.0,0.0
33.58,0.247,0.247,0.08,0.0,0.0
33.6,0.248,0.248,0.077,0.0,0.0
33.62,0.243,0.243,0.075,0.0,0.0
33.64,0.244,0.244,0.072,0.0,0.0
33.66,0.238,0.238,0.07,0.0,0.0
33.68,0.239,0.239,0.066,0.0,0.0
33.7,0.233,0.233,0.065,0.0,0.0
33.72,0.233,0.233,0.061,0.0,0.0
33.74,0.233,0.233,0.058,0.0,0.0
33.76,0.226,0.226,0.056,0.0,0.0
33.78,0.226,0.226,0.052,0.0,0.0
33.8,0.225,0.225,0.049,0.0,0.0
33.82,0.223,0.223,0.045,0.0,0.0
33.84,0.222,0.222,0.042,0.0,0.0
33.86,0.22,0.22,0.038,0.0,0.0
33.88,0.218,0.218,0.035,0.0,0.0
33.9,0.215,0.215,0.031,0.0,0.0
33.92,0.212,0.212,0.028,0.0,0.0
33.94,0.21,0.21,0.024,0.0,0.0
33.96,0.207,0.207,0.021,0.0,0.0
33.98,0.203,0.203,0.017,0.0,0.0
34.0,0.2,0.2,0.014,0.0,0.0
34.02,0.191,0.191,0.012,0.0,0.0
34.04,0.188,0.188,0.009,0.0,0.0
34.06,0.185,0.185,0.005,0.0,0.0
34.08,0.182,0.182,0.002,0.0,0.0
34.1,0.173,0.173,-0.0,0.0,0.0
34.12,0.171,0.171,-0.003,0.0,0.0
34.14,0.162,0.162,-0.005,0.0,0.0
34.16,0.155,0.155,-0.007,0.0,0.0
34.18,0.147,0.147,-0.009,0.0,0.0
34.2,0.141,0.141,-0.01,0.0,0.0
34.22,0.134,0.134,-0.012,0.0,0.0
34.24,0.128,0.128,-0.014,0.0,0.0
34.26,0.123,0.123,-0.016,0.0,0.0
34.28,0.112,0.112,-0.016,0.0,0.0
34.3,0.108,0.108,-0.017,0.0,0.0
34.32,0.098,0.098,-0.017,0.0,0.0
34.34,0.089,0.089,-0.017,0.0,0.0
34.36,0.081,0.081,-0.017,0.0,0.0
34.38,0.074,0.074,-0.017,0.0,0.0
34.4,0.068,0.068,-0.017,0.0,0.0
34.42,0.062,0.062,-0.017,0.0,0.0
34.44,0.057,0.057,-0.017,0.0,0.0
34.46,0.046,0.046,-0.016,0.0,0.0
34.48,0.037,0.037,-0.014,0.0,0.0
34.5,0.034,0.034,-0.014,0.0,0.0
34.52,0.026,0.026,-0.012,0.0,0.0
34.54,0.019,0.019,-0.01,0.0,0.0
34.56,0.013,0.013,-0.009,0.0,0.0
34.58,0.008,0.008,-0.007,0.0,0.0
34.6,0.003,0.003,-0.005,0.0,0.0
34.62,0.0,-0.001,-0.003,0.0,0.0
34.64,0.0,-0.004,-0.002,0.0,0.0
34.66,0.0,-0.013,0.002,0.0,0.0
34.68,0.0,-0.015,0.003,0.0,0.0
34.7,0.0,-0.016,0.005,0.0,0.0
34.72,0.0,-0.017,0.007,0.0,0.0
34.74,0.0,-0.018,0.009,0.0,0.0
34.76,0.0,-0.019,0.01,0.0,0.0
34.78,0.0,-0.019,0.012,0.0,0.0
34.8,0.0,-0.019,0.014,0.0,0.0
34.82,0.0,-0.019,0.016,0.0,0.0
34.84,0.0,-0.019,0.017,0.0,0.0
34.86,0.0,-0.018,0.019,0.0,0.0
34.88,0.0,-0.018,0.021,0.0,0.0
34.9,0.0,-0.017,0.023,0.0,0.0
34.92,0.0,-0.011,0.023,0.0,0.0
34.94,0.0,-0.011,0.024,0.0,0.0
34.96,0.0,-0.005,0.024,0.0,0.0
34.98,0.001,0.001,0.024,0.0,0.0
35.0,0.0,-0.0,0.026,0.0,0.0
35.02,0.005,0.005,0.026,0.0,0.0
35.04,0.009,0.009,0.026,0.0,0.0
35.06,0.013,0.013,0.026,0.0,0.0
35.08,0.023,0.023,0.024,0.0,0.0
35.1,0.025,0.025,0.024,0.0,0.0
35.12,0.028,0.028,0.024,0.0,0.0
35.14,0.035,0.035,0.023,0.0,0.0
35.16,0.042,0.042,0.021,0.0,0.0
35.18,0.042,0.042,0.021,0.0,0.0
35.2,0.048,0.048,0.019,0.0,0.0
35.22,0.053,0.053,0.017,0.0,0.0
35.24,0.058,0.058,0.016,0.0,0.0
35.26,0.062,0.062,0.014,0.0,0.0
35.28,0.065,0.065,0.012,0.0,0.0
35.3,0.068,0.068,0.01,0.0,0.0
35.32,0.07,0.07,0.009,0.0,0.0
35.34,0.077,0.077,0.005,0.0,0.0
35.36,0.078,0.078,0.003,0.0,0.0
35.38,0.079,0.079,0.002,0.0,0.0
35.4,0.079,0.079,-0.0,0.0,0.0
35.42,0.084,0.084,-0.003,0.0,0.0
35.44,0.084,0.084,-0.005,0.0,0.0
35.46,0.083,0.083,-0.007,0.0,0.0
35.48,0.082,0.082,-0.009,0.0,0.0
35.5,0.08,0.08,-0.01,0.0,0.0
35.52,0.079,0.079,-0.012,0.0,0.0
35.54,0.078,0.078,-0.014,0.0,0.0
35.56,0.076,0.076,-0.016,0.0,0.0
35.58,0.075,0.075,-0.017,0.0,0.0
35.6,0.074,0.074,-0.019,0.0,0.0
35.62,0.072,0.072,-0.021,0.0,0.0
35.64,0.065,0.065,-0.021,0.0,0.0
35.66,0.064,0.064,-0.023,0.0,0.0
35.68,0.058,0.058,-0.023,0.0,0.0
35.7,0.057,0.057,-0.024,0.0,0.0
35.72,0.051,0.051,-0.024,0.0,0.0
35.74,0.046,0.046,-0.024,0.0,0.0
35.76,0.041,0.041,-0.024,0.0,0.0
35.78,0.036,0.036,-0.024,0.0,0.0
35.8,0.032,0.032,-0.024,0.0,0.0
35.82,0.029,0.029,-0.024,0.0,0.0
35.84,0.02,0.02,-0.023,0.0,0.0
35.86,0.018,0.018,-0.023,0.0,0.0
35.88,0.01,0.01,-0.021,0.0,0.0
35.9,0.003,0.003,-0.019,0.0,0.0
35.92,0.0,-0.002,-0.017,0.0,0.0
35.94,0.0,-0.002,-0.017,0.0,0.0
35.96,0.0,-0.007,-0.016,0.0,0.0
35.98,0.0,-0.011,-0.014,0.0,0.0
36.0,0.0,-0.015,-0.012,0.0,0.0
36.02,0.0,-0.024,-0.009,0.0,0.0
36.04,0.0,-0.026,-0.007,0.0,0.0
36.06,0.0,-0.028,-0.005,0.0,0.0
36.08,0.0,-0.029,-0.003,0.0,0.0
36.1,0.0,-0.03,-0.002,0.0,0.0
36.12,0.0,-0.031,-0.0,0.0,0.0
36.14,0.0,-0.037,0.003,0.0,0.0
36.16,0.0,-0.036,0.005,0.0,0.0
36.18,0.0,-0.035,0.007,0.0,0.0
36.2,0.0,-0.035,0.009,0.0,0.0
36.22,0.0,-0.034,0.01,0.0,0.0
36.24,0.0,-0.033,0.012,0.0,0.0
36.26,0.0,-0.032,0.014,0.0,0.0
36.28,0.0,-0.031,0.016,0.0,0.0
36.3,0.0,-0.029,0.017,0.0,0.0
36.32,0.0,-0.028,0.019,0.0,0.0
36.34,0.0,-0.021,0.019,0.0,0.0
36.36,0.0,-0.02,0.021,0.0,0.0
36.38,0.0,-0.014,0.021,0.0,0.0
36.4,0.0,-0.014,0.023,0.0,0.0
36.42,0.0,-0.008,0.023,0.0,0.0
36.44,0.0,-0.002,0.023,0.0,0.0
36.46,0.002,0.002,0.023,0.0,0.0
36.48,0.007,0.007,0.023,0.0,0.0
36.5,0.011,0.011,0.023,0.0,0.0
36.52,0.014,0.014,0.023,0.0,0.0
36.54,0.017,0.017,0.023,0.0,0.0
36.56,0.026,0.026,0.021,0.0,0.0
36.58,0.028,0.028,0.021,0.0,0.0
36.6,0.035,0.035,0.019,0.0,0.0
36.62,0.036,0.036,0.019,0.0,0.0
36.64,0.042,0.042,0.017,0.0,0.0
36.66,0.048,0.048,0.016,0.0,0.0
36.68,0.052,0.052,0.014,0.0,0.0
36.7,0.057,0.057,0.012,0.0,0.0
36.72,0.06,0.06,0.01,0.0,0.0
36.74,0.063,0.063,0.009,0.0,0.0
36.76,0.066,0.066,0.007,0.0,0.0
36.78,0.068,0.068,0.005,0.0,0.0
36.8,0.069,0.069,0.003,0.0,0.0
36.82,0.071,0.071,0.002,0.0,0.0
36.84,0.072,0.072,-0.0,0.0,0.0
36.86,0.072,0.072,-0.002,0.0,0.0
36.88,0.078,0.078,-0.005,0.0,0.0
36.9,0.078,0.078,-0.007,0.0,0.0
36.92,0.077,0.077,-0.009,0.0,0.0
36.94,0.077,0.077,-0.01,0.0,0.0
36.96,0.076,0.076,-0.012,0.0,0.0
36.98,0.075,0.075,-0.014,0.0,0.0
37.0,0.074,0.074,-0.016,0.0,0.0
37.02,0.067,0.067,-0.016,0.0,0.0
37.04,0.067,0.067,-0.017,0.0,0.0
37.06,0.066,0.066,-0.019,0.0,0.0
37.08,0.06,0.06,-0.019,0.0,0.0
37.1,0.059,0.059,-0.021,0.0,0.0
37.12,0.054,0.054,-0.021,0.0,0.0
37.14,0.054,0.054,-0.023,0.0,0.0
37.16,0.048,0.048,-0.023,0.0,0.0
37.18,0.043,0.043,-0.023,0.0,0.0
37.2,0.039,0.039,-0.023,0.0,0.0
37.22,0.035,0.035,-0.023,0.0,0.0
37.24,0.031,0.031,-0.023,0.0,0.0
37.26,0.022,0.022,-0.021,0.0,0.0
37.28,0.02,0.02,-0.021,0.0,0.0
37.3,0.012,0.012,-0.019,0.0,0.0
37.32,0.011,0.011,-0.019,0.0,0.0
37.34,0.005,0.005,-0.017,0.0,0.0
37.36,0.0,-0.001,-0.016,0.0,0.0
37.38,0.0,-0.001,-0.016,0.0,0.0
37.4,0.0,-0.006,-0.014,0.0,0.0
37.42,0.0,-0.01,-0.012,0.0,0.0
37.44,0.0,-0.014,-0.01,0.0,0.0
37.46,0.0,-0.017,-0.009,0.0,0.0
37.48,0.0,-0.02,-0.007,0.0,0.0
37.5,0.0,-0.022,-0.005,0.0,0.0
37.52,0.0,-0.024,-0.003,0.0,0.0
37.54,0.0,-0.025,-0.002,0.0,0.0
37.56,0.0,-0.026,-0.0,0.0,0.0
37.58,0.0,-0.027,0.002,0.0,0.0
37.6,0.0,-0.033,0.005,0.0,0.0
37.62,0.0,-0.033,0.007,0.0,0.0
37.64,0.0,-0.032,0.009,0.0,0.0
37.66,0.0,-0.026,0.009,0.0,0.0
37.68,0.0,-0.026,0.01,0.0,0.0
37.7,0.0,-0.026,0.012,0.0,0.0
37.72,0.0,-0.025,0.014,0.0,0.0
37.74,0.0,-0.025,0.016,0.0,0.0
37.76,0.0,-0.024,0.017,0.0,0.0
37.78,0.0,-0.018,0.017,0.0,0.0
37.8,0.0,-0.018,0.019,0.0,0.0
37.82,0.0,-0.012,0.019,0.0,0.0
37.84,0.0,-0.006,0.019,0.0,0.0
37.86,0.0,-0.007,0.021,0.0,0.0
37.88,0.0,-0.002,0.021,0.0,0.0
37.9,0.003,0.003,0.021,0.0,0.0
37.92,0.007,0.007,0.021,0.0,0.0
37.94,0.011,0.011,0.021,0.0,0.0
37.96,0.014,0.014,0.021,0.0,0.0
37.98,0.023,0.023,0.019,0.0,0.0
38.0,0.025,0.025,0.019,0.0,0.0
38.02,0.026,0.026,0.019,0.0,0.0
38.04,0.034,0.034,0.017,0.0,0.0
38.06,0.04,0.04,0.016,0.0,0.0
38.08,0.04,0.04,0.016,0.0,0.0
38.1,0.046,0.046,0.014,0.0,0.0
38.12,0.05,0.05,0.012,0.0,0.0
38.14,0.054,0.054,0.01,0.0,0.0
38.16,0.058,0.058,0.009,0.0,0.0
38.18,0.061,0.061,0.007,0.0,0.0
38.2,0.058,0.058,0.007,0.0,0.0
38.22,0.061,0.061,0.005,0.0,0.0
38.24,0.063,0.063,0.003,0.0,0.0
38.26,0.071,0.071,-0.0,0.0,0.0
38.28,0.072,0.072,-0.002,0.0,0.0
38.3,0.072,0.072,-0.003,0.0,0.0
38.32,0.073,0.073,-0.005,0.0,0.0
38.34,0.073,0.073,-0.007,0.0,0.0
38.36,0.073,0.073,-0.009,0.0,0.0
38.38,0.067,0.067,-0.009,0.0,0.0
38.4,0.067,0.067,-0.01,0.0,0.0
38.42,0.067,0.067,-0.012,0.0,0.0
38.44,0.067,0.067,-0.014,0.0,0.0
38.46,0.067,0.067,-0.016,0.0,0.0
38.48,0.061,0.061,-0.016,0.0,0.0
38.5,0.061,0.061,-0.017,0.0,0.0
38.52,0.055,0.055,-0.017,0.0,0.0
38.54,0.056,0.056,-0.019,0.0,0.0
38.56,0.05,0.05,-0.019,0.0,0.0
38.58,0.051,0.051,-0.021,0.0,0.0
38.6,0.046,0.046,-0.021,0.0,0.0
38.62,0.042,0.042,-0.021,0.0,0.0
38.64,0.037,0.037,-0.021,0.0,0.0
38.66,0.034,0.034,-0.021,0.0,0.0
38.68,0.025,0.025,-0.019,0.0,0.0
38.7,0.023,0.023,-0.019,0.0,0.0
38.72,0.02,0.02,-0.019,0.0,0.0
38.74,0.013,0.013,-0.017,0.0,0.0
38.76,0.012,0.012,-0.017,0.0,0.0
38.78,0.006,0.006,-0.016,0.0,0.0
38.8,0.006,0.006,-0.016,0.0,0.0
38.82,0.0,-0.0,-0.014,0.0,0.0
