Tiempo ,CONTROL,REI,VELOCIDAD,ANGULO,REFERENCIA,PERTURBACION
-0.4,0.0,0.0,0.0,0.0,0.0,0.0
-0.38,0.0,0.0,0.0,0.0,0.0,0.0
-0.36,0.0,0.0,0.0,0.0,0.0,0.0
-0.34,0.0,0.0,0.0,0.0,0.0,0.0
-0.32,0.0,0.0,0.0,0.0,0.0,0.0
-0.3,0.0,0.0,0.0,0.0,0.0,0.0
-0.28,0.0,0.0,0.0,0.0,0.0,0.0
-0.26,0.0,0.0,0.0,0.0,0.0,0.0
-0.24,0.0,0.0,0.0,0.0,0.0,0.0
-0.22,0.0,0.0,0.0,0.0,0.0,0.0
-0.2,0.0,0.0,0.0,0.0,0.0,0.0
-0.18,0.0,0.0,0.0,0.0,0.0,0.0
-0.16,0.0,0.0,0.0,0.0,0.0,0.0
-0.14,0.0,0.0,0.0,0.0,0.0,0.0
-0.12,0.0,0.0,0.0,0.0,0.0,0.0
-0.1,0.0,0.0,0.0,0.0,0.0,0.0
-0.08,0.0,0.0,0.0,0.0,0.0,0.0
-0.06,0.0,0.0,0.0,0.0,0.0,0.0
-0.04,0.0,0.0,0.0,0.0,0.0,0.0
-0.02,0.0,0.0,0.0,0.0,0.0,0.0
0.0,0.0,0.0,0.0,-0.0,0.0,0.0
0.02,0.0,0.0,0.0,-0.0,0.0,0.0
0.04,0.035,0.035,0.0,-0.0,0.6,0.0
0.06,0.07,0.07,0.0,-0.0,0.6,0.0
0.08,0.105,0.105,0.0,-0.0,0.6,0.0
0.1,0.14,0.14,0.0,-0.0,0.6,0.0
0.12,0.175,0.175,0.0,-0.0,0.6,0.0
0.14,0.21,0.21,0.0,-0.0,0.6,0.0
0.16,0.245,0.245,0.0,-0.0,0.6,0.0
0.18,0.28,0.28,0.0,-0.0,0.6,0.0
0.2,0.315,0.315,0.0,-0.0,0.6,0.0
0.22,0.35,0.35,0.0,-0.0,0.6,0.0
0.24,0.452,0.452,-0.026,-0.002,0.6,0.0
0.26,0.454,0.454,-0.014,-0.0,0.6,0.0
0.28,0.401,0.401,0.023,-0.0,0.6,0.0
0.3,0.456,0.456,0.014,-0.0,0.6,0.0
0.32,0.514,0.514,0.004,-0.0,0.6,0.0
0.34,0.559,0.559,0.0,-0.0,0.6,0.0
0.36,0.596,0.596,-0.0,-0.0,0.6,0.0
0.38,0.564,0.564,0.026,0.002,0.6,0.0
0.4,0.564,0.564,0.041,0.002,0.6,0.0
0.42,0.586,0.586,0.044,0.003,0.6,0.0
0.44,0.553,0.553,0.071,0.005,0.6,0.0
0.46,0.484,0.484,0.111,0.009,0.6,0.0
0.48,0.472,0.472,0.129,0.01,0.6,0.0
0.5,0.489,0.489,0.133,0.014,0.6,0.0
0.52,0.453,0.453,0.159,0.017,0.6,0.0
0.54,0.38,0.38,0.198,0.023,0.6,0.0
0.56,0.296,0.296,0.242,0.028,0.6,0.0
0.58,0.274,0.274,0.26,0.033,0.6,0.0
0.6,0.286,0.286,0.264,0.038,0.6,0.0
0.62,0.241,0.241,0.289,0.045,0.6,0.0
0.64,0.162,0.162,0.329,0.052,0.6,0.0
0.66,0.202,0.202,0.32,0.058,0.6,0.0
0.68,0.241,0.241,0.31,0.065,0.6,0.0
0.7,0.203,0.203,0.332,0.072,0.6,0.0
0.72,0.185,0.185,0.346,0.079,0.6,0.0
0.74,0.189,0.189,0.35,0.086,0.6,0.0
0.76,0.268,0.268,0.323,0.091,0.6,0.0
0.78,0.315,0.315,0.309,0.098,0.6,0.0
0.8,0.342,0.342,0.305,0.103,0.6,0.0
0.82,0.421,0.421,0.278,0.108,0.6,0.0
0.84,0.47,0.47,0.264,0.113,0.6,0.0
0.86,0.561,0.561,0.234,0.117,0.6,0.0
0.88,0.61,0.61,0.22,0.122,0.6,0.0
0.9,0.637,0.637,0.217,0.126,0.6,0.0
0.92,0.718,0.718,0.191,0.129,0.6,0.0
0.94,0.77,0.77,0.177,0.133,0.6,0.0
0.96,0.864,0.864,0.147,0.134,0.6,0.0
0.98,0.916,0.916,0.133,0.138,0.6,0.0
1.0,0.947,0.947,0.13,0.14,0.6,0.0
1.02,0.965,0.965,0.13,0.143,0.6,0.0
1.04,0.919,0.919,0.157,0.147,0.6,0.0
1.06,0.969,0.969,0.145,0.148,0.6,0.0
1.08,0.944,0.944,0.161,0.154,0.6,0.0
1.1,0.875,0.875,0.198,0.157,0.6,0.0
1.12,0.913,0.913,0.189,0.161,0.6,0.0
1.14,0.887,0.887,0.205,0.166,0.6,0.0
1.16,0.88,0.88,0.215,0.169,0.6,0.0
1.18,0.885,0.885,0.219,0.175,0.6,0.0
1.2,0.767,0.767,0.272,0.182,0.6,0.0
1.22,0.712,0.712,0.3,0.187,0.6,0.0
1.24,0.701,0.701,0.307,0.194,0.6,0.0
1.26,0.645,0.645,0.334,0.201,0.6,0.0
1.28,0.62,0.62,0.347,0.208,0.6,0.0
1.3,0.618,0.618,0.35,0.215,0.6,0.0
1.32,0.624,0.624,0.35,0.222,0.6,0.0
1.34,0.63,0.63,0.349,0.229,0.6,0.0
1.36,0.636,0.636,0.349,0.236,0.6,0.0
1.38,0.64,0.64,0.349,0.243,0.6,0.0
1.4,0.711,0.711,0.323,0.248,0.6,0.0
1.42,0.748,0.748,0.308,0.255,0.6,0.0
1.44,0.765,0.765,0.305,0.26,0.6,0.0
1.46,0.835,0.835,0.278,0.265,0.6,0.0
1.48,0.874,0.874,0.264,0.271,0.6,0.0
1.5,0.889,0.889,0.261,0.276,0.6,0.0
1.52,0.962,0.962,0.235,0.279,0.6,0.0
1.54,1.067,1.067,0.194,0.283,0.6,0.0
1.56,1.12,1.12,0.177,0.286,0.6,0.0
1.58,1.139,1.139,0.173,0.29,0.6,0.0
1.6,1.147,1.147,0.173,0.293,0.6,0.0
1.62,1.155,1.155,0.174,0.297,0.6,0.0
1.64,1.23,1.23,0.148,0.298,0.6,0.0
1.66,1.272,1.272,0.134,0.302,0.6,0.0
1.68,1.295,1.295,0.13,0.304,0.6,0.0
1.7,1.304,1.304,0.13,0.307,0.6,0.0
1.72,1.248,1.248,0.157,0.311,0.6,0.0
1.74,1.222,1.222,0.171,0.314,0.6,0.0
1.76,1.221,1.221,0.175,0.318,0.6,0.0
1.78,1.229,1.229,0.175,0.321,0.6,0.0
1.8,1.171,1.171,0.201,0.326,0.6,0.0
1.82,1.145,1.145,0.215,0.33,0.6,0.0
1.84,1.139,1.139,0.219,0.335,0.6,0.0
1.86,1.079,1.079,0.245,0.34,0.6,0.0
1.88,1.049,1.049,0.259,0.346,0.6,0.0
1.9,1.043,1.043,0.263,0.351,0.6,0.0
1.92,1.045,1.045,0.263,0.356,0.6,0.0
1.94,1.047,1.047,0.262,0.361,0.6,0.0
1.96,0.982,0.982,0.288,0.368,0.6,0.0
1.98,0.95,0.95,0.302,0.374,0.6,0.0
2.0,1.004,1.004,0.28,0.379,0.6,0.0
2.02,1.037,1.037,0.266,0.384,0.6,0.0
2.04,1.115,1.115,0.235,0.387,0.6,0.0
2.06,1.149,1.149,0.22,0.393,0.6,0.0
2.08,1.16,1.16,0.217,0.396,0.6,0.0
2.1,1.226,1.226,0.191,0.4,0.6,0.0
2.12,1.262,1.262,0.177,0.403,0.6,0.0
2.14,1.273,1.273,0.174,0.407,0.6,0.0
2.16,1.276,1.276,0.174,0.41,0.6,0.0
2.18,1.344,1.344,0.148,0.412,0.6,0.0
2.2,1.447,1.447,0.107,0.414,0.6,0.0
2.22,1.496,1.496,0.089,0.415,0.6,0.0
2.24,1.445,1.445,0.112,0.419,0.6,0.0
2.26,1.416,1.416,0.127,0.421,0.6,0.0
2.28,1.474,1.474,0.105,0.422,0.6,0.0
2.3,1.513,1.513,0.091,0.424,0.6,0.0
2.32,1.529,1.529,0.087,0.426,0.6,0.0
2.34,1.469,1.469,0.113,0.429,0.6,0.0
2.36,1.44,1.44,0.128,0.431,0.6,0.0
2.38,1.431,1.431,0.132,0.435,0.6,0.0
2.4,1.369,1.369,0.158,0.438,0.6,0.0
2.42,1.338,1.338,0.172,0.442,0.6,0.0
2.44,1.33,1.33,0.175,0.445,0.6,0.0
2.46,1.331,1.331,0.175,0.449,0.6,0.0
2.48,1.332,1.332,0.175,0.452,0.6,0.0
2.5,1.333,1.333,0.175,0.456,0.6,0.0
2.52,1.266,1.266,0.201,0.461,0.6,0.0
2.54,1.232,1.232,0.215,0.464,0.6,0.0
2.56,1.285,1.285,0.193,0.468,0.6,0.0
2.58,1.318,1.318,0.178,0.471,0.6,0.0
2.6,1.327,1.327,0.174,0.475,0.6,0.0
2.62,1.327,1.327,0.174,0.478,0.6,0.0
2.64,1.325,1.325,0.174,0.482,0.6,0.0
2.66,1.389,1.389,0.148,0.483,0.6,0.0
2.68,1.488,1.488,0.108,0.485,0.6,0.0
2.7,1.467,1.467,0.116,0.489,0.6,0.0
2.72,1.444,1.444,0.126,0.49,0.6,0.0
2.74,1.499,1.499,0.104,0.492,0.6,0.0
2.76,1.533,1.533,0.091,0.494,0.6,0.0
2.78,1.611,1.611,0.06,0.494,0.6,0.0
2.8,1.647,1.647,0.046,0.496,0.6,0.0
2.82,1.595,1.595,0.069,0.497,0.6,0.0
2.84,1.562,1.562,0.083,0.499,0.6,0.0
2.86,1.62,1.62,0.061,0.499,0.6,0.0
2.88,1.655,1.655,0.047,0.501,0.6,0.0
2.9,1.604,1.604,0.07,0.503,0.6,0.0
2.92,1.572,1.572,0.083,0.504,0.6,0.0
2.94,1.563,1.563,0.088,0.506,0.6,0.0
2.96,1.497,1.497,0.114,0.51,0.6,0.0
2.98,1.465,1.465,0.128,0.511,0.6,0.0
3.0,1.52,1.52,0.105,0.513,0.6,0.0
3.02,1.488,1.488,0.118,0.517,0.6,0.0
3.04,1.465,1.465,0.127,0.518,0.6,0.0
3.06,1.52,1.52,0.105,0.52,0.6,0.0
3.08,1.486,1.486,0.117,0.524,0.6,0.0
3.1,1.462,1.462,0.127,0.525,0.6,0.0
3.12,1.517,1.517,0.105,0.527,0.6,0.0
3.14,1.549,1.549,0.091,0.529,0.6,0.0
3.16,1.559,1.559,0.087,0.531,0.6,0.0
3.18,1.559,1.559,0.086,0.532,0.6,0.0
3.2,1.558,1.558,0.087,0.534,0.6,0.0
3.22,1.557,1.557,0.087,0.536,0.6,0.0
3.24,1.556,1.556,0.087,0.538,0.6,0.0
3.26,1.622,1.622,0.061,0.538,0.6,0.0
3.28,1.656,1.656,0.047,0.539,0.6,0.0
3.3,1.601,1.601,0.069,0.541,0.6,0.0
3.32,1.634,1.634,0.057,0.541,0.6,0.0
3.34,1.656,1.656,0.047,0.543,0.6,0.0
3.36,1.668,1.668,0.044,0.543,0.6,0.0
3.38,1.668,1.668,0.043,0.545,0.6,0.0
3.4,1.671,1.671,0.043,0.545,0.6,0.0
3.42,1.67,1.67,0.044,0.546,0.6,0.0
3.44,1.606,1.606,0.07,0.548,0.6,0.0
3.46,1.638,1.638,0.058,0.548,0.6,0.0
3.48,1.661,1.661,0.048,0.55,0.6,0.0
3.5,1.606,1.606,0.07,0.552,0.6,0.0
3.52,1.572,1.572,0.084,0.553,0.6,0.0
3.54,1.628,1.628,0.061,0.553,0.6,0.0
3.56,1.659,1.659,0.047,0.555,0.6,0.0
3.58,1.605,1.605,0.07,0.557,0.6,0.0
3.6,1.571,1.571,0.083,0.559,0.6,0.0
3.62,1.626,1.626,0.061,0.559,0.6,0.0
3.64,1.657,1.657,0.047,0.56,0.6,0.0
3.66,1.602,1.602,0.07,0.562,0.6,0.0
3.68,1.567,1.567,0.083,0.564,0.6,0.0
3.7,1.622,1.622,0.061,0.564,0.6,0.0
3.72,1.653,1.653,0.047,0.565,0.6,0.0
3.74,1.665,1.665,0.043,0.565,0.6,0.0
3.76,1.663,1.663,0.043,0.567,0.6,0.0
3.78,1.664,1.664,0.043,0.567,0.6,0.0
3.8,1.661,1.661,0.044,0.569,0.6,0.0
3.82,1.663,1.663,0.044,0.569,0.6,0.0
3.84,1.727,1.727,0.017,0.569,0.6,0.0
3.86,1.696,1.696,0.029,0.571,0.6,0.0
3.88,1.673,1.673,0.04,0.571,0.6,0.0
3.9,1.729,1.729,0.017,0.571,0.6,0.0
3.92,1.696,1.696,0.03,0.572,0.6,0.0
3.94,1.673,1.673,0.04,0.572,0.6,0.0
3.96,1.729,1.729,0.017,0.572,0.6,0.0
3.98,1.696,1.696,0.03,0.574,0.6,0.0
4.0,1.674,1.674,0.04,0.574,0.6,0.0
4.02,1.662,1.662,0.044,0.576,0.6,0.0
4.04,1.663,1.663,0.044,0.576,0.6,0.0
4.06,1.66,1.66,0.044,0.578,0.6,0.0
4.08,1.662,1.662,0.044,0.578,0.6,0.0
4.1,1.659,1.659,0.044,0.579,0.6,0.0
4.12,1.661,1.661,0.044,0.579,0.6,0.0
4.14,1.725,1.725,0.017,0.579,0.6,0.0
4.16,1.693,1.693,0.029,0.581,0.6,0.0
4.18,1.669,1.669,0.04,0.581,0.6,0.0
4.2,1.657,1.657,0.044,0.583,0.6,0.0
4.22,1.656,1.656,0.044,0.583,0.6,0.0
4.24,1.721,1.721,0.018,0.583,0.6,0.0
4.26,1.689,1.689,0.03,0.585,0.6,0.0
4.28,1.666,1.666,0.04,0.585,0.6,0.0
4.3,1.72,1.72,0.017,0.585,0.6,0.0
4.32,1.686,1.686,0.03,0.586,0.6,0.0
4.34,1.663,1.663,0.04,0.586,0.6,0.0
4.36,1.718,1.718,0.017,0.586,0.6,0.0
4.38,1.752,1.752,0.004,0.586,0.6,0.0
4.4,1.762,1.762,-0.001,0.586,0.6,0.0
4.42,1.696,1.696,0.026,0.588,0.6,0.0
4.44,1.662,1.662,0.04,0.588,0.6,0.0
4.46,1.716,1.716,0.018,0.588,0.6,0.0
4.48,1.683,1.683,0.03,0.59,0.6,0.0
4.5,1.66,1.66,0.04,0.59,0.6,0.0
4.52,1.715,1.715,0.017,0.59,0.6,0.0
4.54,1.748,1.748,0.004,0.59,0.6,0.0
4.56,1.759,1.759,-0.001,0.59,0.6,0.0
4.58,1.693,1.693,0.026,0.592,0.6,0.0
4.6,1.659,1.659,0.04,0.592,0.6,0.0
4.62,1.712,1.712,0.018,0.592,0.6,0.0
4.64,1.746,1.746,0.004,0.592,0.6,0.0
4.66,1.69,1.69,0.026,0.593,0.6,0.0
4.68,1.657,1.657,0.04,0.593,0.6,0.0
4.7,1.71,1.71,0.018,0.593,0.6,0.0
4.72,1.744,1.744,0.004,0.593,0.6,0.0
4.74,1.754,1.754,-0.0,0.593,0.6,0.0
4.76,1.688,1.688,0.026,0.595,0.6,0.0
4.78,1.654,1.654,0.04,0.595,0.6,0.0
4.8,1.707,1.707,0.018,0.595,0.6,0.0
4.82,1.741,1.741,0.004,0.595,0.6,0.0
4.84,1.751,1.751,-0.0,0.595,0.6,0.0
4.86,1.753,1.753,-0.001,0.595,0.6,0.0
4.88,1.752,1.752,-0.0,0.595,0.6,0.0
4.9,1.684,1.684,0.026,0.597,0.6,0.0
4.92,1.651,1.651,0.041,0.597,0.6,0.0
4.94,1.704,1.704,0.018,0.597,0.6,0.0
4.96,1.738,1.738,0.004,0.597,0.6,0.0
4.98,1.749,1.749,-0.0,0.597,0.6,0.0
5.0,1.75,1.75,-0.001,0.597,0.6,0.0
5.02,1.749,1.749,-0.0,0.597,0.6,0.0
5.04,1.748,1.748,-0.0,0.597,0.6,0.0
5.06,1.748,1.748,0.0,0.597,0.6,0.0
5.08,1.749,1.749,0.0,0.597,0.6,0.0
5.1,1.682,1.682,0.026,0.599,0.6,0.0
5.12,1.648,1.648,0.041,0.599,0.6,0.0
5.14,1.702,1.702,0.018,0.599,0.6,0.0
5.16,1.735,1.735,0.004,0.599,0.6,0.0
5.18,1.746,1.746,-0.0,0.599,0.6,0.0
5.2,1.68,1.68,0.026,0.6,0.6,0.0
5.22,1.645,1.645,0.04,0.6,0.6,0.0
5.24,1.698,1.698,0.018,0.6,0.6,0.0
5.26,1.731,1.731,0.004,0.6,0.6,0.0
5.28,1.742,1.742,-0.0,0.6,0.6,0.0
5.3,1.742,1.742,-0.001,0.6,0.6,0.0
5.32,1.741,1.741,-0.0,0.6,0.6,0.0
5.34,1.741,1.741,-0.0,0.6,0.6,0.0
5.36,1.74,1.74,0.0,0.6,0.6,0.0
5.38,1.74,1.74,0.0,0.6,0.6,0.0
5.4,1.74,1.74,0.0,0.6,0.6,0.0
5.42,1.74,1.74,0.0,0.6,0.6,0.0
5.44,1.74,1.74,0.0,0.6,0.6,0.0
5.46,1.74,1.74,0.0,0.6,0.6,0.0
5.48,1.74,1.74,0.0,0.6,0.6,0.0
5.5,1.807,1.807,-0.026,0.599,0.6,0.0
5.52,1.841,1.841,-0.041,0.599,0.6,0.0
5.54,1.788,1.788,-0.018,0.599,0.6,0.0
5.56,1.754,1.754,-0.004,0.599,0.6,0.0
5.58,1.744,1.744,0.0,0.599,0.6,0.0
5.6,1.743,1.743,0.001,0.599,0.6,0.0
5.62,1.744,1.744,0.0,0.599,0.6,0.0
5.64,1.678,1.678,0.026,0.6,0.6,0.0
5.66,1.644,1.644,0.041,0.6,0.6,0.0
5.68,1.698,1.698,0.018,0.6,0.6,0.0
5.7,1.731,1.731,0.004,0.6,0.6,0.0
5.72,1.742,1.742,-0.0,0.6,0.6,0.0
5.74,1.676,1.676,0.026,0.602,0.6,0.0
5.76,1.641,1.641,0.04,0.602,0.6,0.0
5.78,1.694,1.694,0.018,0.602,0.6,0.0
5.8,1.727,1.727,0.004,0.602,0.6,0.0
5.82,1.737,1.737,-0.0,0.602,0.6,0.0
5.84,1.738,1.738,-0.001,0.602,0.6,0.0
5.86,1.737,1.737,-0.0,0.602,0.6,0.0
5.88,1.736,1.736,-0.0,0.602,0.6,0.0
5.9,1.735,1.735,0.0,0.602,0.6,0.0
5.92,1.735,1.735,0.0,0.602,0.6,0.0
5.94,1.802,1.802,-0.026,0.6,0.6,0.0
5.96,1.836,1.836,-0.041,0.6,0.6,0.0
5.98,1.782,1.782,-0.018,0.6,0.6,0.0
6.0,1.749,1.749,-0.004,0.6,0.6,0.0
6.02,1.738,1.738,0.0,0.6,0.6,0.0
6.04,1.737,1.737,0.001,0.6,0.6,0.0
6.06,1.738,1.738,0.0,0.6,0.6,0.0
6.08,1.739,1.739,0.0,0.6,0.6,0.0
6.1,1.739,1.739,-0.0,0.6,0.6,0.0
6.12,1.739,1.739,-0.0,0.6,0.6,0.0
6.14,1.739,1.739,-0.0,0.6,0.6,0.0
6.16,1.672,1.672,0.026,0.602,0.6,0.0
6.18,1.638,1.638,0.041,0.602,0.6,0.0
6.2,1.692,1.692,0.018,0.602,0.6,0.0
6.22,1.725,1.725,0.004,0.602,0.6,0.0
6.24,1.736,1.736,-0.0,0.602,0.6,0.0
6.26,1.736,1.736,-0.001,0.602,0.6,0.0
6.28,1.735,1.735,-0.0,0.602,0.6,0.0
6.3,1.734,1.734,-0.0,0.602,0.6,0.0
6.32,1.734,1.734,0.0,0.602,0.6,0.0
6.34,1.734,1.734,0.0,0.602,0.6,0.0
6.36,1.734,1.734,0.0,0.602,0.6,0.0
6.38,1.734,1.734,0.0,0.602,0.6,0.0
6.4,1.733,1.733,0.0,0.602,0.6,0.0
6.42,1.733,1.733,0.0,0.602,0.6,0.0
6.44,1.733,1.733,0.0,0.602,0.6,0.0
6.46,1.733,1.733,0.0,0.602,0.6,0.0
6.48,1.733,1.733,0.0,0.602,0.6,0.0
6.5,1.733,1.733,0.0,0.602,0.6,0.0
6.52,1.8,1.8,-0.026,0.6,0.6,0.0
6.54,1.833,1.833,-0.041,0.6,0.6,0.0
6.56,1.78,1.78,-0.018,0.6,0.6,0.0
6.58,1.746,1.746,-0.004,0.6,0.6,0.0
6.6,1.736,1.736,0.0,0.6,0.6,0.0
6.62,1.735,1.735,0.001,0.6,0.6,0.0
6.64,1.736,1.736,0.0,0.6,0.6,0.0
6.66,1.67,1.67,0.026,0.602,0.6,0.0
6.68,1.636,1.636,0.041,0.602,0.6,0.0
6.7,1.689,1.689,0.018,0.602,0.6,0.0
6.72,1.723,1.723,0.004,0.602,0.6,0.0
6.74,1.666,1.666,0.026,0.604,0.6,0.0
6.76,1.633,1.633,0.04,0.604,0.6,0.0
6.78,1.685,1.685,0.018,0.604,0.6,0.0
6.8,1.718,1.718,0.004,0.604,0.6,0.0
6.82,1.728,1.728,-0.0,0.604,0.6,0.0
6.84,1.729,1.729,-0.001,0.604,0.6,0.0
6.86,1.727,1.727,-0.0,0.604,0.6,0.0
6.88,1.793,1.793,-0.026,0.602,0.6,0.0
6.9,1.827,1.827,-0.041,0.602,0.6,0.0
6.92,1.773,1.773,-0.018,0.602,0.6,0.0
6.94,1.739,1.739,-0.004,0.602,0.6,0.0
6.96,1.729,1.729,0.0,0.602,0.6,0.0
6.98,1.728,1.728,0.001,0.602,0.6,0.0
7.0,1.729,1.729,0.0,0.602,0.6,0.0
7.02,1.729,1.729,0.0,0.602,0.6,0.0
7.04,1.73,1.73,-0.0,0.602,0.6,0.0
7.06,1.729,1.729,-0.0,0.602,0.6,0.0
7.08,1.729,1.729,-0.0,0.602,0.6,0.0
7.1,1.729,1.729,-0.0,0.602,0.6,0.0
7.12,1.729,1.729,0.0,0.602,0.6,0.0
7.14,1.729,1.729,0.0,0.602,0.6,0.0
7.16,1.729,1.729,0.0,0.602,0.6,0.0
7.18,1.729,1.729,0.0,0.602,0.6,0.0
7.2,1.729,1.729,0.0,0.602,0.6,0.0
7.22,1.728,1.728,0.0,0.602,0.6,0.0
7.24,1.728,1.728,0.0,0.602,0.6,0.0
7.26,1.728,1.728,0.0,0.602,0.6,0.0
7.28,1.795,1.795,-0.026,0.6,0.6,0.0
7.3,1.762,1.762,-0.014,0.602,0.6,0.0
7.32,1.674,1.674,0.023,0.602,0.6,0.0
7.34,1.694,1.694,0.014,0.602,0.6,0.0
7.36,1.717,1.717,0.004,0.602,0.6,0.0
7.38,1.727,1.727,0.0,0.602,0.6,0.0
7.4,1.728,1.728,-0.0,0.602,0.6,0.0
7.42,1.728,1.728,-0.0,0.602,0.6,0.0
7.44,1.727,1.727,-0.0,0.602,0.6,0.0
7.46,1.727,1.727,-0.0,0.602,0.6,0.0
7.48,1.727,1.727,0.0,0.602,0.6,0.0
7.5,1.727,1.727,0.0,0.602,0.6,0.0
7.52,1.727,1.727,0.0,0.602,0.6,0.0
7.54,1.726,1.726,0.0,0.602,0.6,0.0
7.56,1.726,1.726,0.0,0.602,0.6,0.0
7.58,1.726,1.726,0.0,0.602,0.6,0.0
7.6,1.726,1.726,0.0,0.602,0.6,0.0
7.62,1.726,1.726,0.0,0.602,0.6,0.0
7.64,1.726,1.726,0.0,0.602,0.6,0.0
7.66,1.726,1.726,0.0,0.602,0.6,0.0
7.68,1.726,1.726,0.0,0.602,0.6,0.0
7.7,1.725,1.725,0.0,0.602,0.6,0.0
7.72,1.725,1.725,0.0,0.602,0.6,0.0
7.74,1.725,1.725,0.0,0.602,0.6,0.0
7.76,1.725,1.725,0.0,0.602,0.6,0.0
7.78,1.725,1.725,0.0,0.602,0.6,0.0
7.8,1.725,1.725,0.0,0.602,0.6,0.0
7.82,1.725,1.725,0.0,0.602,0.6,0.0
7.84,1.725,1.725,0.0,0.602,0.6,0.0
7.86,1.724,1.724,0.0,0.602,0.6,0.0
7.88,1.724,1.724,0.0,0.602,0.6,0.0
7.9,1.657,1.657,0.026,0.604,0.6,0.0
7.92,1.623,1.623,0.041,0.604,0.6,0.0
7.94,1.677,1.677,0.018,0.604,0.6,0.0
7.96,1.71,1.71,0.004,0.604,0.6,0.0
7.98,1.72,1.72,-0.0,0.604,0.6,0.0
8.0,1.788,1.788,-0.027,0.602,0.6,0.0
8.02,1.82,1.82,-0.041,0.602,0.6,0.0
8.04,1.766,1.766,-0.018,0.602,0.6,0.0
8.06,1.732,1.732,-0.004,0.602,0.6,0.0
8.08,1.721,1.721,0.0,0.602,0.6,0.0
8.1,1.721,1.721,0.001,0.602,0.6,0.0
8.12,1.721,1.721,0.0,0.602,0.6,0.0
8.14,1.722,1.722,0.0,0.602,0.6,0.0
8.16,1.722,1.722,-0.0,0.602,0.6,0.0
8.18,1.722,1.722,-0.0,0.602,0.6,0.0
8.2,1.722,1.722,-0.0,0.602,0.6,0.0
8.22,1.722,1.722,-0.0,0.602,0.6,0.0
8.24,1.722,1.722,0.0,0.602,0.6,0.0
8.26,1.721,1.721,0.0,0.602,0.6,0.0
8.28,1.721,1.721,0.0,0.602,0.6,0.0
8.3,1.721,1.721,0.0,0.602,0.6,0.0
8.32,1.654,1.654,0.026,0.604,0.6,0.0
8.34,1.62,1.62,0.041,0.604,0.6,0.0
8.36,1.673,1.673,0.018,0.604,0.6,0.0
8.38,1.707,1.707,0.004,0.604,0.6,0.0
8.4,1.717,1.717,-0.0,0.604,0.6,0.0
8.42,1.718,1.718,-0.001,0.604,0.6,0.0
8.44,1.783,1.783,-0.027,0.602,0.6,0.0
8.46,1.816,1.816,-0.041,0.602,0.6,0.0
8.48,1.762,1.762,-0.018,0.602,0.6,0.0
8.5,1.729,1.729,-0.004,0.602,0.6,0.0
8.52,1.718,1.718,0.0,0.602,0.6,0.0
8.54,1.717,1.717,0.001,0.602,0.6,0.0
8.56,1.718,1.718,0.0,0.602,0.6,0.0
8.58,1.719,1.719,0.0,0.602,0.6,0.0
8.6,1.719,1.719,-0.0,0.602,0.6,0.0
8.62,1.719,1.719,-0.0,0.602,0.6,0.0
8.64,1.719,1.719,-0.0,0.602,0.6,0.0
8.66,1.718,1.718,-0.0,0.602,0.6,0.0
8.68,1.651,1.651,0.026,0.604,0.6,0.0
8.7,1.617,1.617,0.041,0.604,0.6,0.0
8.72,1.671,1.671,0.018,0.604,0.6,0.0
8.74,1.704,1.704,0.004,0.604,0.6,0.0
8.76,1.714,1.714,-0.0,0.604,0.6,0.0
8.78,1.715,1.715,-0.001,0.604,0.6,0.0
8.8,1.714,1.714,-0.0,0.604,0.6,0.0
8.82,1.713,1.713,-0.0,0.604,0.6,0.0
8.84,1.712,1.712,0.0,0.604,0.6,0.0
8.86,1.779,1.779,-0.026,0.602,0.6,0.0
8.88,1.813,1.813,-0.041,0.602,0.6,0.0
8.9,1.759,1.759,-0.018,0.602,0.6,0.0
8.92,1.725,1.725,-0.004,0.602,0.6,0.0
8.94,1.715,1.715,0.0,0.602,0.6,0.0
8.96,1.714,1.714,0.001,0.602,0.6,0.0
8.98,1.715,1.715,0.0,0.602,0.6,0.0
9.0,1.715,1.715,0.0,0.602,0.6,0.0
9.02,1.715,1.715,-0.0,0.602,0.6,0.0
9.04,1.715,1.715,-0.0,0.602,0.6,0.0
9.06,1.715,1.715,-0.0,0.602,0.6,0.0
9.08,1.715,1.715,-0.0,0.602,0.6,0.0
9.1,1.715,1.715,0.0,0.602,0.6,0.0
9.12,1.715,1.715,0.0,0.602,0.6,0.0
9.14,1.714,1.714,0.0,0.602,0.6,0.0
9.16,1.714,1.714,0.0,0.602,0.6,0.0
9.18,1.647,1.647,0.026,0.604,0.6,0.0
9.2,1.613,1.613,0.041,0.604,0.6,0.0
9.22,1.667,1.667,0.018,0.604,0.6,0.0
9.24,1.7,1.7,0.004,0.604,0.6,0.0
9.26,1.71,1.71,-0.0,0.604,0.6,0.0
9.28,1.711,1.711,-0.001,0.604,0.6,0.0
9.3,1.709,1.709,-0.0,0.604,0.6,0.0
9.32,1.776,1.776,-0.026,0.602,0.6,0.0
9.34,1.809,1.809,-0.041,0.602,0.6,0.0
9.36,1.755,1.755,-0.018,0.602,0.6,0.0
9.38,1.722,1.722,-0.004,0.602,0.6,0.0
9.4,1.778,1.778,-0.026,0.6,0.6,0.0
9.42,1.811,1.811,-0.04,0.6,0.6,0.0
9.44,1.758,1.758,-0.018,0.6,0.6,0.0
9.46,1.725,1.725,-0.004,0.6,0.6,0.0
9.48,1.715,1.715,0.0,0.6,0.6,0.0
9.5,1.714,1.714,0.001,0.6,0.6,0.0
9.52,1.715,1.715,0.0,0.6,0.6,0.0
9.54,1.716,1.716,0.0,0.6,0.6,0.0
9.56,1.716,1.716,-0.0,0.6,0.6,0.0
9.58,1.716,1.716,-0.0,0.6,0.6,0.0
9.6,1.716,1.716,-0.0,0.6,0.6,0.0
9.62,1.649,1.649,0.026,0.602,0.6,0.0
9.64,1.615,1.615,0.041,0.602,0.6,0.0
9.66,1.669,1.669,0.018,0.602,0.6,0.0
9.68,1.702,1.702,0.004,0.602,0.6,0.0
9.7,1.713,1.713,-0.0,0.602,0.6,0.0
9.72,1.713,1.713,-0.001,0.602,0.6,0.0
9.74,1.645,1.645,0.026,0.604,0.6,0.0
9.76,1.61,1.61,0.041,0.604,0.6,0.0
9.78,1.73,1.73,-0.008,0.602,0.6,0.0
9.8,1.798,1.798,-0.037,0.602,0.6,0.0
9.82,1.754,1.754,-0.019,0.602,0.6,0.0
9.84,1.722,1.722,-0.005,0.602,0.6,0.0
9.86,1.71,1.71,0.0,0.602,0.6,0.0
9.88,1.708,1.708,0.001,0.602,0.6,0.0
9.9,1.776,1.776,-0.026,0.6,0.6,0.0
9.92,1.81,1.81,-0.04,0.6,0.6,0.0
9.94,1.757,1.757,-0.018,0.6,0.6,0.0
9.96,1.723,1.723,-0.004,0.6,0.6,0.0
9.98,1.78,1.78,-0.026,0.599,0.6,0.0
10.0,1.813,1.813,-0.04,0.599,0.6,0.0
10.02,1.761,1.761,-0.018,0.599,0.6,0.0
10.04,1.928,1.728,-0.004,0.599,0.6,0.2
10.06,1.851,1.651,0.027,0.6,0.6,0.2
10.08,1.816,1.616,0.041,0.6,0.6,0.2
10.1,1.871,1.671,0.018,0.6,0.6,0.2
10.12,1.838,1.638,0.03,0.602,0.6,0.2
10.14,1.748,1.548,0.067,0.604,0.6,0.2
10.16,1.768,1.568,0.058,0.604,0.6,0.2
10.18,1.787,1.587,0.048,0.606,0.6,0.2
10.2,1.729,1.529,0.07,0.607,0.6,0.2
10.22,1.693,1.493,0.084,0.609,0.6,0.2
10.24,1.678,1.478,0.088,0.611,0.6,0.2
10.26,1.606,1.406,0.114,0.614,0.6,0.2
10.28,1.568,1.368,0.128,0.616,0.6,0.2
10.3,1.617,1.417,0.105,0.618,0.6,0.2
10.32,1.646,1.446,0.091,0.62,0.6,0.2
10.34,1.718,1.518,0.06,0.62,0.6,0.2
10.36,1.747,1.547,0.046,0.621,0.6,0.2
10.38,1.687,1.487,0.069,0.623,0.6,0.2
10.4,1.714,1.514,0.057,0.623,0.6,0.2
10.42,1.798,1.598,0.021,0.623,0.6,0.2
10.44,1.839,1.639,0.003,0.623,0.6,0.2
10.46,1.848,1.648,-0.001,0.623,0.6,0.2
10.48,1.846,1.646,-0.001,0.623,0.6,0.2
10.5,1.843,1.643,-0.0,0.623,0.6,0.2
10.52,1.841,1.641,-0.0,0.623,0.6,0.2
10.54,1.839,1.639,0.0,0.623,0.6,0.2
10.56,1.838,1.638,0.0,0.623,0.6,0.2
10.58,1.837,1.637,0.0,0.623,0.6,0.2
10.6,1.835,1.635,0.0,0.623,0.6,0.2
10.62,1.767,1.567,0.026,0.625,0.6,0.2
10.64,1.732,1.532,0.041,0.625,0.6,0.2
10.66,1.784,1.584,0.018,0.625,0.6,0.2
10.68,1.816,1.616,0.004,0.625,0.6,0.2
10.7,1.825,1.625,-0.0,0.625,0.6,0.2
10.72,1.758,1.558,0.026,0.627,0.6,0.2
10.74,1.721,1.521,0.04,0.627,0.6,0.2
10.76,1.773,1.573,0.018,0.627,0.6,0.2
10.78,1.804,1.604,0.004,0.627,0.6,0.2
10.8,1.746,1.546,0.026,0.628,0.6,0.2
10.82,1.712,1.512,0.04,0.628,0.6,0.2
10.84,1.763,1.563,0.018,0.628,0.6,0.2
10.86,1.794,1.594,0.004,0.628,0.6,0.2
10.88,1.802,1.602,-0.0,0.628,0.6,0.2
10.9,1.802,1.602,-0.001,0.628,0.6,0.2
10.92,1.799,1.599,-0.0,0.628,0.6,0.2
10.94,1.797,1.597,-0.0,0.628,0.6,0.2
10.96,1.862,1.662,-0.026,0.627,0.6,0.2
10.98,1.894,1.694,-0.041,0.627,0.6,0.2
11.0,1.839,1.639,-0.018,0.627,0.6,0.2
11.02,1.804,1.604,-0.004,0.627,0.6,0.2
11.04,1.792,1.592,0.0,0.627,0.6,0.2
11.06,1.789,1.589,0.001,0.627,0.6,0.2
11.08,1.789,1.589,0.0,0.627,0.6,0.2
11.1,1.788,1.588,0.0,0.627,0.6,0.2
11.12,1.787,1.587,-0.0,0.627,0.6,0.2
11.14,1.785,1.585,-0.0,0.627,0.6,0.2
11.16,1.784,1.584,-0.0,0.627,0.6,0.2
11.18,1.782,1.582,-0.0,0.627,0.6,0.2
11.2,1.78,1.58,0.0,0.627,0.6,0.2
11.22,1.779,1.579,0.0,0.627,0.6,0.2
11.24,1.777,1.577,0.0,0.627,0.6,0.2
11.26,1.776,1.576,0.0,0.627,0.6,0.2
11.28,1.774,1.574,0.0,0.627,0.6,0.2
11.3,1.773,1.573,0.0,0.627,0.6,0.2
11.32,1.771,1.571,0.0,0.627,0.6,0.2
11.34,1.77,1.57,0.0,0.627,0.6,0.2
11.36,1.768,1.568,0.0,0.627,0.6,0.2
11.38,1.766,1.566,0.0,0.627,0.6,0.2
11.4,1.765,1.565,0.0,0.627,0.6,0.2
11.42,1.763,1.563,0.0,0.627,0.6,0.2
11.44,1.762,1.562,0.0,0.627,0.6,0.2
11.46,1.76,1.56,0.0,0.627,0.6,0.2
11.48,1.826,1.626,-0.026,0.625,0.6,0.2
11.5,1.858,1.658,-0.041,0.625,0.6,0.2
11.52,1.803,1.603,-0.018,0.625,0.6,0.2
11.54,1.835,1.635,-0.03,0.623,0.6,0.2
11.56,1.857,1.657,-0.04,0.623,0.6,0.2
11.58,1.801,1.601,-0.017,0.623,0.6,0.2
11.6,1.767,1.567,-0.004,0.623,0.6,0.2
11.62,1.823,1.623,-0.026,0.621,0.6,0.2
11.64,1.855,1.655,-0.04,0.621,0.6,0.2
11.66,1.801,1.601,-0.018,0.621,0.6,0.2
11.68,1.767,1.567,-0.004,0.621,0.6,0.2
11.7,1.756,1.556,0.0,0.621,0.6,0.2
11.72,1.754,1.554,0.001,0.621,0.6,0.2
11.74,1.753,1.553,0.0,0.621,0.6,0.2
11.76,1.82,1.62,-0.026,0.62,0.6,0.2
11.78,1.853,1.653,-0.041,0.62,0.6,0.2
11.8,1.798,1.598,-0.018,0.62,0.6,0.2
11.82,1.763,1.563,-0.004,0.62,0.6,0.2
11.84,1.752,1.552,0.0,0.62,0.6,0.2
11.86,1.75,1.55,0.001,0.62,0.6,0.2
11.88,1.75,1.55,0.0,0.62,0.6,0.2
11.9,1.749,1.549,0.0,0.62,0.6,0.2
11.92,1.748,1.548,-0.0,0.62,0.6,0.2
11.94,1.68,1.48,0.026,0.621,0.6,0.2
11.96,1.645,1.445,0.041,0.621,0.6,0.2
11.98,1.697,1.497,0.018,0.621,0.6,0.2
12.0,1.73,1.53,0.004,0.621,0.6,0.2
12.02,1.806,1.606,-0.027,0.62,0.6,0.2
12.04,1.839,1.639,-0.041,0.62,0.6,0.2
12.06,1.784,1.584,-0.018,0.62,0.6,0.2
12.08,1.748,1.548,-0.004,0.62,0.6,0.2
12.1,1.803,1.603,-0.026,0.618,0.6,0.2
12.12,1.835,1.635,-0.04,0.618,0.6,0.2
12.14,1.782,1.582,-0.018,0.618,0.6,0.2
12.16,1.815,1.615,-0.03,0.616,0.6,0.2
12.18,1.837,1.637,-0.04,0.616,0.6,0.2
12.2,1.782,1.582,-0.017,0.616,0.6,0.2
12.22,1.815,1.615,-0.03,0.614,0.6,0.2
12.24,1.839,1.639,-0.04,0.614,0.6,0.2
12.26,1.784,1.584,-0.017,0.614,0.6,0.2
12.28,1.75,1.55,-0.004,0.614,0.6,0.2
12.3,1.74,1.54,0.001,0.614,0.6,0.2
12.32,1.738,1.538,0.001,0.614,0.6,0.2
12.34,1.738,1.538,0.0,0.614,0.6,0.2
12.36,1.738,1.538,0.0,0.614,0.6,0.2
12.38,1.738,1.538,-0.0,0.614,0.6,0.2
12.4,1.737,1.537,-0.0,0.614,0.6,0.2
12.42,1.736,1.536,-0.0,0.614,0.6,0.2
12.44,1.735,1.535,-0.0,0.614,0.6,0.2
12.46,1.734,1.534,0.0,0.614,0.6,0.2
12.48,1.733,1.533,0.0,0.614,0.6,0.2
12.5,1.733,1.533,0.0,0.614,0.6,0.2
12.52,1.732,1.532,0.0,0.614,0.6,0.2
12.54,1.798,1.598,-0.026,0.613,0.6,0.2
12.56,1.831,1.631,-0.041,0.613,0.6,0.2
12.58,1.777,1.577,-0.018,0.613,0.6,0.2
12.6,1.809,1.609,-0.03,0.611,0.6,0.2
12.62,1.832,1.632,-0.04,0.611,0.6,0.2
12.64,1.777,1.577,-0.017,0.611,0.6,0.2
12.66,1.811,1.611,-0.03,0.609,0.6,0.2
12.68,1.834,1.634,-0.04,0.609,0.6,0.2
12.7,1.779,1.579,-0.017,0.609,0.6,0.2
12.72,1.746,1.546,-0.004,0.609,0.6,0.2
12.74,1.736,1.536,0.001,0.609,0.6,0.2
12.76,1.735,1.535,0.001,0.609,0.6,0.2
12.78,1.735,1.535,0.0,0.609,0.6,0.2
12.8,1.736,1.536,0.0,0.609,0.6,0.2
12.82,1.735,1.535,-0.0,0.609,0.6,0.2
12.84,1.735,1.535,-0.0,0.609,0.6,0.2
12.86,1.734,1.534,-0.0,0.609,0.6,0.2
12.88,1.734,1.534,-0.0,0.609,0.6,0.2
12.9,1.733,1.533,0.0,0.609,0.6,0.2
12.92,1.733,1.533,0.0,0.609,0.6,0.2
12.94,1.799,1.599,-0.026,0.607,0.6,0.2
12.96,1.832,1.632,-0.041,0.607,0.6,0.2
12.98,1.778,1.578,-0.018,0.607,0.6,0.2
13.0,1.744,1.544,-0.004,0.607,0.6,0.2
13.02,1.733,1.533,0.0,0.607,0.6,0.2
13.04,1.799,1.599,-0.026,0.606,0.6,0.2
13.06,1.834,1.634,-0.04,0.606,0.6,0.2
13.08,1.78,1.58,-0.018,0.606,0.6,0.2
13.1,1.747,1.547,-0.004,0.606,0.6,0.2
13.12,1.736,1.536,0.0,0.606,0.6,0.2
13.14,1.735,1.535,0.001,0.606,0.6,0.2
13.16,1.736,1.536,0.0,0.606,0.6,0.2
13.18,1.736,1.536,0.0,0.606,0.6,0.2
13.2,1.736,1.536,-0.0,0.606,0.6,0.2
13.22,1.735,1.535,-0.0,0.606,0.6,0.2
13.24,1.735,1.535,-0.0,0.606,0.6,0.2
13.26,1.735,1.535,-0.0,0.606,0.6,0.2
13.28,1.734,1.534,0.0,0.606,0.6,0.2
13.3,1.734,1.534,0.0,0.606,0.6,0.2
13.32,1.801,1.601,-0.026,0.604,0.6,0.2
13.34,1.834,1.634,-0.041,0.604,0.6,0.2
13.36,1.78,1.58,-0.018,0.604,0.6,0.2
13.38,1.747,1.547,-0.004,0.604,0.6,0.2
13.4,1.736,1.536,0.0,0.604,0.6,0.2
13.42,1.735,1.535,0.001,0.604,0.6,0.2
13.44,1.736,1.536,0.0,0.604,0.6,0.2
13.46,1.736,1.536,0.0,0.604,0.6,0.2
13.48,1.736,1.536,-0.0,0.604,0.6,0.2
13.5,1.736,1.536,-0.0,0.604,0.6,0.2
13.52,1.736,1.536,-0.0,0.604,0.6,0.2
13.54,1.803,1.603,-0.026,0.602,0.6,0.2
13.56,1.836,1.636,-0.041,0.602,0.6,0.2
13.58,1.782,1.582,-0.018,0.602,0.6,0.2
13.6,1.749,1.549,-0.004,0.602,0.6,0.2
13.62,1.738,1.538,0.0,0.602,0.6,0.2
13.64,1.737,1.537,0.001,0.602,0.6,0.2
13.66,1.738,1.538,0.0,0.602,0.6,0.2
13.68,1.739,1.539,0.0,0.602,0.6,0.2
13.7,1.739,1.539,-0.0,0.602,0.6,0.2
13.72,1.739,1.539,-0.0,0.602,0.6,0.2
13.74,1.739,1.539,-0.0,0.602,0.6,0.2
13.76,1.738,1.538,-0.0,0.602,0.6,0.2
13.78,1.738,1.538,0.0,0.602,0.6,0.2
13.8,1.738,1.538,0.0,0.602,0.6,0.2
13.82,1.738,1.538,0.0,0.602,0.6,0.2
13.84,1.738,1.538,0.0,0.602,0.6,0.2
13.86,1.738,1.538,0.0,0.602,0.6,0.2
13.88,1.805,1.605,-0.026,0.6,0.6,0.2
13.9,1.838,1.638,-0.041,0.6,0.6,0.2
13.92,1.785,1.585,-0.018,0.6,0.6,0.2
13.94,1.751,1.551,-0.004,0.6,0.6,0.2
13.96,1.741,1.541,0.0,0.6,0.6,0.2
13.98,1.74,1.54,0.001,0.6,0.6,0.2
14.0,1.741,1.541,0.0,0.6,0.6,0.2
14.02,1.742,1.542,0.0,0.6,0.6,0.2
14.04,1.742,1.542,-0.0,0.6,0.6,0.2
14.06,1.742,1.542,-0.0,0.6,0.6,0.2
14.08,1.742,1.542,-0.0,0.6,0.6,0.2
14.1,1.742,1.542,-0.0,0.6,0.6,0.2
14.12,1.675,1.475,0.026,0.602,0.6,0.2
14.14,1.641,1.441,0.041,0.602,0.6,0.2
14.16,1.694,1.494,0.018,0.602,0.6,0.2
14.18,1.795,1.595,-0.022,0.6,0.6,0.2
14.2,1.839,1.639,-0.041,0.6,0.6,0.2
14.22,1.786,1.586,-0.019,0.6,0.6,0.2
14.24,1.751,1.551,-0.004,0.6,0.6,0.2
14.26,1.74,1.54,0.0,0.6,0.6,0.2
14.28,1.739,1.539,0.001,0.6,0.6,0.2
14.3,1.74,1.54,0.0,0.6,0.6,0.2
14.32,1.741,1.541,0.0,0.6,0.6,0.2
14.34,1.808,1.608,-0.026,0.599,0.6,0.2
14.36,1.842,1.642,-0.041,0.599,0.6,0.2
14.38,1.788,1.588,-0.018,0.599,0.6,0.2
14.4,1.755,1.555,-0.004,0.599,0.6,0.2
14.42,1.745,1.545,0.0,0.599,0.6,0.2
14.44,1.677,1.477,0.027,0.6,0.6,0.2
14.46,1.644,1.444,0.041,0.6,0.6,0.2
14.48,1.698,1.498,0.018,0.6,0.6,0.2
14.5,1.732,1.532,0.004,0.6,0.6,0.2
14.52,1.743,1.543,-0.0,0.6,0.6,0.2
14.54,1.676,1.476,0.026,0.602,0.6,0.2
14.56,1.641,1.441,0.04,0.602,0.6,0.2
14.58,1.694,1.494,0.018,0.602,0.6,0.2
14.6,1.727,1.527,0.004,0.602,0.6,0.2
14.62,1.738,1.538,-0.0,0.602,0.6,0.2
14.64,1.738,1.538,-0.001,0.602,0.6,0.2
14.66,1.804,1.604,-0.027,0.6,0.6,0.2
14.68,1.837,1.637,-0.041,0.6,0.6,0.2
14.7,1.783,1.583,-0.018,0.6,0.6,0.2
14.72,1.75,1.55,-0.004,0.6,0.6,0.2
14.74,1.806,1.606,-0.026,0.599,0.6,0.2
14.76,1.839,1.639,-0.04,0.599,0.6,0.2
14.78,1.787,1.587,-0.018,0.599,0.6,0.2
14.8,1.754,1.554,-0.004,0.599,0.6,0.2
14.82,1.744,1.544,0.0,0.599,0.6,0.2
14.84,1.743,1.543,0.001,0.599,0.6,0.2
14.86,1.744,1.544,0.0,0.599,0.6,0.2
14.88,1.745,1.545,0.0,0.599,0.6,0.2
14.9,1.745,1.545,-0.0,0.599,0.6,0.2
14.92,1.746,1.546,-0.0,0.599,0.6,0.2
14.94,1.746,1.546,-0.0,0.599,0.6,0.2
14.96,1.746,1.546,-0.0,0.599,0.6,0.2
14.98,1.746,1.546,0.0,0.599,0.6,0.2
15.0,1.746,1.546,0.0,0.599,0.6,0.2
15.02,1.746,1.546,0.0,0.599,0.6,0.2
15.04,1.679,1.479,0.026,0.6,0.6,0.2
15.06,1.645,1.445,0.041,0.6,0.6,0.2
15.08,1.699,1.499,0.018,0.6,0.6,0.2
15.1,1.732,1.532,0.004,0.6,0.6,0.2
15.12,1.743,1.543,-0.0,0.6,0.6,0.2
15.14,1.744,1.544,-0.001,0.6,0.6,0.2
15.16,1.742,1.542,-0.0,0.6,0.6,0.2
15.18,1.742,1.542,-0.0,0.6,0.6,0.2
15.2,1.741,1.541,0.0,0.6,0.6,0.2
15.22,1.741,1.541,0.0,0.6,0.6,0.2
15.24,1.741,1.541,0.0,0.6,0.6,0.2
15.26,1.741,1.541,0.0,0.6,0.6,0.2
15.28,1.741,1.541,0.0,0.6,0.6,0.2
15.3,1.741,1.541,0.0,0.6,0.6,0.2
15.32,1.808,1.608,-0.026,0.599,0.6,0.2
15.34,1.842,1.642,-0.041,0.599,0.6,0.2
15.36,1.789,1.589,-0.018,0.599,0.6,0.2
15.38,1.822,1.622,-0.03,0.597,0.6,0.2
15.4,1.846,1.646,-0.04,0.597,0.6,0.2
15.42,1.791,1.591,-0.017,0.597,0.6,0.2
15.44,1.759,1.559,-0.004,0.597,0.6,0.2
15.46,1.749,1.549,0.001,0.597,0.6,0.2
15.48,1.749,1.549,0.001,0.597,0.6,0.2
15.5,1.683,1.483,0.027,0.599,0.6,0.2
15.52,1.65,1.45,0.041,0.599,0.6,0.2
15.54,1.704,1.504,0.018,0.599,0.6,0.2
15.56,1.671,1.471,0.03,0.6,0.6,0.2
15.58,1.648,1.448,0.04,0.6,0.6,0.2
15.6,1.702,1.502,0.017,0.6,0.6,0.2
15.62,1.734,1.534,0.004,0.6,0.6,0.2
15.64,1.744,1.544,-0.001,0.6,0.6,0.2
15.66,1.678,1.478,0.026,0.602,0.6,0.2
15.68,1.643,1.443,0.04,0.602,0.6,0.2
15.7,1.696,1.496,0.018,0.602,0.6,0.2
15.72,1.796,1.596,-0.022,0.6,0.6,0.2
15.74,1.84,1.64,-0.041,0.6,0.6,0.2
15.76,1.787,1.587,-0.019,0.6,0.6,0.2
15.78,1.753,1.553,-0.004,0.6,0.6,0.2
15.8,1.741,1.541,0.0,0.6,0.6,0.2
15.82,1.807,1.607,-0.026,0.599,0.6,0.2
15.84,1.842,1.642,-0.04,0.599,0.6,0.2
15.86,1.789,1.589,-0.018,0.599,0.6,0.2
15.88,1.756,1.556,-0.004,0.599,0.6,0.2
15.9,1.746,1.546,0.0,0.599,0.6,0.2
15.92,1.745,1.545,0.001,0.599,0.6,0.2
15.94,1.746,1.546,0.0,0.599,0.6,0.2
15.96,1.747,1.547,0.0,0.599,0.6,0.2
15.98,1.747,1.547,-0.0,0.599,0.6,0.2
16.0,1.747,1.547,-0.0,0.599,0.6,0.2
16.02,1.747,1.547,-0.0,0.599,0.6,0.2
16.04,1.747,1.547,-0.0,0.599,0.6,0.2
16.06,1.681,1.481,0.026,0.6,0.6,0.2
16.08,1.647,1.447,0.041,0.6,0.6,0.2
16.1,1.7,1.5,0.018,0.6,0.6,0.2
16.12,1.734,1.534,0.004,0.6,0.6,0.2
16.14,1.677,1.477,0.026,0.602,0.6,0.2
16.16,1.644,1.444,0.04,0.602,0.6,0.2
16.18,1.697,1.497,0.018,0.602,0.6,0.2
16.2,1.729,1.529,0.004,0.602,0.6,0.2
16.22,1.74,1.54,-0.0,0.602,0.6,0.2
16.24,1.74,1.54,-0.001,0.602,0.6,0.2
16.26,1.806,1.606,-0.027,0.6,0.6,0.2
16.28,1.839,1.639,-0.041,0.6,0.6,0.2
16.3,1.785,1.585,-0.018,0.6,0.6,0.2
16.32,1.819,1.619,-0.03,0.599,0.6,0.2
16.34,1.842,1.642,-0.04,0.599,0.6,0.2
16.36,1.788,1.588,-0.017,0.599,0.6,0.2
16.38,1.755,1.555,-0.004,0.599,0.6,0.2
16.4,1.746,1.546,0.001,0.599,0.6,0.2
16.42,1.745,1.545,0.001,0.599,0.6,0.2
16.44,1.746,1.546,0.0,0.599,0.6,0.2
16.46,1.747,1.547,0.0,0.599,0.6,0.2
16.48,1.747,1.547,-0.0,0.599,0.6,0.2
16.5,1.747,1.547,-0.0,0.599,0.6,0.2
16.52,1.747,1.547,-0.0,0.599,0.6,0.2
16.54,1.681,1.481,0.026,0.6,0.6,0.2
16.56,1.647,1.447,0.041,0.6,0.6,0.2
16.58,1.7,1.5,0.018,0.6,0.6,0.2
16.6,1.734,1.534,0.004,0.6,0.6,0.2
16.62,1.677,1.477,0.026,0.602,0.6,0.2
16.64,1.644,1.444,0.04,0.602,0.6,0.2
16.66,1.697,1.497,0.018,0.602,0.6,0.2
16.68,1.729,1.529,0.004,0.602,0.6,0.2
16.7,1.74,1.54,-0.0,0.602,0.6,0.2
16.72,1.74,1.54,-0.001,0.602,0.6,0.2
16.74,1.806,1.606,-0.027,0.6,0.6,0.2
16.76,1.839,1.639,-0.041,0.6,0.6,0.2
16.78,1.785,1.585,-0.018,0.6,0.6,0.2
16.8,1.819,1.619,-0.03,0.599,0.6,0.2
16.82,1.842,1.642,-0.04,0.599,0.6,0.2
16.84,1.788,1.588,-0.017,0.599,0.6,0.2
16.86,1.755,1.555,-0.004,0.599,0.6,0.2
16.88,1.746,1.546,0.001,0.599,0.6,0.2
16.9,1.745,1.545,0.001,0.599,0.6,0.2
16.92,1.746,1.546,0.0,0.599,0.6,0.2
16.94,1.747,1.547,0.0,0.599,0.6,0.2
16.96,1.747,1.547,-0.0,0.599,0.6,0.2
16.98,1.747,1.547,-0.0,0.599,0.6,0.2
17.0,1.747,1.547,-0.0,0.599,0.6,0.2
17.02,1.747,1.547,-0.0,0.599,0.6,0.2
17.04,1.681,1.481,0.026,0.6,0.6,0.2
17.06,1.647,1.447,0.041,0.6,0.6,0.2
17.08,1.7,1.5,0.018,0.6,0.6,0.2
17.1,1.734,1.534,0.004,0.6,0.6,0.2
17.12,1.677,1.477,0.026,0.602,0.6,0.2
17.14,1.644,1.444,0.04,0.602,0.6,0.2
17.16,1.697,1.497,0.018,0.602,0.6,0.2
17.18,1.729,1.529,0.004,0.602,0.6,0.2
17.2,1.74,1.54,-0.0,0.602,0.6,0.2
17.22,1.74,1.54,-0.001,0.602,0.6,0.2
17.24,1.739,1.539,-0.0,0.602,0.6,0.2
17.26,1.738,1.538,-0.0,0.602,0.6,0.2
17.28,1.805,1.605,-0.026,0.6,0.6,0.2
17.3,1.839,1.639,-0.041,0.6,0.6,0.2
17.32,1.785,1.585,-0.018,0.6,0.6,0.2
17.34,1.751,1.551,-0.004,0.6,0.6,0.2
17.36,1.808,1.608,-0.026,0.599,0.6,0.2
17.38,1.841,1.641,-0.04,0.599,0.6,0.2
17.4,1.789,1.589,-0.018,0.599,0.6,0.2
17.42,1.756,1.556,-0.004,0.599,0.6,0.2
17.44,1.746,1.546,0.0,0.599,0.6,0.2
17.46,1.745,1.545,0.001,0.599,0.6,0.2
17.48,1.746,1.546,0.0,0.599,0.6,0.2
17.5,1.68,1.48,0.026,0.6,0.6,0.2
17.52,1.646,1.446,0.041,0.6,0.6,0.2
17.54,1.7,1.5,0.018,0.6,0.6,0.2
17.56,1.733,1.533,0.004,0.6,0.6,0.2
17.58,1.677,1.477,0.026,0.602,0.6,0.2
17.6,1.644,1.444,0.04,0.602,0.6,0.2
17.62,1.696,1.496,0.018,0.602,0.6,0.2
17.64,1.662,1.462,0.03,0.604,0.6,0.2
17.66,1.638,1.438,0.04,0.604,0.6,0.2
17.68,1.692,1.492,0.017,0.604,0.6,0.2
17.7,1.725,1.525,0.004,0.604,0.6,0.2
17.72,1.734,1.534,-0.001,0.604,0.6,0.2
17.74,1.801,1.601,-0.027,0.602,0.6,0.2
17.76,1.834,1.634,-0.041,0.602,0.6,0.2
17.78,1.78,1.58,-0.018,0.602,0.6,0.2
17.8,1.746,1.546,-0.004,0.602,0.6,0.2
17.82,1.802,1.602,-0.026,0.6,0.6,0.2
17.84,1.835,1.635,-0.04,0.6,0.6,0.2
17.86,1.783,1.583,-0.018,0.6,0.6,0.2
17.88,1.75,1.55,-0.004,0.6,0.6,0.2
17.9,1.739,1.539,0.0,0.6,0.6,0.2
17.92,1.739,1.539,0.001,0.6,0.6,0.2
17.94,1.74,1.54,0.0,0.6,0.6,0.2
17.96,1.74,1.54,0.0,0.6,0.6,0.2
17.98,1.74,1.54,-0.0,0.6,0.6,0.2
18.0,1.74,1.54,-0.0,0.6,0.6,0.2
18.02,1.74,1.54,-0.0,0.6,0.6,0.2
18.04,1.74,1.54,-0.0,0.6,0.6,0.2
18.06,1.74,1.54,0.0,0.6,0.6,0.2
18.08,1.74,1.54,0.0,0.6,0.6,0.2
18.1,1.74,1.54,0.0,0.6,0.6,0.2
18.12,1.74,1.54,0.0,0.6,0.6,0.2
18.14,1.74,1.54,0.0,0.6,0.6,0.2
18.16,1.74,1.54,0.0,0.6,0.6,0.2
18.18,1.74,1.54,0.0,0.6,0.6,0.2
18.2,1.74,1.54,0.0,0.6,0.6,0.2
18.22,1.74,1.54,0.0,0.6,0.6,0.2
18.24,1.74,1.54,0.0,0.6,0.6,0.2
18.26,1.74,1.54,0.0,0.6,0.6,0.2
18.28,1.74,1.54,0.0,0.6,0.6,0.2
18.3,1.74,1.54,0.0,0.6,0.6,0.2
18.32,1.74,1.54,0.0,0.6,0.6,0.2
18.34,1.74,1.54,0.0,0.6,0.6,0.2
18.36,1.807,1.607,-0.026,0.599,0.6,0.2
18.38,1.841,1.641,-0.041,0.599,0.6,0.2
18.4,1.787,1.587,-0.018,0.599,0.6,0.2
18.42,1.754,1.554,-0.004,0.599,0.6,0.2
18.44,1.743,1.543,0.0,0.599,0.6,0.2
18.46,1.743,1.543,0.001,0.599,0.6,0.2
18.48,1.744,1.544,0.0,0.599,0.6,0.2
18.5,1.745,1.545,0.0,0.599,0.6,0.2
18.52,1.745,1.545,-0.0,0.599,0.6,0.2
18.54,1.678,1.478,0.026,0.6,0.6,0.2
18.56,1.644,1.444,0.041,0.6,0.6,0.2
18.58,1.698,1.498,0.018,0.6,0.6,0.2
18.6,1.731,1.531,0.004,0.6,0.6,0.2
18.62,1.742,1.542,-0.0,0.6,0.6,0.2
18.64,1.742,1.542,-0.001,0.6,0.6,0.2
18.66,1.741,1.541,-0.0,0.6,0.6,0.2
18.68,1.741,1.541,-0.0,0.6,0.6,0.2
18.7,1.74,1.54,0.0,0.6,0.6,0.2
18.72,1.74,1.54,0.0,0.6,0.6,0.2
18.74,1.74,1.54,0.0,0.6,0.6,0.2
18.76,1.74,1.54,0.0,0.6,0.6,0.2
18.78,1.74,1.54,0.0,0.6,0.6,0.2
18.8,1.807,1.607,-0.026,0.599,0.6,0.2
18.82,1.841,1.641,-0.041,0.599,0.6,0.2
18.84,1.788,1.588,-0.018,0.599,0.6,0.2
18.86,1.754,1.554,-0.004,0.599,0.6,0.2
18.88,1.744,1.544,0.0,0.599,0.6,0.2
18.9,1.743,1.543,0.001,0.599,0.6,0.2
18.92,1.744,1.544,0.0,0.599,0.6,0.2
18.94,1.745,1.545,0.0,0.599,0.6,0.2
18.96,1.745,1.545,-0.0,0.599,0.6,0.2
18.98,1.745,1.545,-0.0,0.599,0.6,0.2
19.0,1.745,1.545,-0.0,0.599,0.6,0.2
19.02,1.745,1.545,-0.0,0.599,0.6,0.2
19.04,1.746,1.546,0.0,0.599,0.6,0.2
19.06,1.679,1.479,0.026,0.6,0.6,0.2
19.08,1.645,1.445,0.041,0.6,0.6,0.2
19.1,1.698,1.498,0.018,0.6,0.6,0.2
19.12,1.732,1.532,0.004,0.6,0.6,0.2
19.14,1.742,1.542,-0.0,0.6,0.6,0.2
19.16,1.676,1.476,0.026,0.602,0.6,0.2
19.18,1.641,1.441,0.04,0.602,0.6,0.2
19.2,1.694,1.494,0.018,0.602,0.6,0.2
19.22,1.727,1.527,0.004,0.602,0.6,0.2
19.24,1.738,1.538,-0.0,0.602,0.6,0.2
19.26,1.738,1.538,-0.001,0.602,0.6,0.2
19.28,1.737,1.537,-0.0,0.602,0.6,0.2
19.3,1.736,1.536,-0.0,0.602,0.6,0.2
19.32,1.803,1.603,-0.026,0.6,0.6,0.2
19.34,1.837,1.637,-0.041,0.6,0.6,0.2
19.36,1.783,1.583,-0.018,0.6,0.6,0.2
19.38,1.749,1.549,-0.004,0.6,0.6,0.2
19.4,1.806,1.606,-0.026,0.599,0.6,0.2
19.42,1.839,1.639,-0.04,0.599,0.6,0.2
19.44,1.787,1.587,-0.018,0.599,0.6,0.2
19.46,1.754,1.554,-0.004,0.599,0.6,0.2
19.48,1.744,1.544,0.0,0.599,0.6,0.2
19.5,1.743,1.543,0.001,0.599,0.6,0.2
19.52,1.744,1.544,0.0,0.599,0.6,0.2
19.54,1.745,1.545,0.0,0.599,0.6,0.2
19.56,1.745,1.545,-0.0,0.599,0.6,0.2
19.58,1.745,1.545,-0.0,0.599,0.6,0.2
19.6,1.745,1.545,-0.0,0.599,0.6,0.2
19.62,1.678,1.478,0.026,0.6,0.6,0.2
19.64,1.645,1.445,0.041,0.6,0.6,0.2
19.66,1.698,1.498,0.018,0.6,0.6,0.2
19.68,1.732,1.532,0.004,0.6,0.6,0.2
19.7,1.742,1.542,-0.0,0.6,0.6,0.2
19.72,1.676,1.476,0.026,0.602,0.6,0.2
19.74,1.641,1.441,0.04,0.602,0.6,0.2
19.76,1.694,1.494,0.018,0.602,0.6,0.2
19.78,1.727,1.527,0.004,0.602,0.6,0.2
19.8,1.737,1.537,-0.0,0.602,0.6,0.2
19.82,1.738,1.538,-0.001,0.602,0.6,0.2
19.84,1.737,1.537,-0.0,0.602,0.6,0.2
19.86,1.803,1.603,-0.026,0.6,0.6,0.2
19.88,1.836,1.636,-0.041,0.6,0.6,0.2
19.9,1.783,1.583,-0.018,0.6,0.6,0.2
19.92,1.749,1.549,-0.004,0.6,0.6,0.2
19.94,1.739,1.539,0.0,0.6,0.6,0.2
19.96,1.805,1.605,-0.026,0.599,0.6,0.2
19.98,1.84,1.64,-0.04,0.599,0.6,0.2
20.0,1.787,1.587,-0.018,0.599,0.6,0.2
20.02,1.554,1.554,-0.004,0.599,0.6,0.0
20.04,1.543,1.543,0.0,0.599,0.6,0.0
20.06,1.543,1.543,0.001,0.599,0.6,0.0
20.08,1.544,1.544,0.0,0.599,0.6,0.0
20.1,1.545,1.545,0.0,0.599,0.6,0.0
20.12,1.545,1.545,-0.0,0.599,0.6,0.0
20.14,1.612,1.612,-0.026,0.597,0.6,0.0
20.16,1.646,1.646,-0.041,0.597,0.6,0.0
20.18,1.659,1.659,-0.044,0.595,0.6,0.0
20.2,1.727,1.727,-0.071,0.593,0.6,0.0
20.22,1.764,1.764,-0.085,0.592,0.6,0.0
20.24,1.777,1.777,-0.088,0.59,0.6,0.0
20.26,1.782,1.782,-0.088,0.588,0.6,0.0
20.28,1.786,1.786,-0.088,0.586,0.6,0.0
20.3,1.79,1.79,-0.087,0.585,0.6,0.0
20.32,1.795,1.795,-0.087,0.583,0.6,0.0
20.34,1.8,1.8,-0.087,0.581,0.6,0.0
20.36,1.805,1.805,-0.087,0.579,0.6,0.0
20.38,1.811,1.811,-0.087,0.578,0.6,0.0
20.4,1.75,1.75,-0.061,0.578,0.6,0.0
20.42,1.721,1.721,-0.047,0.576,0.6,0.0
20.44,1.714,1.714,-0.043,0.576,0.6,0.0
20.46,1.652,1.652,-0.016,0.576,0.6,0.0
20.48,1.621,1.621,-0.003,0.576,0.6,0.0
20.5,1.681,1.681,-0.026,0.574,0.6,0.0
20.52,1.649,1.649,-0.013,0.576,0.6,0.0
20.54,1.565,1.565,0.023,0.576,0.6,0.0
20.56,1.587,1.587,0.014,0.576,0.6,0.0
20.58,1.611,1.611,0.004,0.576,0.6,0.0
20.6,1.622,1.622,0.0,0.576,0.6,0.0
20.62,1.626,1.626,-0.0,0.576,0.6,0.0
20.64,1.627,1.627,-0.0,0.576,0.6,0.0
20.66,1.628,1.628,-0.0,0.576,0.6,0.0
20.68,1.629,1.629,-0.0,0.576,0.6,0.0
20.7,1.63,1.63,0.0,0.576,0.6,0.0
20.72,1.632,1.632,0.0,0.576,0.6,0.0
20.74,1.633,1.633,0.0,0.576,0.6,0.0
20.76,1.634,1.634,0.0,0.576,0.6,0.0
20.78,1.703,1.703,-0.026,0.574,0.6,0.0
20.8,1.738,1.738,-0.041,0.574,0.6,0.0
20.82,1.686,1.686,-0.018,0.574,0.6,0.0
20.84,1.721,1.721,-0.03,0.572,0.6,0.0
20.86,1.746,1.746,-0.04,0.572,0.6,0.0
20.88,1.693,1.693,-0.017,0.572,0.6,0.0
20.9,1.729,1.729,-0.03,0.571,0.6,0.0
20.92,1.755,1.755,-0.04,0.571,0.6,0.0
20.94,1.702,1.702,-0.017,0.571,0.6,0.0
20.96,1.671,1.671,-0.004,0.571,0.6,0.0
20.98,1.663,1.663,0.001,0.571,0.6,0.0
21.0,1.664,1.664,0.001,0.571,0.6,0.0
21.02,1.667,1.667,0.0,0.571,0.6,0.0
21.04,1.67,1.67,0.0,0.571,0.6,0.0
21.06,1.672,1.672,-0.0,0.571,0.6,0.0
21.08,1.673,1.673,-0.0,0.571,0.6,0.0
21.1,1.608,1.608,0.026,0.572,0.6,0.0
21.12,1.576,1.576,0.041,0.572,0.6,0.0
21.14,1.631,1.631,0.018,0.572,0.6,0.0
21.16,1.666,1.666,0.004,0.572,0.6,0.0
21.18,1.678,1.678,-0.0,0.572,0.6,0.0
21.2,1.681,1.681,-0.001,0.572,0.6,0.0
21.22,1.681,1.681,-0.0,0.572,0.6,0.0
21.24,1.615,1.615,0.026,0.574,0.6,0.0
21.26,1.583,1.583,0.041,0.574,0.6,0.0
21.28,1.638,1.638,0.018,0.574,0.6,0.0
21.3,1.673,1.673,0.004,0.574,0.6,0.0
21.32,1.685,1.685,-0.0,0.574,0.6,0.0
21.34,1.754,1.754,-0.027,0.572,0.6,0.0
21.36,1.788,1.788,-0.041,0.572,0.6,0.0
21.38,1.736,1.736,-0.018,0.572,0.6,0.0
21.4,1.704,1.704,-0.004,0.572,0.6,0.0
21.42,1.695,1.695,0.0,0.572,0.6,0.0
21.44,1.695,1.695,0.001,0.572,0.6,0.0
21.46,1.698,1.698,0.0,0.572,0.6,0.0
21.48,1.7,1.7,0.0,0.572,0.6,0.0
21.5,1.702,1.702,-0.0,0.572,0.6,0.0
21.52,1.704,1.704,-0.0,0.572,0.6,0.0
21.54,1.639,1.639,0.026,0.574,0.6,0.0
21.56,1.606,1.606,0.041,0.574,0.6,0.0
21.58,1.661,1.661,0.018,0.574,0.6,0.0
21.6,1.696,1.696,0.004,0.574,0.6,0.0
21.62,1.641,1.641,0.026,0.576,0.6,0.0
21.64,1.61,1.61,0.04,0.576,0.6,0.0
21.66,1.664,1.664,0.018,0.576,0.6,0.0
21.68,1.698,1.698,0.004,0.576,0.6,0.0
21.7,1.71,1.71,-0.0,0.576,0.6,0.0
21.72,1.645,1.645,0.026,0.578,0.6,0.0
21.74,1.611,1.611,0.04,0.578,0.6,0.0
21.76,1.666,1.666,0.018,0.578,0.6,0.0
21.78,1.7,1.7,0.004,0.578,0.6,0.0
21.8,1.712,1.712,-0.0,0.578,0.6,0.0
21.82,1.714,1.714,-0.001,0.578,0.6,0.0
21.84,1.714,1.714,-0.0,0.578,0.6,0.0
21.86,1.715,1.715,-0.0,0.578,0.6,0.0
21.88,1.716,1.716,0.0,0.578,0.6,0.0
21.9,1.717,1.717,0.0,0.578,0.6,0.0
21.92,1.652,1.652,0.026,0.579,0.6,0.0
21.94,1.619,1.619,0.041,0.579,0.6,0.0
21.96,1.674,1.674,0.018,0.579,0.6,0.0
21.98,1.709,1.709,0.004,0.579,0.6,0.0
22.0,1.72,1.72,-0.0,0.579,0.6,0.0
22.02,1.722,1.722,-0.001,0.579,0.6,0.0
22.04,1.723,1.723,-0.0,0.579,0.6,0.0
22.06,1.723,1.723,-0.0,0.579,0.6,0.0
22.08,1.657,1.657,0.026,0.581,0.6,0.0
22.1,1.624,1.624,0.041,0.581,0.6,0.0
22.12,1.679,1.679,0.018,0.581,0.6,0.0
22.14,1.714,1.714,0.004,0.581,0.6,0.0
22.16,1.725,1.725,-0.0,0.581,0.6,0.0
22.18,1.727,1.727,-0.001,0.581,0.6,0.0
22.2,1.727,1.727,-0.0,0.581,0.6,0.0
22.22,1.728,1.728,-0.0,0.581,0.6,0.0
22.24,1.729,1.729,0.0,0.581,0.6,0.0
22.26,1.73,1.73,0.0,0.581,0.6,0.0
22.28,1.731,1.731,0.0,0.581,0.6,0.0
22.3,1.665,1.665,0.026,0.583,0.6,0.0
22.32,1.632,1.632,0.041,0.583,0.6,0.0
22.34,1.687,1.687,0.018,0.583,0.6,0.0
22.36,1.721,1.721,0.004,0.583,0.6,0.0
22.38,1.733,1.733,-0.0,0.583,0.6,0.0
22.4,1.735,1.735,-0.001,0.583,0.6,0.0
22.42,1.735,1.735,-0.0,0.583,0.6,0.0
22.44,1.735,1.735,-0.0,0.583,0.6,0.0
22.46,1.669,1.669,0.026,0.585,0.6,0.0
22.48,1.636,1.636,0.041,0.585,0.6,0.0
22.5,1.69,1.69,0.018,0.585,0.6,0.0
22.52,1.725,1.725,0.004,0.585,0.6,0.0
22.54,1.736,1.736,-0.0,0.585,0.6,0.0
22.56,1.738,1.738,-0.001,0.585,0.6,0.0
22.58,1.738,1.738,-0.0,0.585,0.6,0.0
22.6,1.738,1.738,-0.0,0.585,0.6,0.0
22.62,1.739,1.739,0.0,0.585,0.6,0.0
22.64,1.739,1.739,0.0,0.585,0.6,0.0
22.66,1.74,1.74,0.0,0.585,0.6,0.0
22.68,1.741,1.741,0.0,0.585,0.6,0.0
22.7,1.675,1.675,0.026,0.586,0.6,0.0
22.72,1.642,1.642,0.041,0.586,0.6,0.0
22.74,1.697,1.697,0.018,0.586,0.6,0.0
22.76,1.731,1.731,0.004,0.586,0.6,0.0
22.78,1.742,1.742,-0.0,0.586,0.6,0.0
22.8,1.744,1.744,-0.001,0.586,0.6,0.0
22.82,1.743,1.743,-0.0,0.586,0.6,0.0
22.84,1.811,1.811,-0.026,0.585,0.6,0.0
22.86,1.845,1.845,-0.041,0.585,0.6,0.0
22.88,1.792,1.792,-0.018,0.585,0.6,0.0
22.9,1.76,1.76,-0.004,0.585,0.6,0.0
22.92,1.75,1.75,0.0,0.585,0.6,0.0
22.94,1.75,1.75,0.001,0.585,0.6,0.0
22.96,1.685,1.685,0.027,0.586,0.6,0.0
22.98,1.653,1.653,0.041,0.586,0.6,0.0
23.0,1.707,1.707,0.018,0.586,0.6,0.0
23.02,1.742,1.742,0.004,0.586,0.6,0.0
23.04,1.753,1.753,-0.0,0.586,0.6,0.0
23.06,1.688,1.688,0.026,0.588,0.6,0.0
23.08,1.654,1.654,0.04,0.588,0.6,0.0
23.1,1.707,1.707,0.018,0.588,0.6,0.0
23.12,1.741,1.741,0.004,0.588,0.6,0.0
23.14,1.685,1.685,0.026,0.59,0.6,0.0
23.16,1.653,1.653,0.04,0.59,0.6,0.0
23.18,1.706,1.706,0.018,0.59,0.6,0.0
23.2,1.74,1.74,0.004,0.59,0.6,0.0
23.22,1.75,1.75,-0.0,0.59,0.6,0.0
23.24,1.752,1.752,-0.001,0.59,0.6,0.0
23.26,1.751,1.751,-0.0,0.59,0.6,0.0
23.28,1.751,1.751,-0.0,0.59,0.6,0.0
23.3,1.752,1.752,0.0,0.59,0.6,0.0
23.32,1.819,1.819,-0.026,0.588,0.6,0.0
23.34,1.854,1.854,-0.041,0.588,0.6,0.0
23.36,1.801,1.801,-0.018,0.588,0.6,0.0
23.38,1.768,1.768,-0.004,0.588,0.6,0.0
23.4,1.758,1.758,0.0,0.588,0.6,0.0
23.42,1.691,1.691,0.027,0.59,0.6,0.0
23.44,1.659,1.659,0.041,0.59,0.6,0.0
23.46,1.714,1.714,0.018,0.59,0.6,0.0
23.48,1.748,1.748,0.004,0.59,0.6,0.0
23.5,1.759,1.759,-0.0,0.59,0.6,0.0
23.52,1.694,1.694,0.026,0.592,0.6,0.0
23.54,1.659,1.659,0.04,0.592,0.6,0.0
23.56,1.713,1.713,0.018,0.592,0.6,0.0
23.58,1.747,1.747,0.004,0.592,0.6,0.0
23.6,1.69,1.69,0.026,0.593,0.6,0.0
23.62,1.658,1.658,0.04,0.593,0.6,0.0
23.64,1.711,1.711,0.018,0.593,0.6,0.0
23.66,1.744,1.744,0.004,0.593,0.6,0.0
23.68,1.755,1.755,-0.0,0.593,0.6,0.0
23.7,1.756,1.756,-0.001,0.593,0.6,0.0
23.72,1.755,1.755,-0.0,0.593,0.6,0.0
23.74,1.755,1.755,-0.0,0.593,0.6,0.0
23.76,1.755,1.755,0.0,0.593,0.6,0.0
23.78,1.756,1.756,0.0,0.593,0.6,0.0
23.8,1.756,1.756,0.0,0.593,0.6,0.0
23.82,1.756,1.756,0.0,0.593,0.6,0.0
23.84,1.757,1.757,0.0,0.593,0.6,0.0
23.86,1.757,1.757,0.0,0.593,0.6,0.0
23.88,1.757,1.757,0.0,0.593,0.6,0.0
23.9,1.758,1.758,0.0,0.593,0.6,0.0
23.92,1.758,1.758,0.0,0.593,0.6,0.0
23.94,1.759,1.759,0.0,0.593,0.6,0.0
23.96,1.759,1.759,0.0,0.593,0.6,0.0
23.98,1.759,1.759,0.0,0.593,0.6,0.0
24.0,1.76,1.76,0.0,0.593,0.6,0.0
24.02,1.76,1.76,0.0,0.593,0.6,0.0
24.04,1.761,1.761,0.0,0.593,0.6,0.0
24.06,1.761,1.761,0.0,0.593,0.6,0.0
24.08,1.761,1.761,0.0,0.593,0.6,0.0
24.1,1.762,1.762,0.0,0.593,0.6,0.0
24.12,1.762,1.762,0.0,0.593,0.6,0.0
24.14,1.695,1.695,0.026,0.595,0.6,0.0
24.16,1.662,1.662,0.041,0.595,0.6,0.0
24.18,1.716,1.716,0.018,0.595,0.6,0.0
24.2,1.75,1.75,0.004,0.595,0.6,0.0
24.22,1.76,1.76,-0.0,0.595,0.6,0.0
24.24,1.762,1.762,-0.001,0.595,0.6,0.0
24.26,1.761,1.761,-0.0,0.595,0.6,0.0
24.28,1.76,1.76,-0.0,0.595,0.6,0.0
24.3,1.76,1.76,0.0,0.595,0.6,0.0
24.32,1.761,1.761,0.0,0.595,0.6,0.0
24.34,1.761,1.761,0.0,0.595,0.6,0.0
24.36,1.761,1.761,0.0,0.595,0.6,0.0
24.38,1.762,1.762,0.0,0.595,0.6,0.0
24.4,1.762,1.762,0.0,0.595,0.6,0.0
24.42,1.762,1.762,0.0,0.595,0.6,0.0
24.44,1.762,1.762,0.0,0.595,0.6,0.0
24.46,1.763,1.763,0.0,0.595,0.6,0.0
24.48,1.763,1.763,0.0,0.595,0.6,0.0
24.5,1.763,1.763,0.0,0.595,0.6,0.0
24.52,1.764,1.764,0.0,0.595,0.6,0.0
24.54,1.764,1.764,0.0,0.595,0.6,0.0
24.56,1.764,1.764,0.0,0.595,0.6,0.0
24.58,1.764,1.764,0.0,0.595,0.6,0.0
24.6,1.832,1.832,-0.026,0.593,0.6,0.0
24.62,1.866,1.866,-0.041,0.593,0.6,0.0
24.64,1.813,1.813,-0.018,0.593,0.6,0.0
24.66,1.712,1.712,0.022,0.595,0.6,0.0
24.68,1.669,1.669,0.041,0.595,0.6,0.0
24.7,1.722,1.722,0.019,0.595,0.6,0.0
24.72,1.757,1.757,0.004,0.595,0.6,0.0
24.74,1.768,1.768,-0.0,0.595,0.6,0.0
24.76,1.769,1.769,-0.001,0.595,0.6,0.0
24.78,1.768,1.768,-0.0,0.595,0.6,0.0
24.8,1.701,1.701,0.026,0.597,0.6,0.0
24.82,1.667,1.667,0.041,0.597,0.6,0.0
24.84,1.721,1.721,0.018,0.597,0.6,0.0
24.86,1.755,1.755,0.004,0.597,0.6,0.0
24.88,1.765,1.765,-0.0,0.597,0.6,0.0
24.9,1.766,1.766,-0.001,0.597,0.6,0.0
24.92,1.766,1.766,-0.0,0.597,0.6,0.0
24.94,1.765,1.765,-0.0,0.597,0.6,0.0
24.96,1.765,1.765,0.0,0.597,0.6,0.0
24.98,1.765,1.765,0.0,0.597,0.6,0.0
25.0,1.832,1.832,-0.026,0.595,0.6,0.0
25.02,1.866,1.866,-0.041,0.595,0.6,0.0
25.04,1.813,1.813,-0.018,0.595,0.6,0.0
25.06,1.78,1.78,-0.004,0.595,0.6,0.0
25.08,1.77,1.77,0.0,0.595,0.6,0.0
25.1,1.769,1.769,0.001,0.595,0.6,0.0
25.12,1.77,1.77,0.0,0.595,0.6,0.0
25.14,1.704,1.704,0.026,0.597,0.6,0.0
25.16,1.671,1.671,0.041,0.597,0.6,0.0
25.18,1.725,1.725,0.018,0.597,0.6,0.0
25.2,1.759,1.759,0.004,0.597,0.6,0.0
25.22,1.769,1.769,-0.0,0.597,0.6,0.0
25.24,1.77,1.77,-0.001,0.597,0.6,0.0
25.26,1.769,1.769,-0.0,0.597,0.6,0.0
25.28,1.769,1.769,-0.0,0.597,0.6,0.0
25.3,1.769,1.769,0.0,0.597,0.6,0.0
25.32,1.702,1.702,0.026,0.599,0.6,0.0
25.34,1.668,1.668,0.041,0.599,0.6,0.0
25.36,1.722,1.722,0.018,0.599,0.6,0.0
25.38,1.756,1.756,0.004,0.599,0.6,0.0
25.4,1.833,1.833,-0.027,0.597,0.6,0.0
25.42,1.868,1.868,-0.041,0.597,0.6,0.0
25.44,1.813,1.813,-0.018,0.597,0.6,0.0
25.46,1.779,1.779,-0.004,0.597,0.6,0.0
25.48,1.769,1.769,0.0,0.597,0.6,0.0
25.5,1.768,1.768,0.001,0.597,0.6,0.0
25.52,1.77,1.77,0.0,0.597,0.6,0.0
25.54,1.77,1.77,0.0,0.597,0.6,0.0
25.56,1.771,1.771,-0.0,0.597,0.6,0.0
25.58,1.771,1.771,-0.0,0.597,0.6,0.0
25.6,1.704,1.704,0.026,0.599,0.6,0.0
25.62,1.671,1.671,0.041,0.599,0.6,0.0
25.64,1.724,1.724,0.018,0.599,0.6,0.0
25.66,1.758,1.758,0.004,0.599,0.6,0.0
25.68,1.768,1.768,-0.0,0.599,0.6,0.0
25.7,1.769,1.769,-0.001,0.599,0.6,0.0
25.72,1.768,1.768,-0.0,0.599,0.6,0.0
25.74,1.768,1.768,-0.0,0.599,0.6,0.0
25.76,1.767,1.767,0.0,0.599,0.6,0.0
25.78,1.768,1.768,0.0,0.599,0.6,0.0
25.8,1.768,1.768,0.0,0.599,0.6,0.0
25.82,1.768,1.768,0.0,0.599,0.6,0.0
25.84,1.768,1.768,0.0,0.599,0.6,0.0
25.86,1.768,1.768,0.0,0.599,0.6,0.0
25.88,1.768,1.768,0.0,0.599,0.6,0.0
25.9,1.835,1.835,-0.026,0.597,0.6,0.0
25.92,1.869,1.869,-0.041,0.597,0.6,0.0
25.94,1.816,1.816,-0.018,0.597,0.6,0.0
25.96,1.782,1.782,-0.004,0.597,0.6,0.0
25.98,1.772,1.772,0.0,0.597,0.6,0.0
26.0,1.771,1.771,0.001,0.597,0.6,0.0
26.02,1.706,1.706,0.027,0.599,0.6,0.0
26.04,1.673,1.673,0.041,0.599,0.6,0.0
26.06,1.726,1.726,0.018,0.599,0.6,0.0
26.08,1.76,1.76,0.004,0.599,0.6,0.0
26.1,1.771,1.771,-0.0,0.599,0.6,0.0
26.12,1.705,1.705,0.026,0.6,0.6,0.0
26.14,1.67,1.67,0.04,0.6,0.6,0.0
26.16,1.723,1.723,0.018,0.6,0.6,0.0
26.18,1.756,1.756,0.004,0.6,0.6,0.0
26.2,1.766,1.766,-0.0,0.6,0.6,0.0
26.22,1.767,1.767,-0.001,0.6,0.6,0.0
26.24,1.833,1.833,-0.027,0.599,0.6,0.0
26.26,1.866,1.866,-0.041,0.599,0.6,0.0
26.28,1.812,1.812,-0.018,0.599,0.6,0.0
26.3,1.779,1.779,-0.004,0.599,0.6,0.0
26.32,1.769,1.769,0.0,0.599,0.6,0.0
26.34,1.768,1.768,0.001,0.599,0.6,0.0
26.36,1.769,1.769,0.0,0.599,0.6,0.0
26.38,1.77,1.77,0.0,0.599,0.6,0.0
26.4,1.77,1.77,-0.0,0.599,0.6,0.0
26.42,1.77,1.77,-0.0,0.599,0.6,0.0
26.44,1.77,1.77,-0.0,0.599,0.6,0.0
26.46,1.77,1.77,-0.0,0.599,0.6,0.0
26.48,1.77,1.77,0.0,0.599,0.6,0.0
26.5,1.703,1.703,0.026,0.6,0.6,0.0
26.52,1.67,1.67,0.041,0.6,0.6,0.0
26.54,1.723,1.723,0.018,0.6,0.6,0.0
26.56,1.757,1.757,0.004,0.6,0.6,0.0
26.58,1.767,1.767,-0.0,0.6,0.6,0.0
26.6,1.768,1.768,-0.001,0.6,0.6,0.0
26.62,1.767,1.767,-0.0,0.6,0.6,0.0
26.64,1.766,1.766,-0.0,0.6,0.6,0.0
26.66,1.766,1.766,0.0,0.6,0.6,0.0
26.68,1.766,1.766,0.0,0.6,0.6,0.0
26.7,1.833,1.833,-0.026,0.599,0.6,0.0
26.72,1.867,1.867,-0.041,0.599,0.6,0.0
26.74,1.813,1.813,-0.018,0.599,0.6,0.0
26.76,1.78,1.78,-0.004,0.599,0.6,0.0
26.78,1.769,1.769,0.0,0.599,0.6,0.0
26.8,1.769,1.769,0.001,0.599,0.6,0.0
26.82,1.77,1.77,0.0,0.599,0.6,0.0
26.84,1.771,1.771,0.0,0.599,0.6,0.0
26.86,1.704,1.704,0.026,0.6,0.6,0.0
26.88,1.67,1.67,0.041,0.6,0.6,0.0
26.9,1.724,1.724,0.018,0.6,0.6,0.0
26.92,1.757,1.757,0.004,0.6,0.6,0.0
26.94,1.768,1.768,-0.0,0.6,0.6,0.0
26.96,1.768,1.768,-0.001,0.6,0.6,0.0
26.98,1.767,1.767,-0.0,0.6,0.6,0.0
27.0,1.767,1.767,-0.0,0.6,0.6,0.0
27.02,1.766,1.766,0.0,0.6,0.6,0.0
27.04,1.766,1.766,0.0,0.6,0.6,0.0
27.06,1.766,1.766,0.0,0.6,0.6,0.0
27.08,1.766,1.766,0.0,0.6,0.6,0.0
27.1,1.766,1.766,0.0,0.6,0.6,0.0
27.12,1.766,1.766,0.0,0.6,0.6,0.0
27.14,1.766,1.766,0.0,0.6,0.6,0.0
27.16,1.766,1.766,0.0,0.6,0.6,0.0
27.18,1.833,1.833,-0.026,0.599,0.6,0.0
27.2,1.867,1.867,-0.041,0.599,0.6,0.0
27.22,1.814,1.814,-0.018,0.599,0.6,0.0
27.24,1.78,1.78,-0.004,0.599,0.6,0.0
27.26,1.77,1.77,0.0,0.599,0.6,0.0
27.28,1.769,1.769,0.001,0.599,0.6,0.0
27.3,1.703,1.703,0.027,0.6,0.6,0.0
27.32,1.67,1.67,0.041,0.6,0.6,0.0
27.34,1.724,1.724,0.018,0.6,0.6,0.0
27.36,1.757,1.757,0.004,0.6,0.6,0.0
27.38,1.768,1.768,-0.0,0.6,0.6,0.0
27.4,1.769,1.769,-0.001,0.6,0.6,0.0
27.42,1.767,1.767,-0.0,0.6,0.6,0.0
27.44,1.767,1.767,-0.0,0.6,0.6,0.0
27.46,1.766,1.766,0.0,0.6,0.6,0.0
27.48,1.766,1.766,0.0,0.6,0.6,0.0
27.5,1.766,1.766,0.0,0.6,0.6,0.0
27.52,1.766,1.766,0.0,0.6,0.6,0.0
27.54,1.766,1.766,0.0,0.6,0.6,0.0
27.56,1.766,1.766,0.0,0.6,0.6,0.0
27.58,1.766,1.766,0.0,0.6,0.6,0.0
27.6,1.766,1.766,0.0,0.6,0.6,0.0
27.62,1.766,1.766,0.0,0.6,0.6,0.0
27.64,1.766,1.766,0.0,0.6,0.6,0.0
27.66,1.766,1.766,0.0,0.6,0.6,0.0
27.68,1.766,1.766,0.0,0.6,0.6,0.0
27.7,1.766,1.766,0.0,0.6,0.6,0.0
27.72,1.766,1.766,0.0,0.6,0.6,0.0
27.74,1.766,1.766,0.0,0.6,0.6,0.0
27.76,1.766,1.766,0.0,0.6,0.6,0.0
27.78,1.766,1.766,0.0,0.6,0.6,0.0
27.8,1.766,1.766,0.0,0.6,0.6,0.0
27.82,1.766,1.766,0.0,0.6,0.6,0.0
27.84,1.766,1.766,0.0,0.6,0.6,0.0
27.86,1.766,1.766,0.0,0.6,0.6,0.0
27.88,1.766,1.766,0.0,0.6,0.6,0.0
27.9,1.766,1.766,0.0,0.6,0.6,0.0
27.92,1.766,1.766,0.0,0.6,0.6,0.0
27.94,1.766,1.766,0.0,0.6,0.6,0.0
27.96,1.766,1.766,0.0,0.6,0.6,0.0
27.98,1.766,1.766,0.0,0.6,0.6,0.0
28.0,1.766,1.766,0.0,0.6,0.6,0.0
28.02,1.766,1.766,0.0,0.6,0.6,0.0
28.04,1.766,1.766,0.0,0.6,0.6,0.0
28.06,1.766,1.766,0.0,0.6,0.6,0.0
28.08,1.766,1.766,0.0,0.6,0.6,0.0
28.1,1.833,1.833,-0.026,0.599,0.6,0.0
28.12,1.867,1.867,-0.041,0.599,0.6,0.0
28.14,1.813,1.813,-0.018,0.599,0.6,0.0
28.16,1.78,1.78,-0.004,0.599,0.6,0.0
28.18,1.769,1.769,0.0,0.599,0.6,0.0
28.2,1.768,1.768,0.001,0.599,0.6,0.0
28.22,1.703,1.703,0.027,0.6,0.6,0.0
28.24,1.67,1.67,0.041,0.6,0.6,0.0
28.26,1.723,1.723,0.018,0.6,0.6,0.0
28.28,1.757,1.757,0.004,0.6,0.6,0.0
28.3,1.767,1.767,-0.0,0.6,0.6,0.0
28.32,1.768,1.768,-0.001,0.6,0.6,0.0
28.34,1.7,1.7,0.026,0.602,0.6,0.0
28.36,1.665,1.665,0.041,0.602,0.6,0.0
28.38,1.719,1.719,0.018,0.602,0.6,0.0
28.4,1.752,1.752,0.004,0.602,0.6,0.0
28.42,1.762,1.762,-0.0,0.602,0.6,0.0
28.44,1.763,1.763,-0.001,0.602,0.6,0.0
28.46,1.762,1.762,-0.0,0.602,0.6,0.0
28.48,1.761,1.761,-0.0,0.602,0.6,0.0
28.5,1.761,1.761,0.0,0.602,0.6,0.0
28.52,1.761,1.761,0.0,0.602,0.6,0.0
28.54,1.761,1.761,0.0,0.602,0.6,0.0
28.56,1.76,1.76,0.0,0.602,0.6,0.0
28.58,1.76,1.76,0.0,0.602,0.6,0.0
28.6,1.827,1.827,-0.026,0.6,0.6,0.0
28.62,1.861,1.861,-0.041,0.6,0.6,0.0
28.64,1.807,1.807,-0.018,0.6,0.6,0.0
28.66,1.774,1.774,-0.004,0.6,0.6,0.0
28.68,1.763,1.763,0.0,0.6,0.6,0.0
28.7,1.762,1.762,0.001,0.6,0.6,0.0
28.72,1.763,1.763,0.0,0.6,0.6,0.0
28.74,1.764,1.764,0.0,0.6,0.6,0.0
28.76,1.764,1.764,-0.0,0.6,0.6,0.0
28.78,1.764,1.764,-0.0,0.6,0.6,0.0
28.8,1.764,1.764,-0.0,0.6,0.6,0.0
28.82,1.764,1.764,-0.0,0.6,0.6,0.0
28.84,1.764,1.764,0.0,0.6,0.6,0.0
28.86,1.764,1.764,0.0,0.6,0.6,0.0
28.88,1.697,1.697,0.026,0.602,0.6,0.0
28.9,1.663,1.663,0.041,0.602,0.6,0.0
28.92,1.717,1.717,0.018,0.602,0.6,0.0
28.94,1.75,1.75,0.004,0.602,0.6,0.0
28.96,1.761,1.761,-0.0,0.602,0.6,0.0
28.98,1.761,1.761,-0.001,0.602,0.6,0.0
29.0,1.76,1.76,-0.0,0.602,0.6,0.0
29.02,1.826,1.826,-0.026,0.6,0.6,0.0
29.04,1.86,1.86,-0.041,0.6,0.6,0.0
29.06,1.806,1.806,-0.018,0.6,0.6,0.0
29.08,1.773,1.773,-0.004,0.6,0.6,0.0
29.1,1.762,1.762,0.0,0.6,0.6,0.0
29.12,1.761,1.761,0.001,0.6,0.6,0.0
29.14,1.762,1.762,0.0,0.6,0.6,0.0
29.16,1.763,1.763,0.0,0.6,0.6,0.0
29.18,1.763,1.763,-0.0,0.6,0.6,0.0
29.2,1.763,1.763,-0.0,0.6,0.6,0.0
29.22,1.763,1.763,-0.0,0.6,0.6,0.0
29.24,1.696,1.696,0.026,0.602,0.6,0.0
29.26,1.662,1.662,0.041,0.602,0.6,0.0
29.28,1.716,1.716,0.018,0.602,0.6,0.0
29.3,1.749,1.749,0.004,0.602,0.6,0.0
29.32,1.759,1.759,-0.0,0.602,0.6,0.0
29.34,1.76,1.76,-0.001,0.602,0.6,0.0
29.36,1.759,1.759,-0.0,0.602,0.6,0.0
29.38,1.758,1.758,-0.0,0.602,0.6,0.0
29.4,1.758,1.758,0.0,0.602,0.6,0.0
29.42,1.758,1.758,0.0,0.602,0.6,0.0
29.44,1.758,1.758,0.0,0.602,0.6,0.0
29.46,1.757,1.757,0.0,0.602,0.6,0.0
29.48,1.824,1.824,-0.026,0.6,0.6,0.0
29.5,1.858,1.858,-0.041,0.6,0.6,0.0
29.52,1.804,1.804,-0.018,0.6,0.6,0.0
29.54,1.771,1.771,-0.004,0.6,0.6,0.0
29.56,1.76,1.76,0.0,0.6,0.6,0.0
29.58,1.76,1.76,0.001,0.6,0.6,0.0
29.6,1.694,1.694,0.027,0.602,0.6,0.0
29.62,1.66,1.66,0.041,0.602,0.6,0.0
29.64,1.714,1.714,0.018,0.602,0.6,0.0
29.66,1.748,1.748,0.004,0.602,0.6,0.0
29.68,1.758,1.758,-0.0,0.602,0.6,0.0
29.7,1.758,1.758,-0.001,0.602,0.6,0.0
29.72,1.757,1.757,-0.0,0.602,0.6,0.0
29.74,1.756,1.756,-0.0,0.602,0.6,0.0
29.76,1.756,1.756,0.0,0.602,0.6,0.0
29.78,1.756,1.756,0.0,0.602,0.6,0.0
29.8,1.756,1.756,0.0,0.602,0.6,0.0
29.82,1.756,1.756,0.0,0.602,0.6,0.0
29.84,1.756,1.756,0.0,0.602,0.6,0.0
29.86,1.756,1.756,0.0,0.602,0.6,0.0
29.88,1.755,1.755,0.0,0.602,0.6,0.0
29.9,1.755,1.755,0.0,0.602,0.6,0.0
29.92,1.755,1.755,0.0,0.602,0.6,0.0
29.94,1.755,1.755,0.0,0.602,0.6,0.0
29.96,1.755,1.755,0.0,0.602,0.6,0.0
29.98,1.822,1.822,-0.026,0.6,0.6,0.0
30.0,1.855,1.855,-0.041,0.6,0.6,0.0
30.02,1.767,1.767,-0.018,0.6,0.0,0.0
30.04,1.698,1.698,-0.004,0.6,0.0,0.0
30.06,1.586,1.586,0.027,0.602,0.0,0.0
30.08,1.516,1.516,0.041,0.602,0.0,0.0
30.1,1.536,1.536,0.018,0.602,0.0,0.0
30.12,1.535,1.535,0.004,0.602,0.0,0.0
30.14,1.51,1.51,-0.0,0.602,0.0,0.0
30.16,1.543,1.543,-0.027,0.6,0.0,0.0
30.18,1.541,1.541,-0.041,0.6,0.0,0.0
30.2,1.519,1.519,-0.045,0.599,0.0,0.0
30.22,1.55,1.55,-0.071,0.597,0.0,0.0
30.24,1.552,1.552,-0.085,0.595,0.0,0.0
30.26,1.53,1.53,-0.088,0.593,0.0,0.0
30.28,1.567,1.567,-0.115,0.59,0.0,0.0
30.3,1.569,1.569,-0.128,0.588,0.0,0.0
30.32,1.552,1.552,-0.132,0.585,0.0,0.0
30.34,1.656,1.656,-0.185,0.579,0.0,0.0
30.36,1.697,1.697,-0.212,0.576,0.0,0.0
30.38,1.627,1.627,-0.193,0.572,0.0,0.0
30.4,1.635,1.635,-0.206,0.567,0.0,0.0
30.42,1.7,1.7,-0.241,0.562,0.0,0.0
30.44,1.654,1.654,-0.232,0.559,0.0,0.0
30.46,1.611,1.611,-0.223,0.553,0.0,0.0
30.48,1.644,1.644,-0.245,0.548,0.0,0.0
30.5,1.657,1.657,-0.258,0.543,0.0,0.0
30.52,1.581,1.581,-0.236,0.539,0.0,0.0
30.54,1.529,1.529,-0.222,0.534,0.0,0.0
30.56,1.496,1.496,-0.218,0.531,0.0,0.0
30.58,1.477,1.477,-0.217,0.525,0.0,0.0
30.6,1.456,1.456,-0.218,0.522,0.0,0.0
30.62,1.439,1.439,-0.218,0.517,0.0,0.0
30.64,1.418,1.418,-0.218,0.513,0.0,0.0
30.66,1.333,1.333,-0.192,0.51,0.0,0.0
30.68,1.345,1.345,-0.204,0.504,0.0,0.0
30.7,1.349,1.349,-0.214,0.501,0.0,0.0
30.72,1.342,1.342,-0.218,0.496,0.0,0.0
30.74,1.323,1.323,-0.219,0.492,0.0,0.0
30.76,1.306,1.306,-0.218,0.487,0.0,0.0
30.78,1.286,1.286,-0.218,0.483,0.0,0.0
30.8,1.27,1.27,-0.218,0.478,0.0,0.0
30.82,1.318,1.318,-0.245,0.473,0.0,0.0
30.84,1.336,1.336,-0.259,0.468,0.0,0.0
30.86,1.331,1.331,-0.263,0.463,0.0,0.0
30.88,1.317,1.317,-0.263,0.457,0.0,0.0
30.9,1.302,1.302,-0.262,0.452,0.0,0.0
30.92,1.287,1.287,-0.262,0.447,0.0,0.0
30.94,1.274,1.274,-0.262,0.442,0.0,0.0
30.96,1.261,1.261,-0.262,0.436,0.0,0.0
30.98,1.248,1.248,-0.262,0.431,0.0,0.0
31.0,1.236,1.236,-0.262,0.426,0.0,0.0
31.02,1.224,1.224,-0.262,0.421,0.0,0.0
31.04,1.212,1.212,-0.262,0.415,0.0,0.0
31.06,1.201,1.201,-0.262,0.41,0.0,0.0
31.08,1.189,1.189,-0.262,0.405,0.0,0.0
31.1,1.178,1.178,-0.262,0.4,0.0,0.0
31.12,1.168,1.168,-0.262,0.394,0.0,0.0
31.14,1.091,1.091,-0.235,0.391,0.0,0.0
31.16,1.047,1.047,-0.221,0.386,0.0,0.0
31.18,1.091,1.091,-0.244,0.38,0.0,0.0
31.2,1.048,1.048,-0.231,0.377,0.0,0.0
31.22,1.015,1.015,-0.222,0.372,0.0,0.0
31.24,1.061,1.061,-0.245,0.367,0.0,0.0
31.26,1.018,1.018,-0.232,0.363,0.0,0.0
31.28,0.985,0.985,-0.222,0.358,0.0,0.0
31.3,0.964,0.964,-0.218,0.354,0.0,0.0
31.32,0.955,0.955,-0.218,0.349,0.0,0.0
31.34,0.944,0.944,-0.218,0.346,0.0,0.0
31.36,0.937,0.937,-0.218,0.34,0.0,0.0
31.38,0.993,0.993,-0.245,0.335,0.0,0.0
31.4,0.953,0.953,-0.232,0.332,0.0,0.0
31.42,0.922,0.922,-0.222,0.326,0.0,0.0
31.44,0.902,0.902,-0.218,0.323,0.0,0.0
31.46,0.894,0.894,-0.218,0.318,0.0,0.0
31.48,0.952,0.952,-0.244,0.312,0.0,0.0
31.5,0.914,0.914,-0.232,0.309,0.0,0.0
31.52,0.884,0.884,-0.222,0.304,0.0,0.0
31.54,0.933,0.933,-0.245,0.298,0.0,0.0
31.56,0.894,0.894,-0.232,0.295,0.0,0.0
31.58,0.865,0.865,-0.222,0.29,0.0,0.0
31.6,0.848,0.848,-0.218,0.286,0.0,0.0
31.62,0.843,0.843,-0.218,0.281,0.0,0.0
31.64,0.836,0.836,-0.218,0.278,0.0,0.0
31.66,0.833,0.833,-0.218,0.272,0.0,0.0
31.68,0.826,0.826,-0.218,0.269,0.0,0.0
31.7,0.756,0.756,-0.192,0.265,0.0,0.0
31.72,0.782,0.782,-0.204,0.26,0.0,0.0
31.74,0.8,0.8,-0.214,0.257,0.0,0.0
31.76,0.74,0.74,-0.192,0.253,0.0,0.0
31.78,0.701,0.701,-0.178,0.25,0.0,0.0
31.8,0.685,0.685,-0.174,0.246,0.0,0.0
31.82,0.679,0.679,-0.174,0.243,0.0,0.0
31.84,0.674,0.674,-0.174,0.239,0.0,0.0
31.86,0.669,0.669,-0.174,0.236,0.0,0.0
31.88,0.664,0.664,-0.175,0.232,0.0,0.0
31.9,0.659,0.659,-0.175,0.229,0.0,0.0
31.92,0.654,0.654,-0.175,0.225,0.0,0.0
31.94,0.65,0.65,-0.175,0.222,0.0,0.0
31.96,0.645,0.645,-0.175,0.218,0.0,0.0
31.98,0.641,0.641,-0.175,0.215,0.0,0.0
32.0,0.637,0.637,-0.175,0.211,0.0,0.0
32.02,0.633,0.633,-0.175,0.208,0.0,0.0
32.04,0.63,0.63,-0.175,0.204,0.0,0.0
32.06,0.626,0.626,-0.175,0.201,0.0,0.0
32.08,0.623,0.623,-0.175,0.197,0.0,0.0
32.1,0.553,0.553,-0.148,0.195,0.0,0.0
32.12,0.516,0.516,-0.134,0.192,0.0,0.0
32.14,0.567,0.567,-0.156,0.188,0.0,0.0
32.16,0.598,0.598,-0.171,0.185,0.0,0.0
32.18,0.606,0.606,-0.175,0.182,0.0,0.0
32.2,0.605,0.605,-0.175,0.178,0.0,0.0
32.22,0.535,0.535,-0.149,0.176,0.0,0.0
32.24,0.499,0.499,-0.134,0.173,0.0,0.0
32.26,0.484,0.484,-0.13,0.171,0.0,0.0
32.28,0.482,0.482,-0.13,0.168,0.0,0.0
32.3,0.545,0.545,-0.157,0.164,0.0,0.0
32.32,0.511,0.511,-0.145,0.162,0.0,0.0
32.34,0.419,0.419,-0.108,0.161,0.0,0.0
32.36,0.438,0.438,-0.117,0.157,0.0,0.0
32.38,0.523,0.523,-0.153,0.154,0.0,0.0
32.4,0.499,0.499,-0.145,0.152,0.0,0.0
32.42,0.409,0.409,-0.109,0.15,0.0,0.0
32.44,0.428,0.428,-0.117,0.147,0.0,0.0
32.46,0.447,0.447,-0.127,0.145,0.0,0.0
32.48,0.389,0.389,-0.104,0.143,0.0,0.0
32.5,0.42,0.42,-0.117,0.14,0.0,0.0
32.52,0.441,0.441,-0.127,0.138,0.0,0.0
32.54,0.383,0.383,-0.105,0.136,0.0,0.0
32.56,0.346,0.346,-0.091,0.134,0.0,0.0
32.58,0.333,0.333,-0.087,0.133,0.0,0.0
32.6,0.396,0.396,-0.113,0.129,0.0,0.0
32.62,0.36,0.36,-0.101,0.129,0.0,0.0
32.64,0.338,0.338,-0.091,0.126,0.0,0.0
32.66,0.388,0.388,-0.114,0.124,0.0,0.0
32.68,0.355,0.355,-0.101,0.122,0.0,0.0
32.7,0.328,0.328,-0.091,0.12,0.0,0.0
32.72,0.317,0.317,-0.087,0.119,0.0,0.0
32.74,0.313,0.313,-0.087,0.117,0.0,0.0
32.76,0.311,0.311,-0.087,0.115,0.0,0.0
32.78,0.309,0.309,-0.087,0.113,0.0,0.0
32.8,0.374,0.374,-0.114,0.11,0.0,0.0
32.82,0.405,0.405,-0.128,0.108,0.0,0.0
32.84,0.35,0.35,-0.105,0.106,0.0,0.0
32.86,0.314,0.314,-0.091,0.105,0.0,0.0
32.88,0.302,0.302,-0.087,0.103,0.0,0.0
32.9,0.299,0.299,-0.086,0.101,0.0,0.0
32.92,0.299,0.299,-0.087,0.099,0.0,0.0
32.94,0.298,0.298,-0.087,0.098,0.0,0.0
32.96,0.297,0.297,-0.087,0.096,0.0,0.0
32.98,0.362,0.362,-0.114,0.093,0.0,0.0
33.0,0.395,0.395,-0.128,0.091,0.0,0.0
33.02,0.34,0.34,-0.105,0.089,0.0,0.0
33.04,0.373,0.373,-0.118,0.086,0.0,0.0
33.06,0.395,0.395,-0.127,0.084,0.0,0.0
33.08,0.34,0.34,-0.105,0.082,0.0,0.0
33.1,0.374,0.374,-0.117,0.079,0.0,0.0
33.12,0.398,0.398,-0.127,0.077,0.0,0.0
33.14,0.343,0.343,-0.105,0.075,0.0,0.0
33.16,0.378,0.378,-0.117,0.072,0.0,0.0
33.18,0.402,0.402,-0.127,0.07,0.0,0.0
33.2,0.348,0.348,-0.105,0.068,0.0,0.0
33.22,0.315,0.315,-0.091,0.066,0.0,0.0
33.24,0.306,0.306,-0.087,0.065,0.0,0.0
33.26,0.306,0.306,-0.086,0.063,0.0,0.0
33.28,0.241,0.241,-0.061,0.063,0.0,0.0
33.3,0.208,0.208,-0.047,0.061,0.0,0.0
33.32,0.195,0.195,-0.043,0.061,0.0,0.0
33.34,0.129,0.129,-0.016,0.061,0.0,0.0
33.36,0.16,0.16,-0.029,0.059,0.0,0.0
33.38,0.182,0.182,-0.04,0.059,0.0,0.0
33.4,0.125,0.125,-0.017,0.059,0.0,0.0
33.42,0.089,0.089,-0.004,0.059,0.0,0.0
33.44,0.076,0.076,0.001,0.059,0.0,0.0
33.46,0.139,0.139,-0.026,0.058,0.0,0.0
33.48,0.17,0.17,-0.04,0.058,0.0,0.0
33.5,0.114,0.114,-0.018,0.058,0.0,0.0
33.52,0.077,0.077,-0.004,0.058,0.0,0.0
33.54,0.13,0.13,-0.026,0.056,0.0,0.0
33.56,0.16,0.16,-0.04,0.056,0.0,0.0
33.58,0.171,0.171,-0.044,0.054,0.0,0.0
33.6,0.169,0.169,-0.044,0.054,0.0,0.0
33.62,0.169,0.169,-0.044,0.052,0.0,0.0
33.64,0.232,0.232,-0.07,0.051,0.0,0.0
33.66,0.267,0.267,-0.084,0.049,0.0,0.0
33.68,0.277,0.277,-0.088,0.047,0.0,0.0
33.7,0.279,0.279,-0.088,0.045,0.0,0.0
33.72,0.279,0.279,-0.088,0.044,0.0,0.0
33.74,0.28,0.28,-0.087,0.042,0.0,0.0
33.76,0.282,0.282,-0.087,0.04,0.0,0.0
33.78,0.284,0.284,-0.087,0.038,0.0,0.0
33.8,0.353,0.353,-0.114,0.035,0.0,0.0
33.82,0.389,0.389,-0.128,0.033,0.0,0.0
33.84,0.405,0.405,-0.132,0.03,0.0,0.0
33.86,0.407,0.407,-0.132,0.028,0.0,0.0
33.88,0.413,0.413,-0.131,0.024,0.0,0.0
33.9,0.415,0.415,-0.131,0.023,0.0,0.0
33.92,0.355,0.355,-0.104,0.021,0.0,0.0
33.94,0.324,0.324,-0.09,0.019,0.0,0.0
33.96,0.318,0.318,-0.086,0.017,0.0,0.0
33.98,0.321,0.321,-0.086,0.016,0.0,0.0
34.0,0.326,0.326,-0.087,0.014,0.0,0.0
34.02,0.263,0.263,-0.061,0.014,0.0,0.0
34.04,0.166,0.166,-0.02,0.014,0.0,0.0
34.06,0.122,0.122,-0.002,0.014,0.0,0.0
34.08,0.112,0.112,0.002,0.014,0.0,0.0
34.1,0.113,0.113,0.001,0.014,0.0,0.0
34.12,0.114,0.114,0.0,0.014,0.0,0.0
34.14,0.047,0.047,0.026,0.016,0.0,0.0
34.16,0.012,0.012,0.041,0.016,0.0,0.0
34.18,0.0,-0.002,0.044,0.017,0.0,0.0
34.2,0.0,-0.07,0.071,0.019,0.0,0.0
34.22,0.0,-0.041,0.058,0.019,0.0,0.0
34.24,0.0,-0.021,0.048,0.021,0.0,0.0
34.26,0.0,-0.08,0.07,0.023,0.0,0.0
34.28,0.0,-0.118,0.084,0.024,0.0,0.0
34.3,0.0,-0.134,0.088,0.026,0.0,0.0
34.32,0.0,-0.14,0.088,0.028,0.0,0.0
34.34,0.0,-0.145,0.088,0.03,0.0,0.0
34.36,0.0,-0.15,0.087,0.031,0.0,0.0
34.38,0.0,-0.156,0.087,0.033,0.0,0.0
34.4,0.0,-0.095,0.061,0.033,0.0,0.0
34.42,0.0,-0.068,0.047,0.035,0.0,0.0
34.44,0.0,-0.127,0.069,0.037,0.0,0.0
34.46,0.0,-0.1,0.057,0.037,0.0,0.0
34.48,0.0,-0.084,0.047,0.038,0.0,0.0
34.5,0.0,-0.077,0.044,0.038,0.0,0.0
34.52,0.0,-0.016,0.017,0.038,0.0,0.0
34.54,0.015,0.015,0.003,0.038,0.0,0.0
34.56,0.022,0.022,-0.001,0.038,0.0,0.0
34.58,0.019,0.019,-0.001,0.038,0.0,0.0
34.6,0.016,0.016,-0.0,0.038,0.0,0.0
34.62,0.013,0.013,-0.0,0.038,0.0,0.0
34.64,0.077,0.077,-0.026,0.037,0.0,0.0
34.66,0.109,0.109,-0.041,0.037,0.0,0.0
34.68,0.12,0.12,-0.044,0.035,0.0,0.0
34.7,0.185,0.185,-0.071,0.033,0.0,0.0
34.72,0.22,0.22,-0.085,0.031,0.0,0.0
34.74,0.231,0.231,-0.088,0.03,0.0,0.0
34.76,0.234,0.234,-0.088,0.028,0.0,0.0
34.78,0.235,0.235,-0.088,0.026,0.0,0.0
34.8,0.237,0.237,-0.087,0.024,0.0,0.0
34.82,0.307,0.307,-0.114,0.021,0.0,0.0
34.84,0.343,0.343,-0.128,0.019,0.0,0.0
34.86,0.36,0.36,-0.132,0.016,0.0,0.0
34.88,0.363,0.363,-0.132,0.014,0.0,0.0
34.9,0.303,0.303,-0.105,0.012,0.0,0.0
34.92,0.339,0.339,-0.117,0.009,0.0,0.0
34.94,0.367,0.367,-0.127,0.007,0.0,0.0
34.96,0.317,0.317,-0.104,0.005,0.0,0.0
34.98,0.356,0.356,-0.117,0.002,0.0,0.0
35.0,0.384,0.384,-0.127,-0.0,0.0,0.0
35.02,0.334,0.334,-0.105,-0.002,0.0,0.0
35.04,0.239,0.239,-0.064,-0.002,0.0,0.0
35.06,0.2,0.2,-0.046,-0.003,0.0,0.0
35.08,0.19,0.19,-0.042,-0.003,0.0,0.0
35.1,0.129,0.129,-0.016,-0.003,0.0,0.0
35.12,0.164,0.164,-0.029,-0.005,0.0,0.0
35.14,0.123,0.123,-0.013,-0.003,0.0,0.0
35.16,0.036,0.036,0.023,-0.003,0.0,0.0
35.18,0.057,0.057,0.014,-0.003,0.0,0.0
35.2,0.014,0.014,0.031,-0.002,0.0,0.0
35.22,0.0,-0.01,0.041,-0.002,0.0,0.0
35.24,0.0,-0.021,0.044,-0.0,0.0,0.0
35.26,0.0,-0.089,0.071,0.002,0.0,0.0
35.28,0.0,-0.126,0.084,0.003,0.0,0.0
35.3,0.0,-0.139,0.088,0.005,0.0,0.0
35.32,0.0,-0.077,0.062,0.005,0.0,0.0
35.34,0.0,-0.046,0.047,0.007,0.0,0.0
35.36,0.0,-0.104,0.069,0.009,0.0,0.0
35.38,0.0,-0.142,0.083,0.01,0.0,0.0
35.4,0.0,-0.224,0.114,0.014,0.0,0.0
35.42,0.0,-0.264,0.129,0.016,0.0,0.0
35.44,0.0,-0.214,0.106,0.017,0.0,0.0
35.46,0.0,-0.185,0.091,0.019,0.0,0.0
35.48,0.0,-0.18,0.087,0.021,0.0,0.0
35.5,0.0,-0.185,0.086,0.023,0.0,0.0
35.52,0.0,-0.191,0.087,0.024,0.0,0.0
35.54,0.0,-0.131,0.061,0.024,0.0,0.0
35.56,0.0,-0.103,0.047,0.026,0.0,0.0
35.58,0.0,-0.162,0.069,0.028,0.0,0.0
35.6,0.0,-0.135,0.057,0.028,0.0,0.0
35.62,0.0,-0.117,0.047,0.03,0.0,0.0
35.64,0.0,-0.111,0.044,0.03,0.0,0.0
35.66,0.0,-0.115,0.043,0.031,0.0,0.0
35.68,0.0,-0.118,0.043,0.031,0.0,0.0
35.7,0.0,-0.057,0.017,0.031,0.0,0.0
35.72,0.0,-0.026,0.003,0.031,0.0,0.0
35.74,0.0,-0.018,-0.001,0.031,0.0,0.0
35.76,0.047,0.047,-0.027,0.03,0.0,0.0
35.78,0.078,0.078,-0.041,0.03,0.0,0.0
35.8,0.022,0.022,-0.018,0.03,0.0,0.0
35.82,0.053,0.053,-0.03,0.028,0.0,0.0
35.84,0.142,0.142,-0.067,0.026,0.0,0.0
35.86,0.187,0.187,-0.084,0.024,0.0,0.0
35.88,0.133,0.133,-0.062,0.024,0.0,0.0
35.9,0.102,0.102,-0.048,0.023,0.0,0.0
35.92,0.156,0.156,-0.07,0.021,0.0,0.0
35.94,0.259,0.259,-0.11,0.017,0.0,0.0
35.96,0.306,0.306,-0.128,0.016,0.0,0.0
35.98,0.257,0.257,-0.106,0.014,0.0,0.0
36.0,0.226,0.226,-0.092,0.012,0.0,0.0
36.02,0.285,0.285,-0.113,0.009,0.0,0.0
36.04,0.321,0.321,-0.127,0.007,0.0,0.0
36.06,0.273,0.273,-0.105,0.005,0.0,0.0
36.08,0.311,0.311,-0.117,0.002,0.0,0.0
36.1,0.338,0.338,-0.127,-0.0,0.0,0.0
36.12,0.288,0.288,-0.105,-0.002,0.0,0.0
36.14,0.26,0.26,-0.091,-0.003,0.0,0.0
36.16,0.322,0.322,-0.113,-0.007,0.0,0.0
36.18,0.36,0.36,-0.127,-0.009,0.0,0.0
36.2,0.245,0.245,-0.079,-0.009,0.0,0.0
36.22,0.183,0.183,-0.051,-0.01,0.0,0.0
36.24,0.231,0.231,-0.069,-0.012,0.0,0.0
36.26,0.269,0.269,-0.083,-0.014,0.0,0.0
36.28,0.218,0.218,-0.061,-0.014,0.0,0.0
36.3,0.124,0.124,-0.021,-0.014,0.0,0.0
36.32,0.148,0.148,-0.029,-0.016,0.0,0.0
