Tiempo ,CORRIENTE,VELOCIDAD,ENTRADA
-0.1,0.0,0.0,0.0
-0.095,0.0,0.0,0.0
-0.09,0.0,0.0,0.0
-0.085,0.0,0.0,0.0
-0.08,0.0,0.0,0.0
-0.075,0.0,0.0,0.0
-0.07,0.0,0.0,0.0
-0.065,0.0,0.0,0.0
-0.06,0.0,0.0,0.0
-0.055,0.0,0.0,0.0
-0.05,0.0,0.0,0.0
-0.045,0.0,0.0,0.0
-0.04,0.0,0.0,0.0
-0.035,0.0,0.0,0.0
-0.03,0.0,0.0,0.0
-0.025,0.0,0.0,0.0
-0.02,0.0,0.0,0.0
-0.015,0.0,0.0,0.0
-0.01,0.0,0.0,0.0
-0.005,0.0,0.0,0.0
0.0,0.016,0.02,0.0
0.005,0.017,0.03,0.0
0.01,0.016,0.027,0.0
0.015,0.016,0.025,0.0
0.02,0.016,0.018,0.0
0.025,0.016,0.018,0.0
0.03,0.016,0.015,0.0
0.035,0.016,0.018,0.0
0.04,0.016,0.015,0.0
0.045,0.016,0.02,0.0
0.05,0.016,0.025,0.0
0.055,0.016,0.027,0.0
0.06,0.016,0.027,0.0
0.065,0.016,0.03,0.0
0.07,0.016,0.03,0.0
0.075,0.016,0.03,0.0
0.08,0.016,0.022,0.0
0.085,0.016,0.022,0.0
0.09,0.016,0.018,0.0
0.095,0.016,0.018,0.0
0.1,0.015,0.018,0.0
0.105,0.016,0.018,0.0
0.11,0.016,0.015,0.0
0.115,0.015,0.022,0.0
0.12,0.015,0.025,0.0
0.125,0.016,0.027,0.0
0.13,0.015,0.027,0.0
0.135,0.016,0.03,0.0
0.14,0.016,0.027,0.0
0.145,0.017,0.03,0.0
0.15,0.016,0.027,0.0
0.155,0.017,0.027,0.0
0.16,0.016,0.027,0.0
0.165,0.016,0.027,0.0
0.17,0.016,0.027,0.0
0.175,0.016,0.027,0.0
0.18,0.016,0.025,0.0
0.185,0.016,0.025,0.0
0.19,0.016,0.025,0.0
0.195,0.017,0.027,0.0
0.2,0.017,0.027,0.0
0.205,0.017,0.027,0.0
0.21,0.016,0.027,0.0
0.215,0.016,0.03,0.0
0.22,0.016,0.027,0.0
0.225,0.016,0.027,0.0
0.23,0.016,0.027,0.0
0.235,0.016,0.027,0.0
0.24,0.016,0.027,0.0
0.245,0.017,0.027,0.0
0.25,0.016,0.027,0.0
0.255,0.016,0.027,0.0
0.26,0.017,0.027,0.0
0.265,0.016,0.027,0.0
0.27,0.017,0.03,0.0
0.275,0.016,0.03,0.0
0.28,0.017,0.025,0.0
0.285,0.016,0.027,0.0
0.29,0.016,0.03,0.0
0.295,0.016,0.025,0.0
0.3,0.016,0.027,0.0
0.305,0.016,0.025,0.0
0.31,0.017,0.027,0.0
0.315,0.016,0.027,0.0
0.32,0.016,0.027,0.0
0.325,0.016,0.03,0.0
0.33,0.017,0.03,0.0
0.335,0.016,0.027,0.0
0.34,0.017,0.027,0.0
0.345,0.016,0.027,0.0
0.35,0.016,0.027,0.0
0.355,0.016,0.025,0.0
0.36,0.016,0.027,0.0
0.365,0.016,0.027,0.0
0.37,0.017,0.027,0.0
0.375,0.016,0.027,0.0
0.38,0.016,0.03,0.0
0.385,0.016,0.027,0.0
0.39,0.016,0.03,0.0
0.395,0.016,0.027,0.0
0.4,0.016,0.03,0.0
0.405,0.016,0.03,0.0
0.41,0.016,0.027,0.0
0.415,0.016,0.027,0.0
0.42,0.016,0.03,0.0
0.425,0.016,0.03,0.0
0.43,0.016,0.03,0.0
0.435,0.016,0.027,0.0
0.44,0.016,0.03,0.0
0.445,0.016,0.03,0.0
0.45,0.016,0.03,0.0
0.455,0.016,0.03,0.0
0.46,0.016,0.03,0.0
0.465,0.016,0.03,0.0
0.47,0.016,0.027,0.0
0.475,0.016,0.03,0.0
0.48,0.016,0.032,0.0
0.485,0.016,0.032,0.0
0.49,0.016,0.03,0.0
0.495,0.016,0.032,0.0
0.5,0.016,0.03,0.0
0.505,0.016,0.03,0.0
0.51,0.444,0.045,3.0
0.515,0.576,0.428,3.0
0.52,0.559,0.777,3.0
0.525,0.514,1.082,3.0
0.53,0.592,1.335,3.0
0.535,0.578,1.523,3.0
0.54,0.527,1.635,3.0
0.545,0.481,1.785,3.0
0.55,0.452,1.9,3.0
0.555,0.448,1.957,3.0
0.56,0.414,2.09,3.0
0.565,0.449,2.162,3.0
0.57,0.424,2.188,3.0
0.575,0.405,2.288,3.0
0.58,0.414,2.315,3.0
0.585,0.375,2.408,3.0
0.59,0.413,2.432,3.0
0.595,0.37,2.487,3.0
0.6,0.417,2.548,3.0
0.605,0.375,2.585,3.0
0.61,0.375,2.67,3.0
0.615,0.391,2.628,3.0
0.62,0.373,2.738,3.0
0.625,0.368,2.705,3.0
0.63,0.364,2.81,3.0
0.635,0.359,2.77,3.0
0.64,0.357,2.873,3.0
0.645,0.359,2.825,3.0
0.65,0.35,2.935,3.0
0.655,0.34,2.903,3.0
0.66,0.377,2.938,3.0
0.665,0.317,2.957,3.0
0.67,0.366,3.005,3.0
0.675,0.315,3.027,3.0
0.68,0.359,2.988,3.0
0.685,0.319,3.045,3.0
0.69,0.345,3.035,3.0
0.695,0.317,3.112,3.0
0.7,0.347,3.095,3.0
0.705,0.329,3.168,3.0
0.71,0.303,3.133,3.0
0.715,0.35,3.158,3.0
0.72,0.296,3.19,3.0
0.725,0.338,3.168,3.0
0.73,0.303,3.215,3.0
0.735,0.37,3.182,3.0
0.74,0.322,3.247,3.0
0.745,0.299,3.21,3.0
0.75,0.349,3.22,3.0
0.755,0.292,3.253,3.0
0.76,0.331,3.205,3.0
0.765,0.317,3.253,3.0
0.77,0.308,3.215,3.0
0.775,0.343,3.262,3.0
0.78,0.29,3.298,3.0
0.785,0.358,3.268,3.0
0.79,0.301,3.307,3.0
0.795,0.31,3.262,3.0
0.8,0.344,3.295,3.0
0.805,0.288,3.29,3.0
0.81,0.324,3.285,3.0
0.815,0.289,3.34,3.0
0.82,0.309,3.307,3.0
0.825,0.331,3.342,3.0
0.83,0.284,3.31,3.0
0.835,0.322,3.303,3.0
0.84,0.285,3.368,3.0
0.845,0.312,3.32,3.0
0.85,0.342,3.332,3.0
0.855,0.278,3.342,3.0
0.86,0.35,3.34,3.0
0.865,0.289,3.37,3.0
0.87,0.308,3.307,3.0
0.875,0.34,3.345,3.0
0.88,0.28,3.38,3.0
0.885,0.342,3.345,3.0
0.89,0.299,3.365,3.0
0.895,0.287,3.318,3.0
0.9,0.332,3.363,3.0
0.905,0.275,3.398,3.0
0.91,0.358,3.325,3.0
0.915,0.31,3.363,3.0
0.92,0.278,3.35,3.0
0.925,0.327,3.383,3.0
0.93,0.287,3.372,3.0
0.935,0.368,3.327,3.0
0.94,0.302,3.418,3.0
0.945,0.273,3.363,3.0
0.95,0.329,3.327,3.0
0.955,0.282,3.383,3.0
0.96,0.301,3.372,3.0
0.965,0.326,3.398,3.0
0.97,0.277,3.365,3.0
0.975,0.317,3.37,3.0
0.98,0.288,3.412,3.0
0.985,0.303,3.338,3.0
0.99,0.333,3.388,3.0
0.995,0.271,3.425,3.0
1.0,0.321,3.352,3.0
1.005,0.301,3.398,3.0
1.01,0.273,3.385,3.0
1.015,0.327,3.388,3.0
1.02,0.283,3.385,3.0
1.025,0.357,3.368,3.0
1.03,0.303,3.435,3.0
1.035,0.279,3.36,3.0
1.04,0.351,3.347,3.0
1.045,0.336,3.418,3.0
1.05,0.367,3.358,3.0
1.055,0.336,3.37,3.0
1.06,0.27,3.39,3.0
1.065,0.306,3.363,3.0
1.07,0.297,3.395,3.0
1.075,0.291,3.345,3.0
1.08,0.335,3.39,3.0
1.085,0.272,3.408,3.0
1.09,0.363,3.327,3.0
1.095,0.336,3.412,3.0
1.1,0.273,3.363,3.0
1.105,0.327,3.36,3.0
1.11,0.281,3.375,3.0
1.115,0.307,3.365,3.0
1.12,0.306,3.422,3.0
1.125,0.285,3.36,3.0
1.13,0.344,3.352,3.0
1.135,0.282,3.412,3.0
1.14,0.295,3.358,3.0
1.145,0.334,3.38,3.0
1.15,0.269,3.422,3.0
1.155,0.319,3.372,3.0
1.16,0.312,3.395,3.0
1.165,0.282,3.372,3.0
1.17,0.326,3.4,3.0
1.175,0.285,3.39,3.0
1.18,0.318,3.35,3.0
1.185,0.3,3.442,3.0
1.19,0.274,3.375,3.0
1.195,0.317,3.35,3.0
1.2,0.28,3.425,3.0
1.205,0.299,3.38,3.0
1.21,0.331,3.385,3.0
1.215,0.269,3.418,3.0
1.22,0.345,3.388,3.0
1.225,0.306,3.388,3.0
1.23,0.283,3.35,3.0
1.235,0.322,3.398,3.0
1.24,0.282,3.402,3.0
1.245,0.32,3.338,3.0
1.25,0.299,3.438,3.0
1.255,0.275,3.388,3.0
1.26,0.319,3.355,3.0
1.265,0.276,3.418,3.0
1.27,0.305,3.388,3.0
1.275,0.333,3.392,3.0
1.28,0.269,3.412,3.0
1.285,0.305,3.385,3.0
1.29,0.301,3.402,3.0
1.295,0.282,3.372,3.0
1.3,0.322,3.415,3.0
1.305,0.279,3.415,3.0
1.31,0.361,3.363,3.0
1.315,0.296,3.447,3.0
1.32,0.27,3.385,3.0
1.325,0.317,3.358,3.0
1.33,0.275,3.422,3.0
1.335,0.292,3.38,3.0
1.34,0.328,3.39,3.0
1.345,0.269,3.42,3.0
1.35,0.305,3.377,3.0
1.355,0.299,3.405,3.0
1.36,0.287,3.38,3.0
1.365,0.324,3.398,3.0
1.37,0.278,3.398,3.0
1.375,0.31,3.372,3.0
1.38,0.299,3.447,3.0
1.385,0.275,3.377,3.0
1.39,0.312,3.372,3.0
1.395,0.278,3.433,3.0
1.4,0.29,3.365,3.0
1.405,0.326,3.395,3.0
1.41,0.266,3.442,3.0
1.415,0.311,3.363,3.0
1.42,0.294,3.425,3.0
1.425,0.269,3.402,3.0
1.43,0.325,3.388,3.0
1.435,0.273,3.405,3.0
1.44,0.306,3.4,3.0
1.445,0.315,3.422,3.0
1.45,0.269,3.398,3.0
1.455,0.304,3.395,3.0
1.46,0.289,3.42,3.0
1.465,0.282,3.368,3.0
1.47,0.32,3.425,3.0
1.475,0.274,3.43,3.0
1.48,0.315,3.338,3.0
1.485,0.294,3.455,3.0
1.49,0.271,3.392,3.0
1.495,0.312,3.358,3.0
1.5,0.273,3.433,3.0
1.505,0.294,3.39,3.0
1.51,0.326,3.39,3.0
1.515,0.271,3.44,3.0
1.52,0.305,3.383,3.0
1.525,0.294,3.415,3.0
1.53,0.269,3.402,3.0
1.535,0.321,3.408,3.0
1.54,0.276,3.405,3.0
1.545,0.298,3.395,3.0
1.55,0.306,3.442,3.0
1.555,0.278,3.392,3.0
1.56,0.308,3.392,3.0
1.565,0.28,3.433,3.0
1.57,0.285,3.365,3.0
1.575,0.319,3.415,3.0
1.58,0.271,3.438,3.0
1.585,0.319,3.355,3.0
1.59,0.287,3.455,3.0
1.595,0.268,3.398,3.0
1.6,0.315,3.37,3.0
1.605,0.269,3.438,3.0
1.61,0.292,3.385,3.0
1.615,0.324,3.395,3.0
1.62,0.267,3.445,3.0
1.625,0.301,3.385,3.0
1.63,0.294,3.412,3.0
1.635,0.269,3.408,3.0
1.64,0.323,3.41,3.0
1.645,0.276,3.405,3.0
1.65,0.303,3.402,3.0
1.655,0.303,3.442,3.0
1.66,0.272,3.392,3.0
1.665,0.306,3.398,3.0
1.67,0.28,3.43,3.0
1.675,0.282,3.368,3.0
1.68,0.322,3.422,3.0
1.685,0.27,3.44,3.0
1.69,0.322,3.342,3.0
1.695,0.292,3.453,3.0
1.7,0.269,3.4,3.0
1.705,0.312,3.368,3.0
1.71,0.266,3.435,3.0
1.715,0.294,3.39,3.0
1.72,0.298,3.398,3.0
1.725,0.261,3.445,3.0
1.73,0.318,3.38,3.0
1.735,0.292,3.428,3.0
1.74,0.269,3.408,3.0
1.745,0.321,3.395,3.0
1.75,0.257,3.415,3.0
1.755,0.294,3.412,3.0
1.76,0.298,3.428,3.0
1.765,0.266,3.418,3.0
1.77,0.304,3.412,3.0
1.775,0.271,3.42,3.0
1.78,0.276,3.388,3.0
1.785,0.315,3.428,3.0
1.79,0.266,3.42,3.0
1.795,0.312,3.39,3.0
1.8,0.292,3.47,3.0
1.805,0.269,3.392,3.0
1.81,0.312,3.392,3.0
1.815,0.259,3.447,3.0
1.82,0.289,3.372,3.0
1.825,0.306,3.405,3.0
1.83,0.264,3.453,3.0
1.835,0.282,3.355,3.0
1.84,0.274,3.457,3.0
1.845,0.266,3.415,3.0
1.85,0.282,3.388,3.0
1.855,0.25,3.46,3.0
1.86,0.269,3.41,3.0
1.865,0.319,3.428,3.0
1.87,0.266,3.47,3.0
1.875,0.313,3.377,3.0
1.88,0.287,3.453,3.0
1.885,0.265,3.422,3.0
1.89,0.326,3.38,3.0
1.895,0.25,3.435,3.0
1.9,0.294,3.412,3.0
1.905,0.326,3.412,3.0
1.91,0.261,3.45,3.0
1.915,0.301,3.405,3.0
1.92,0.275,3.428,3.0
1.925,0.269,3.418,3.0
1.93,0.322,3.412,3.0
1.935,0.258,3.418,3.0
1.94,0.299,3.415,3.0
1.945,0.283,3.44,3.0
1.95,0.262,3.44,3.0
1.955,0.271,3.418,3.0
1.96,0.273,3.44,3.0
1.965,0.257,3.435,3.0
1.97,0.272,3.438,3.0
1.975,0.255,3.438,3.0
1.98,0.284,3.44,3.0
1.985,0.28,3.455,3.0
1.99,0.26,3.445,3.0
1.995,0.34,3.43,3.0
2.0,0.299,3.428,3.0
2.005,-0.19,3.383,0.0
2.01,-0.304,3.017,0.0
2.015,-0.282,2.65,0.0
2.02,-0.238,2.368,0.0
2.025,-0.221,2.115,0.0
2.03,-0.205,1.96,0.0
2.035,-0.179,1.76,0.0
2.04,-0.167,1.647,0.0
2.045,-0.154,1.54,0.0
2.05,-0.141,1.413,0.0
2.055,-0.128,1.283,0.0
2.06,-0.117,1.235,0.0
2.065,-0.113,1.16,0.0
2.07,-0.104,1.1,0.0
2.075,-0.093,0.995,0.0
2.08,-0.087,0.942,0.0
2.085,-0.083,0.895,0.0
2.09,-0.076,0.85,0.0
2.095,-0.071,0.798,0.0
2.1,-0.066,0.75,0.0
2.105,-0.06,0.688,0.0
2.11,-0.052,0.637,0.0
2.115,-0.049,0.59,0.0
2.12,-0.045,0.57,0.0
2.125,-0.042,0.542,0.0
2.13,-0.038,0.512,0.0
2.135,-0.036,0.487,0.0
2.14,-0.033,0.455,0.0
2.145,-0.032,0.423,0.0
2.15,-0.028,0.407,0.0
2.155,-0.024,0.377,0.0
2.16,-0.021,0.35,0.0
2.165,-0.019,0.327,0.0
2.17,-0.015,0.305,0.0
2.175,-0.014,0.287,0.0
2.18,-0.012,0.262,0.0
2.185,-0.009,0.243,0.0
2.19,-0.007,0.233,0.0
2.195,-0.006,0.218,0.0
2.2,-0.004,0.198,0.0
2.205,-0.002,0.183,0.0
2.21,-0.0,0.17,0.0
2.215,0.002,0.157,0.0
2.22,0.003,0.142,0.0
2.225,0.004,0.13,0.0
2.23,0.005,0.122,0.0
2.235,0.007,0.108,0.0
2.24,0.009,0.09,0.0
2.245,0.01,0.08,0.0
2.25,0.011,0.065,0.0
2.255,0.012,0.055,0.0
2.26,0.013,0.047,0.0
2.265,0.014,0.043,0.0
2.27,0.014,0.035,0.0
2.275,0.015,0.027,0.0
2.28,0.016,0.02,0.0
2.285,0.018,0.02,0.0
2.29,0.017,0.018,0.0
2.295,0.017,0.018,0.0
2.3,0.016,0.018,0.0
2.305,0.016,0.02,0.0
2.31,0.016,0.018,0.0
2.315,0.016,0.018,0.0
2.32,0.016,0.018,0.0
2.325,0.016,0.02,0.0
2.33,0.016,0.018,0.0
2.335,0.018,0.018,0.0
2.34,0.017,0.018,0.0
2.345,0.016,0.02,0.0
2.35,0.016,0.018,0.0
2.355,0.016,0.018,0.0
2.36,0.016,0.018,0.0
2.365,0.016,0.02,0.0
2.37,0.016,0.018,0.0
2.375,0.016,0.02,0.0
2.38,0.016,0.018,0.0
2.385,0.016,0.02,0.0
2.39,0.016,0.02,0.0
2.395,0.016,0.018,0.0
2.4,0.016,0.022,0.0
2.405,0.016,0.02,0.0
2.41,0.016,0.02,0.0
2.415,0.016,0.02,0.0
2.42,0.016,0.022,0.0
2.425,0.016,0.02,0.0
2.43,0.016,0.022,0.0
2.435,0.016,0.02,0.0
2.44,0.017,0.022,0.0
2.445,0.016,0.02,0.0
2.45,0.016,0.022,0.0
2.455,0.016,0.022,0.0
2.46,0.016,0.025,0.0
2.465,0.016,0.02,0.0
2.47,0.016,0.022,0.0
2.475,0.016,0.022,0.0
2.48,0.016,0.022,0.0
2.485,0.016,0.022,0.0
2.49,0.016,0.022,0.0
2.495,0.016,0.022,0.0
2.5,0.017,0.022,0.0
2.505,0.016,0.025,0.0
2.51,0.016,0.022,0.0
2.515,0.016,0.022,0.0
2.52,0.016,0.022,0.0
2.525,0.015,0.022,0.0
2.53,0.016,0.02,0.0
2.535,0.016,0.022,0.0
2.54,0.016,0.02,0.0
2.545,0.016,0.022,0.0
2.55,0.016,0.022,0.0
2.555,0.016,0.022,0.0
2.56,0.017,0.022,0.0
2.565,0.016,0.022,0.0
2.57,0.016,0.022,0.0
2.575,0.016,0.025,0.0
2.58,0.016,0.022,0.0
2.585,0.016,0.022,0.0
2.59,0.016,0.022,0.0
2.595,0.016,0.022,0.0
2.6,0.016,0.022,0.0
2.605,0.017,0.025,0.0
2.61,0.016,0.022,0.0
2.615,0.016,0.022,0.0
2.62,0.016,0.022,0.0
2.625,0.016,0.025,0.0
2.63,0.016,0.022,0.0
2.635,0.016,0.025,0.0
2.64,0.016,0.025,0.0
2.645,0.016,0.025,0.0
2.65,0.016,0.022,0.0
2.655,0.017,0.025,0.0
2.66,0.016,0.025,0.0
2.665,0.017,0.027,0.0
2.67,0.016,0.027,0.0
2.675,0.017,0.025,0.0
2.68,0.016,0.025,0.0
2.685,0.017,0.027,0.0
2.69,0.016,0.027,0.0
2.695,0.016,0.027,0.0
2.7,0.016,0.025,0.0
2.705,0.017,0.025,0.0
2.71,0.016,0.025,0.0
2.715,0.016,0.027,0.0
2.72,0.016,0.027,0.0
2.725,0.016,0.027,0.0
2.73,0.016,0.027,0.0
2.735,0.016,0.027,0.0
2.74,0.016,0.027,0.0
2.745,0.016,0.027,0.0
2.75,0.016,0.025,0.0
2.755,0.016,0.027,0.0
2.76,0.016,0.027,0.0
2.765,0.016,0.025,0.0
2.77,0.016,0.027,0.0
2.775,0.016,0.027,0.0
2.78,0.017,0.027,0.0
2.785,0.017,0.027,0.0
2.79,0.017,0.025,0.0
2.795,0.017,0.027,0.0
2.8,0.016,0.027,0.0
2.805,0.016,0.025,0.0
2.81,0.016,0.027,0.0
2.815,0.017,0.027,0.0
2.82,0.017,0.027,0.0
2.825,0.017,0.027,0.0
2.83,0.017,0.027,0.0
2.835,0.016,0.027,0.0
2.84,0.016,0.032,0.0
2.845,0.016,0.027,0.0
2.85,0.016,0.027,0.0
2.855,0.016,0.027,0.0
2.86,0.016,0.027,0.0
2.865,0.016,0.025,0.0
2.87,0.016,0.03,0.0
2.875,0.016,0.027,0.0
2.88,0.017,0.027,0.0
2.885,0.016,0.027,0.0
2.89,0.016,0.03,0.0
2.895,0.016,0.03,0.0
2.9,0.016,0.027,0.0
2.905,0.016,0.027,0.0
2.91,0.016,0.027,0.0
2.915,0.016,0.03,0.0
2.92,0.016,0.027,0.0
2.925,0.016,0.03,0.0
2.93,0.016,0.03,0.0
2.935,0.017,0.03,0.0
2.94,0.016,0.03,0.0
2.945,0.016,0.03,0.0
2.95,0.016,0.03,0.0
2.955,0.016,0.03,0.0
2.96,0.016,0.03,0.0
2.965,0.017,0.032,0.0
2.97,0.016,0.03,0.0
2.975,0.016,0.03,0.0
2.98,0.016,0.027,0.0
2.985,0.016,0.032,0.0
2.99,0.016,0.03,0.0
2.995,0.016,0.03,0.0
3.0,0.016,0.03,0.0
3.005,0.016,0.03,0.0
3.01,0.016,0.03,0.0
3.015,0.017,0.03,0.0
3.02,0.015,0.027,0.0
3.025,0.016,0.032,0.0
3.03,0.016,0.027,0.0
3.035,0.016,0.03,0.0
3.04,0.016,0.03,0.0
3.045,0.017,0.032,0.0
3.05,0.016,0.03,0.0
3.055,0.016,0.027,0.0
3.06,0.016,0.027,0.0
3.065,0.016,0.03,0.0
3.07,0.015,0.027,0.0
3.075,0.016,0.03,0.0
3.08,0.016,0.03,0.0
3.085,0.016,0.03,0.0
3.09,0.016,0.027,0.0
3.095,0.016,0.027,0.0
3.1,0.016,0.032,0.0
3.105,0.016,0.03,0.0
3.11,0.016,0.027,0.0
3.115,0.016,0.027,0.0
3.12,0.016,0.032,0.0
3.125,0.016,0.03,0.0
3.13,0.016,0.027,0.0
3.135,0.016,0.027,0.0
3.14,0.016,0.03,0.0
3.145,0.016,0.03,0.0
3.15,0.016,0.027,0.0
3.155,0.015,0.03,0.0
3.16,0.016,0.03,0.0
3.165,0.016,0.03,0.0
3.17,0.016,0.027,0.0
3.175,0.016,0.03,0.0
3.18,0.016,0.03,0.0
3.185,0.016,0.027,0.0
3.19,0.016,0.027,0.0
3.195,0.016,0.03,0.0
3.2,0.016,0.03,0.0
3.205,0.016,0.027,0.0
3.21,0.017,0.03,0.0
3.215,0.016,0.03,0.0
3.22,0.016,0.032,0.0
3.225,0.016,0.03,0.0
3.23,0.016,0.03,0.0
3.235,0.015,0.03,0.0
3.24,0.016,0.03,0.0
3.245,0.016,0.027,0.0
3.25,0.016,0.03,0.0
3.255,0.016,0.03,0.0
3.26,0.016,0.03,0.0
3.265,0.016,0.03,0.0
3.27,0.016,0.032,0.0
3.275,0.016,0.03,0.0
3.28,0.016,0.03,0.0
3.285,0.016,0.027,0.0
3.29,0.016,0.032,0.0
3.295,0.016,0.03,0.0
3.3,0.016,0.027,0.0
3.305,0.016,0.03,0.0
3.31,0.016,0.032,0.0
3.315,0.016,0.03,0.0
3.32,0.016,0.027,0.0
3.325,0.016,0.032,0.0
3.33,0.016,0.027,0.0
3.335,0.016,0.03,0.0
3.34,0.016,0.027,0.0
3.345,0.016,0.03,0.0
3.35,0.016,0.03,0.0
3.355,0.016,0.027,0.0
3.36,0.016,0.025,0.0
3.365,0.016,0.03,0.0
3.37,0.016,0.03,0.0
3.375,0.016,0.027,0.0
3.38,0.016,0.027,0.0
3.385,0.016,0.032,0.0
3.39,0.015,0.03,0.0
3.395,0.016,0.027,0.0
3.4,0.015,0.027,0.0
3.405,0.015,0.032,0.0
3.41,0.016,0.027,0.0
3.415,0.016,0.027,0.0
3.42,0.016,0.03,0.0
3.425,0.016,0.03,0.0
3.43,0.016,0.03,0.0
3.435,0.016,0.027,0.0
3.44,0.016,0.03,0.0
3.445,0.016,0.027,0.0
3.45,0.016,0.027,0.0
3.455,0.016,0.027,0.0
3.46,0.016,0.03,0.0
3.465,0.016,0.03,0.0
3.47,0.016,0.027,0.0
3.475,0.016,0.027,0.0
3.48,0.016,0.03,0.0
3.485,0.016,0.03,0.0
3.49,0.016,0.027,0.0
3.495,0.016,0.027,0.0
3.5,0.016,0.03,0.0
3.505,0.016,0.03,0.0
3.51,0.016,0.027,0.0
3.515,0.016,0.027,0.0
3.52,0.016,0.03,0.0
3.525,0.016,0.027,0.0
3.53,0.016,0.027,0.0
3.535,0.016,0.03,0.0
3.54,0.017,0.03,0.0
3.545,0.016,0.027,0.0
3.55,0.016,0.027,0.0
3.555,0.015,0.03,0.0
3.56,0.016,0.03,0.0
3.565,0.015,0.025,0.0
3.57,0.016,0.025,0.0
3.575,0.016,0.027,0.0
3.58,0.016,0.027,0.0
3.585,0.016,0.027,0.0
3.59,0.017,0.027,0.0
3.595,0.016,0.03,0.0
3.6,0.016,0.027,0.0
3.605,0.015,0.025,0.0
3.61,0.016,0.027,0.0
3.615,0.015,0.03,0.0
3.62,0.016,0.025,0.0
3.625,0.016,0.027,0.0
3.63,0.016,0.027,0.0
3.635,0.016,0.027,0.0
3.64,0.016,0.025,0.0
3.645,0.016,0.022,0.0
3.65,0.016,0.027,0.0
3.655,0.016,0.027,0.0
3.66,0.016,0.027,0.0
3.665,0.016,0.022,0.0
3.67,0.016,0.027,0.0
3.675,0.016,0.027,0.0
3.68,0.016,0.025,0.0
3.685,0.015,0.025,0.0
3.69,0.016,0.027,0.0
3.695,0.016,0.025,0.0
3.7,0.016,0.022,0.0
3.705,0.016,0.025,0.0
3.71,0.016,0.027,0.0
3.715,0.016,0.025,0.0
3.72,0.015,0.022,0.0
3.725,0.016,0.025,0.0
3.73,0.016,0.025,0.0
3.735,0.016,0.022,0.0
3.74,0.016,0.022,0.0
3.745,0.016,0.025,0.0
3.75,0.016,0.022,0.0
3.755,0.017,0.022,0.0
3.76,0.016,0.02,0.0
3.765,0.016,0.027,0.0
3.77,0.016,0.025,0.0
3.775,0.016,0.022,0.0
3.78,0.015,0.022,0.0
3.785,0.016,0.025,0.0
3.79,0.016,0.022,0.0
3.795,0.016,0.022,0.0
3.8,0.016,0.022,0.0
3.805,0.016,0.025,0.0
3.81,0.016,0.022,0.0
3.815,0.016,0.022,0.0
3.82,0.015,0.022,0.0
3.825,0.016,0.025,0.0
3.83,0.016,0.022,0.0
3.835,0.015,0.022,0.0
3.84,0.016,0.025,0.0
3.845,0.016,0.022,0.0
3.85,0.015,0.022,0.0
3.855,0.016,0.022,0.0
3.86,0.016,0.022,0.0
3.865,0.015,0.025,0.0
3.87,0.016,0.022,0.0
3.875,0.016,0.02,0.0
3.88,0.016,0.022,0.0
3.885,0.016,0.02,0.0
3.89,0.016,0.02,0.0
3.895,0.016,0.02,0.0
3.9,0.016,0.025,0.0
3.905,0.016,0.022,0.0
3.91,0.016,0.02,0.0
3.915,0.016,0.022,0.0
3.92,0.016,0.022,0.0
3.925,0.016,0.02,0.0
3.93,0.016,0.02,0.0
3.935,0.016,0.022,0.0
3.94,0.016,0.02,0.0
3.945,0.015,0.018,0.0
3.95,0.016,0.02,0.0
3.955,0.016,0.02,0.0
3.96,0.016,0.022,0.0
3.965,0.016,0.02,0.0
3.97,0.016,0.02,0.0
3.975,0.016,0.022,0.0
3.98,0.016,0.02,0.0
3.985,0.016,0.015,0.0
3.99,0.016,0.018,0.0
3.995,0.016,0.02,0.0
4.0,0.016,0.02,0.0
4.005,0.016,0.015,0.0
4.01,0.447,0.032,3.0
4.015,0.572,0.42,3.0
4.02,0.541,0.793,3.0
4.025,0.544,1.092,3.0
4.03,0.514,1.28,3.0
4.035,0.504,1.467,3.0
4.04,0.456,1.655,3.0
4.045,0.458,1.793,3.0
4.05,0.454,1.845,3.0
4.055,0.427,2.005,3.0
4.06,0.431,2.062,3.0
4.065,0.435,2.132,3.0
4.07,0.406,2.245,3.0
4.075,0.428,2.275,3.0
4.08,0.387,2.355,3.0
4.085,0.421,2.405,3.0
4.09,0.393,2.445,3.0
4.095,0.389,2.553,3.0
4.1,0.397,2.545,3.0
4.105,0.367,2.595,3.0
4.11,0.4,2.598,3.0
4.115,0.359,2.7,3.0
4.12,0.377,2.655,3.0
4.125,0.348,2.758,3.0
4.13,0.367,2.738,3.0
4.135,0.342,2.825,3.0
4.14,0.364,2.785,3.0
4.145,0.331,2.898,3.0
4.15,0.379,2.85,3.0
4.155,0.336,2.923,3.0
4.16,0.345,2.938,3.0
4.165,0.34,2.993,3.0
4.17,0.335,2.938,3.0
4.175,0.345,3.023,3.0
4.18,0.305,3.02,3.0
4.185,0.354,3.058,3.0
4.19,0.315,3.097,3.0
4.195,0.347,3.075,3.0
4.2,0.309,3.108,3.0
4.205,0.343,3.077,3.0
4.21,0.323,3.147,3.0
4.215,0.308,3.105,3.0
4.22,0.349,3.145,3.0
4.225,0.302,3.168,3.0
4.23,0.368,3.15,3.0
4.235,0.294,3.188,3.0
4.24,0.327,3.175,3.0
4.245,0.311,3.255,3.0
4.25,0.282,3.215,3.0
4.255,0.339,3.24,3.0
4.26,0.285,3.277,3.0
4.265,0.356,3.217,3.0
4.27,0.306,3.247,3.0
4.275,0.338,3.203,3.0
4.28,0.34,3.247,3.0
4.285,0.282,3.277,3.0
4.29,0.356,3.26,3.0
4.295,0.264,3.303,3.0
4.3,0.306,3.262,3.0
4.305,0.331,3.295,3.0
4.31,0.292,3.28,3.0
4.315,0.324,3.275,3.0
4.32,0.261,3.335,3.0
4.325,0.303,3.307,3.0
4.33,0.29,3.33,3.0
4.335,0.271,3.315,3.0
4.34,0.313,3.322,3.0
4.345,0.256,3.377,3.0
4.35,0.273,3.32,3.0
4.355,0.284,3.347,3.0
4.36,0.259,3.4,3.0
4.365,0.314,3.35,3.0
4.37,0.278,3.363,3.0
4.375,0.275,3.345,3.0
4.38,0.318,3.388,3.0
4.385,0.264,3.388,3.0
4.39,0.312,3.327,3.0
4.395,0.273,3.425,3.0
4.4,0.266,3.37,3.0
4.405,0.324,3.34,3.0
4.41,0.252,3.398,3.0
4.415,0.312,3.38,3.0
4.42,0.331,3.385,3.0
4.425,0.261,3.39,3.0
4.43,0.308,3.375,3.0
4.435,0.267,3.4,3.0
4.44,0.285,3.347,3.0
4.445,0.326,3.402,3.0
4.45,0.272,3.415,3.0
4.455,0.324,3.335,3.0
4.46,0.292,3.433,3.0
4.465,0.27,3.383,3.0
4.47,0.323,3.352,3.0
4.475,0.254,3.412,3.0
4.48,0.296,3.39,3.0
4.485,0.331,3.398,3.0
4.49,0.257,3.415,3.0
4.495,0.302,3.392,3.0
4.5,0.275,3.4,3.0
4.505,0.275,3.377,3.0
4.51,0.324,3.418,3.0
4.515,0.267,3.405,3.0
4.52,0.306,3.375,3.0
4.525,0.296,3.465,3.0
4.53,0.266,3.385,3.0
4.535,0.31,3.38,3.0
4.54,0.251,3.442,3.0
4.545,0.29,3.372,3.0
4.55,0.324,3.4,3.0
4.555,0.266,3.45,3.0
4.56,0.323,3.35,3.0
4.565,0.277,3.43,3.0
4.57,0.268,3.405,3.0
4.575,0.324,3.375,3.0
4.58,0.27,3.415,3.0
4.585,0.299,3.4,3.0
4.59,0.289,3.412,3.0
4.595,0.259,3.425,3.0
4.6,0.31,3.4,3.0
4.605,0.278,3.418,3.0
4.61,0.27,3.398,3.0
4.615,0.322,3.418,3.0
4.62,0.271,3.41,3.0
4.625,0.353,3.385,3.0
4.63,0.349,3.453,3.0
4.635,0.28,3.37,3.0
4.64,0.354,3.377,3.0
4.645,0.338,3.425,3.0
4.65,0.331,3.342,3.0
4.655,0.281,3.375,3.0
4.66,0.257,3.44,3.0
4.665,0.288,3.363,3.0
4.67,0.275,3.425,3.0
4.675,0.264,3.415,3.0
4.68,0.354,3.39,3.0
4.685,0.259,3.408,3.0
4.69,0.269,3.418,3.0
4.695,0.306,3.43,3.0
4.7,0.257,3.422,3.0
4.705,0.292,3.415,3.0
4.71,0.269,3.428,3.0
4.715,0.271,3.395,3.0
4.72,0.282,3.435,3.0
4.725,0.261,3.425,3.0
4.73,0.301,3.405,3.0
4.735,0.276,3.467,3.0
4.74,0.262,3.415,3.0
4.745,0.296,3.412,3.0
4.75,0.263,3.45,3.0
4.755,0.272,3.398,3.0
4.76,0.31,3.442,3.0
4.765,0.257,3.44,3.0
4.77,0.272,3.385,3.0
4.775,0.27,3.48,3.0
4.78,0.268,3.408,3.0
4.785,0.303,3.412,3.0
4.79,0.252,3.463,3.0
4.795,0.28,3.392,3.0
4.8,0.278,3.442,3.0
4.805,0.259,3.463,3.0
4.81,0.306,3.39,3.0
4.815,0.265,3.485,3.0
4.82,0.259,3.422,3.0
4.825,0.292,3.412,3.0
4.83,0.249,3.473,3.0
4.835,0.289,3.4,3.0
4.84,0.312,3.447,3.0
4.845,0.256,3.46,3.0
4.85,0.274,3.383,3.0
4.855,0.266,3.495,3.0
4.86,0.264,3.422,3.0
4.865,0.342,3.415,3.0
4.87,0.25,3.463,3.0
4.875,0.288,3.388,3.0
4.88,0.308,3.428,3.0
4.885,0.264,3.463,3.0
4.89,0.316,3.377,3.0
4.895,0.27,3.473,3.0
4.9,0.257,3.422,3.0
4.905,0.306,3.402,3.0
4.91,0.245,3.47,3.0
4.915,0.284,3.405,3.0
4.92,0.289,3.438,3.0
4.925,0.26,3.477,3.0
4.93,0.324,3.37,3.0
4.935,0.268,3.465,3.0
4.94,0.261,3.422,3.0
4.945,0.315,3.39,3.0
4.95,0.248,3.46,3.0
4.955,0.291,3.412,3.0
4.96,0.312,3.42,3.0
4.965,0.25,3.473,3.0
4.97,0.303,3.395,3.0
4.975,0.271,3.463,3.0
4.98,0.257,3.438,3.0
4.985,0.313,3.4,3.0
4.99,0.248,3.46,3.0
4.995,0.286,3.422,3.0
5.0,0.282,3.425,3.0
5.005,0.252,3.475,3.0
5.01,0.303,3.402,3.0
5.015,0.271,3.453,3.0
5.02,0.257,3.447,3.0
5.025,0.317,3.41,3.0
5.03,0.251,3.453,3.0
5.035,0.287,3.435,3.0
5.04,0.285,3.43,3.0
5.045,0.254,3.465,3.0
5.05,0.303,3.412,3.0
5.055,0.273,3.453,3.0
5.06,0.262,3.438,3.0
5.065,0.296,3.412,3.0
5.07,0.262,3.457,3.0
5.075,0.28,3.438,3.0
5.08,0.281,3.435,3.0
5.085,0.252,3.477,3.0
5.09,0.291,3.428,3.0
5.095,0.269,3.447,3.0
5.1,0.262,3.45,3.0
5.105,0.315,3.428,3.0
5.11,0.248,3.453,3.0
5.115,0.259,3.447,3.0
5.12,0.285,3.445,3.0
5.125,0.255,3.48,3.0
5.13,0.291,3.422,3.0
5.135,0.27,3.465,3.0
5.14,0.263,3.447,3.0
5.145,0.319,3.412,3.0
5.15,0.248,3.453,3.0
5.155,0.271,3.44,3.0
5.16,0.325,3.435,3.0
5.165,0.271,3.47,3.0
5.17,0.341,3.415,3.0
5.175,0.289,3.433,3.0
5.18,0.275,3.412,3.0
5.185,0.373,3.418,3.0
5.19,0.254,3.405,3.0
5.195,0.352,3.405,3.0
5.2,0.285,3.445,3.0
5.205,0.266,3.402,3.0
5.21,0.309,3.405,3.0
5.215,0.26,3.44,3.0
5.22,0.278,3.383,3.0
5.225,0.321,3.433,3.0
5.23,0.257,3.447,3.0
5.235,0.363,3.368,3.0
5.24,0.295,3.463,3.0
5.245,0.296,3.392,3.0
5.25,0.358,3.372,3.0
5.255,0.322,3.433,3.0
5.26,0.352,3.37,3.0
5.265,0.285,3.388,3.0
5.27,0.266,3.44,3.0
5.275,0.336,3.395,3.0
5.28,0.274,3.415,3.0
5.285,0.255,3.418,3.0
5.29,0.302,3.425,3.0
5.295,0.265,3.425,3.0
5.3,0.345,3.422,3.0
5.305,0.301,3.455,3.0
5.31,0.281,3.4,3.0
5.315,0.343,3.405,3.0
5.32,0.257,3.428,3.0
5.325,0.281,3.368,3.0
5.33,0.296,3.428,3.0
5.335,0.258,3.453,3.0
5.34,0.316,3.37,3.0
5.345,0.266,3.475,3.0
5.35,0.262,3.422,3.0
5.355,0.315,3.39,3.0
5.36,0.267,3.46,3.0
5.365,0.289,3.405,3.0
5.37,0.317,3.42,3.0
5.375,0.257,3.46,3.0
5.38,0.299,3.392,3.0
5.385,0.271,3.453,3.0
5.39,0.258,3.433,3.0
5.395,0.308,3.41,3.0
5.4,0.262,3.463,3.0
5.405,0.257,3.44,3.0
5.41,0.278,3.435,3.0
5.415,0.253,3.485,3.0
5.42,0.27,3.428,3.0
5.425,0.266,3.46,3.0
5.43,0.254,3.457,3.0
5.435,0.28,3.428,3.0
5.44,0.254,3.475,3.0
5.445,0.266,3.45,3.0
5.45,0.278,3.445,3.0
5.455,0.255,3.498,3.0
5.46,0.277,3.425,3.0
5.465,0.266,3.485,3.0
5.47,0.254,3.457,3.0
5.475,0.284,3.42,3.0
5.48,0.243,3.487,3.0
5.485,0.259,3.445,3.0
5.49,0.273,3.453,3.0
5.495,0.252,3.507,3.0
5.5,0.276,3.415,3.0
5.505,0.262,3.507,3.0
5.51,0.252,3.463,3.0
5.515,0.276,3.435,3.0
5.52,0.242,3.507,3.0
5.525,0.261,3.433,3.0
5.53,0.264,3.48,3.0
5.535,0.253,3.503,3.0
5.54,0.266,3.42,3.0
5.545,0.265,3.52,3.0
5.55,0.256,3.457,3.0
5.555,0.269,3.46,3.0
5.56,0.258,3.49,3.0
5.565,0.254,3.455,3.0
5.57,0.271,3.487,3.0
5.575,0.25,3.473,3.0
5.58,0.255,3.475,3.0
5.585,0.273,3.498,3.0
5.59,0.25,3.483,3.0
5.595,0.266,3.46,3.0
5.6,0.264,3.483,3.0
5.605,0.249,3.477,3.0
5.61,0.279,3.45,3.0
5.615,0.252,3.503,3.0
5.62,0.281,3.463,3.0
5.625,0.312,3.46,3.0
5.63,0.253,3.51,3.0
5.635,0.274,3.418,3.0
5.64,0.264,3.492,3.0
5.645,0.252,3.47,3.0
5.65,0.279,3.43,3.0
5.655,0.249,3.503,3.0
5.66,0.257,3.445,3.0
5.665,0.266,3.477,3.0
5.67,0.252,3.51,3.0
5.675,0.267,3.425,3.0
5.68,0.262,3.533,3.0
5.685,0.255,3.457,3.0
5.69,0.267,3.457,3.0
5.695,0.25,3.503,3.0
5.7,0.251,3.45,3.0
5.705,0.262,3.485,3.0
5.71,0.248,3.48,3.0
5.715,0.255,3.473,3.0
5.72,0.273,3.5,3.0
5.725,0.247,3.495,3.0
5.73,0.266,3.475,3.0
5.735,0.264,3.485,3.0
5.74,0.247,3.485,3.0
5.745,0.276,3.455,3.0
5.75,0.24,3.503,3.0
5.755,0.253,3.465,3.0
5.76,0.269,3.473,3.0
5.765,0.247,3.525,3.0
5.77,0.273,3.425,3.0
5.775,0.259,3.528,3.0
5.78,0.252,3.475,3.0
5.785,0.269,3.455,3.0
5.79,0.244,3.512,3.0
5.795,0.252,3.453,3.0
5.8,0.262,3.498,3.0
5.805,0.25,3.487,3.0
5.81,0.257,3.465,3.0
5.815,0.271,3.512,3.0
5.82,0.248,3.483,3.0
5.825,0.267,3.473,3.0
5.83,0.264,3.485,3.0
5.835,0.247,3.483,3.0
5.84,0.276,3.465,3.0
5.845,0.24,3.5,3.0
5.85,0.253,3.477,3.0
5.855,0.314,3.473,3.0
5.86,0.264,3.515,3.0
5.865,0.312,3.42,3.0
5.87,0.284,3.495,3.0
5.875,0.257,3.457,3.0
5.88,0.307,3.415,3.0
5.885,0.262,3.487,3.0
5.89,0.286,3.428,3.0
5.895,0.316,3.455,3.0
5.9,0.255,3.492,3.0
5.905,0.306,3.392,3.0
5.91,0.284,3.492,3.0
5.915,0.257,3.442,3.0
5.92,0.311,3.402,3.0
5.925,0.259,3.475,3.0
5.93,0.285,3.42,3.0
5.935,0.319,3.438,3.0
5.94,0.255,3.485,3.0
5.945,0.306,3.392,3.0
5.95,0.283,3.483,3.0
5.955,0.263,3.44,3.0
5.96,0.314,3.4,3.0
5.965,0.262,3.47,3.0
5.97,0.285,3.42,3.0
5.975,0.319,3.433,3.0
5.98,0.256,3.48,3.0
5.985,0.3,3.395,3.0
5.99,0.285,3.46,3.0
5.995,0.263,3.442,3.0
6.0,0.32,3.405,3.0
6.005,0.263,3.453,3.0
6.01,0.259,3.44,3.0
6.015,0.278,3.433,3.0
6.02,0.254,3.48,3.0
6.025,0.275,3.425,3.0
6.03,0.265,3.47,3.0
6.035,0.249,3.457,3.0
6.04,0.277,3.422,3.0
6.045,0.243,3.483,3.0
6.05,0.258,3.453,3.0
6.055,0.271,3.453,3.0
6.06,0.244,3.51,3.0
6.065,0.271,3.422,3.0
6.07,0.262,3.503,3.0
6.075,0.248,3.465,3.0
6.08,0.276,3.43,3.0
6.085,0.242,3.503,3.0
6.09,0.259,3.438,3.0
6.095,0.264,3.475,3.0
6.1,0.25,3.5,3.0
6.105,0.264,3.428,3.0
6.11,0.26,3.53,3.0
6.115,0.255,3.455,3.0
6.12,0.264,3.46,3.0
6.125,0.252,3.5,3.0
6.13,0.249,3.453,3.0
6.135,0.262,3.475,3.0
6.14,0.247,3.475,3.0
6.145,0.253,3.475,3.0
6.15,0.275,3.485,3.0
6.155,0.245,3.492,3.0
6.16,0.267,3.465,3.0
6.165,0.263,3.483,3.0
6.17,0.248,3.477,3.0
6.175,0.279,3.445,3.0
6.18,0.243,3.498,3.0
6.185,0.264,3.46,3.0
6.19,0.269,3.46,3.0
6.195,0.242,3.517,3.0
6.2,0.269,3.418,3.0
6.205,0.257,3.52,3.0
6.21,0.25,3.46,3.0
6.215,0.269,3.442,3.0
6.22,0.242,3.51,3.0
6.225,0.261,3.442,3.0
6.23,0.264,3.485,3.0
6.235,0.253,3.485,3.0
6.24,0.257,3.45,3.0
6.245,0.263,3.51,3.0
6.25,0.252,3.463,3.0
6.255,0.266,3.467,3.0
6.26,0.262,3.477,3.0
6.265,0.252,3.465,3.0
6.27,0.273,3.463,3.0
6.275,0.242,3.49,3.0
6.28,0.25,3.477,3.0
6.285,0.268,3.463,3.0
6.29,0.247,3.515,3.0
6.295,0.275,3.438,3.0
6.3,0.257,3.5,3.0
6.305,0.246,3.473,3.0
6.31,0.271,3.433,3.0
6.315,0.253,3.51,3.0
6.32,0.275,3.433,3.0
6.325,0.31,3.48,3.0
6.33,0.257,3.49,3.0
6.335,0.301,3.402,3.0
6.34,0.259,3.505,3.0
6.345,0.257,3.438,3.0
6.35,0.271,3.44,3.0
6.355,0.25,3.49,3.0
6.36,0.255,3.43,3.0
6.365,0.264,3.473,3.0
6.37,0.248,3.473,3.0
6.375,0.255,3.46,3.0
6.38,0.268,3.5,3.0
6.385,0.253,3.473,3.0
6.39,0.266,3.463,3.0
6.395,0.261,3.473,3.0
6.4,0.25,3.467,3.0
6.405,0.272,3.453,3.0
6.41,0.238,3.483,3.0
6.415,0.25,3.463,3.0
6.42,0.269,3.457,3.0
6.425,0.246,3.515,3.0
6.43,0.269,3.425,3.0
6.435,0.257,3.505,3.0
6.44,0.255,3.47,3.0
6.445,0.275,3.438,3.0
6.45,0.24,3.505,3.0
6.455,0.255,3.438,3.0
6.46,0.264,3.483,3.0
6.465,0.254,3.49,3.0
6.47,0.256,3.442,3.0
6.475,0.26,3.52,3.0
6.48,0.254,3.46,3.0
6.485,0.264,3.467,3.0
6.49,0.258,3.487,3.0
6.495,0.25,3.467,3.0
6.5,0.269,3.465,3.0
6.505,-0.204,3.47,0.0
6.51,-0.311,3.06,0.0
6.515,-0.287,2.697,0.0
6.52,-0.241,2.403,0.0
6.525,-0.228,2.188,0.0
6.53,-0.199,1.942,0.0
6.535,-0.183,1.81,0.0
6.54,-0.169,1.69,0.0
6.545,-0.147,1.545,0.0
6.55,-0.142,1.438,0.0
6.555,-0.133,1.357,0.0
6.56,-0.125,1.252,0.0
6.565,-0.114,1.175,0.0
6.57,-0.102,1.067,0.0
6.575,-0.097,1.023,0.0
6.58,-0.09,0.975,0.0
6.585,-0.083,0.908,0.0
6.59,-0.075,0.845,0.0
6.595,-0.067,0.777,0.0
6.6,-0.062,0.73,0.0
6.605,-0.06,0.698,0.0
6.61,-0.056,0.66,0.0
6.615,-0.052,0.632,0.0
6.62,-0.049,0.59,0.0
6.625,-0.043,0.55,0.0
6.63,-0.042,0.523,0.0
6.635,-0.036,0.485,0.0
6.64,-0.033,0.452,0.0
6.645,-0.029,0.425,0.0
6.65,-0.026,0.387,0.0
6.655,-0.023,0.375,0.0
6.66,-0.021,0.347,0.0
6.665,-0.018,0.322,0.0
6.67,-0.016,0.305,0.0
6.675,-0.013,0.282,0.0
6.68,-0.012,0.265,0.0
6.685,-0.009,0.243,0.0
6.69,-0.007,0.222,0.0
6.695,-0.004,0.203,0.0
6.7,-0.002,0.183,0.0
6.705,0.001,0.168,0.0
6.71,0.002,0.153,0.0
6.715,0.004,0.14,0.0
6.72,0.004,0.125,0.0
6.725,0.005,0.11,0.0
6.73,0.007,0.103,0.0
6.735,0.008,0.09,0.0
6.74,0.009,0.08,0.0
6.745,0.01,0.072,0.0
6.75,0.011,0.065,0.0
6.755,0.012,0.055,0.0
6.76,0.014,0.045,0.0
6.765,0.014,0.035,0.0
6.77,0.015,0.03,0.0
6.775,0.016,0.02,0.0
6.78,0.016,0.018,0.0
6.785,0.015,0.018,0.0
6.79,0.016,0.018,0.0
6.795,0.016,0.018,0.0
6.8,0.016,0.015,0.0
6.805,0.016,0.018,0.0
6.81,0.016,0.018,0.0
6.815,0.016,0.018,0.0
6.82,0.016,0.015,0.0
6.825,0.015,0.015,0.0
6.83,0.016,0.018,0.0
6.835,0.015,0.015,0.0
6.84,0.016,0.015,0.0
6.845,0.016,0.018,0.0
6.85,0.016,0.018,0.0
6.855,0.016,0.015,0.0
6.86,0.016,0.015,0.0
6.865,0.016,0.018,0.0
6.87,0.016,0.015,0.0
6.875,0.016,0.018,0.0
6.88,0.016,0.015,0.0
6.885,0.016,0.018,0.0
6.89,0.015,0.015,0.0
6.895,0.016,0.015,0.0
6.9,0.016,0.015,0.0
6.905,0.015,0.015,0.0
6.91,0.016,0.015,0.0
6.915,0.016,0.015,0.0
6.92,0.015,0.018,0.0
6.925,0.016,0.018,0.0
6.93,0.016,0.018,0.0
6.935,0.015,0.015,0.0
6.94,0.016,0.018,0.0
6.945,0.016,0.015,0.0
6.95,0.015,0.015,0.0
6.955,0.016,0.018,0.0
6.96,0.016,0.018,0.0
6.965,0.016,0.018,0.0
6.97,0.016,0.015,0.0
6.975,0.017,0.015,0.0
6.98,0.016,0.018,0.0
6.985,0.016,0.018,0.0
6.99,0.016,0.018,0.0
6.995,0.016,0.018,0.0
7.0,0.015,0.018,0.0
7.005,0.015,0.018,0.0
7.01,0.016,0.015,0.0
7.015,0.016,0.018,0.0
7.02,0.016,0.018,0.0
7.025,0.016,0.015,0.0
7.03,0.016,0.015,0.0
7.035,0.016,0.018,0.0
7.04,0.016,0.018,0.0
7.045,0.015,0.015,0.0
7.05,0.016,0.018,0.0
7.055,0.015,0.018,0.0
7.06,0.016,0.018,0.0
7.065,0.016,0.018,0.0
7.07,0.016,0.015,0.0
7.075,0.016,0.018,0.0
7.08,0.016,0.018,0.0
7.085,0.016,0.015,0.0
7.09,0.016,0.018,0.0
7.095,0.016,0.018,0.0
7.1,0.016,0.018,0.0
7.105,0.016,0.015,0.0
7.11,0.016,0.015,0.0
7.115,0.016,0.015,0.0
7.12,0.016,0.018,0.0
7.125,0.016,0.015,0.0
7.13,0.016,0.018,0.0
7.135,0.016,0.018,0.0
7.14,0.016,0.015,0.0
7.145,0.016,0.015,0.0
7.15,0.016,0.018,0.0
7.155,0.015,0.018,0.0
7.16,0.016,0.015,0.0
7.165,0.015,0.015,0.0
7.17,0.015,0.018,0.0
7.175,0.016,0.015,0.0
7.18,0.016,0.018,0.0
7.185,0.016,0.018,0.0
7.19,0.016,0.018,0.0
7.195,0.016,0.015,0.0
7.2,0.016,0.018,0.0
7.205,0.015,0.018,0.0
7.21,0.016,0.018,0.0
7.215,0.016,0.018,0.0
7.22,0.016,0.018,0.0
7.225,0.016,0.018,0.0
7.23,0.016,0.018,0.0
7.235,0.016,0.018,0.0
7.24,0.016,0.018,0.0
7.245,0.016,0.018,0.0
7.25,0.016,0.018,0.0
7.255,0.016,0.018,0.0
7.26,0.016,0.018,0.0
7.265,0.016,0.02,0.0
7.27,0.016,0.018,0.0
7.275,0.016,0.018,0.0
7.28,0.016,0.015,0.0
7.285,0.016,0.018,0.0
7.29,0.016,0.018,0.0
7.295,0.016,0.02,0.0
7.3,0.016,0.018,0.0
7.305,0.016,0.02,0.0
7.31,0.016,0.018,0.0
7.315,0.016,0.018,0.0
7.32,0.016,0.018,0.0
7.325,0.016,0.02,0.0
7.33,0.016,0.018,0.0
7.335,0.016,0.018,0.0
7.34,0.016,0.018,0.0
7.345,0.016,0.02,0.0
7.35,0.016,0.018,0.0
7.355,0.016,0.02,0.0
7.36,0.016,0.02,0.0
7.365,0.016,0.018,0.0
7.37,0.016,0.018,0.0
7.375,0.016,0.02,0.0
7.38,0.016,0.02,0.0
7.385,0.016,0.018,0.0
7.39,0.016,0.018,0.0
7.395,0.016,0.018,0.0
7.4,0.016,0.018,0.0
7.405,0.016,0.02,0.0
7.41,0.016,0.018,0.0
7.415,0.016,0.022,0.0
7.42,0.016,0.02,0.0
7.425,0.016,0.02,0.0
7.43,0.016,0.02,0.0
7.435,0.016,0.02,0.0
7.44,0.016,0.02,0.0
7.445,0.016,0.02,0.0
7.45,0.016,0.02,0.0
7.455,0.016,0.022,0.0
7.46,0.016,0.02,0.0
7.465,0.016,0.02,0.0
7.47,0.016,0.022,0.0
7.475,0.016,0.022,0.0
7.48,0.016,0.022,0.0
7.485,0.015,0.02,0.0
7.49,0.016,0.022,0.0
7.495,0.016,0.02,0.0
7.5,0.016,0.022,0.0
7.505,0.016,0.02,0.0
7.51,0.45,0.037,3.0
7.515,0.58,0.423,3.0
7.52,0.567,0.78,3.0
7.525,0.517,1.048,3.0
7.53,0.479,1.287,3.0
7.535,0.468,1.49,3.0
7.54,0.452,1.663,3.0
7.545,0.442,1.752,3.0
7.55,0.423,1.925,3.0
7.555,0.415,2.023,3.0
7.56,0.417,2.095,3.0
7.565,0.389,2.183,3.0
7.57,0.386,2.243,3.0
7.575,0.368,2.32,3.0
7.58,0.386,2.42,3.0
7.585,0.4,2.422,3.0
7.59,0.352,2.49,3.0
7.595,0.364,2.482,3.0
7.6,0.345,2.595,3.0
7.605,0.354,2.62,3.0
7.61,0.33,2.68,3.0
7.615,0.35,2.702,3.0
7.62,0.327,2.77,3.0
7.625,0.345,2.773,3.0
7.63,0.316,2.842,3.0
7.635,0.334,2.852,3.0
7.64,0.327,2.885,3.0
7.645,0.325,2.9,3.0
7.65,0.298,2.98,3.0
7.655,0.317,2.938,3.0
7.66,0.312,3.003,3.0
7.665,0.299,3.005,3.0
7.67,0.303,3.085,3.0
7.675,0.294,3.075,3.0
7.68,0.306,3.1,3.0
7.685,0.297,3.14,3.0
7.69,0.31,3.112,3.0
7.695,0.292,3.168,3.0
7.7,0.293,3.147,3.0
7.705,0.295,3.215,3.0
7.71,0.28,3.19,3.0
7.715,0.295,3.217,3.0
7.72,0.278,3.257,3.0
7.725,0.294,3.227,3.0
7.73,0.271,3.27,3.0
7.735,0.29,3.235,3.0
7.74,0.329,3.268,3.0
7.745,0.282,3.273,3.0
7.75,0.294,3.26,3.0
7.755,0.259,3.325,3.0
7.76,0.269,3.307,3.0
7.765,0.287,3.332,3.0
7.77,0.28,3.3,3.0
7.775,0.292,3.298,3.0
7.78,0.256,3.368,3.0
7.785,0.268,3.33,3.0
7.79,0.286,3.35,3.0
7.795,0.264,3.368,3.0
7.8,0.282,3.352,3.0
7.805,0.26,3.39,3.0
7.81,0.278,3.338,3.0
7.815,0.282,3.372,3.0
7.82,0.257,3.42,3.0
7.825,0.282,3.35,3.0
7.83,0.273,3.4,3.0
7.835,0.265,3.388,3.0
7.84,0.281,3.39,3.0
7.845,0.257,3.398,3.0
7.85,0.264,3.398,3.0
7.855,0.269,3.447,3.0
7.86,0.268,3.402,3.0
7.865,0.284,3.395,3.0
7.87,0.251,3.44,3.0
7.875,0.282,3.377,3.0
7.88,0.317,3.42,3.0
7.885,0.264,3.438,3.0
7.89,0.352,3.342,3.0
7.895,0.326,3.44,3.0
7.9,0.267,3.385,3.0
7.905,0.366,3.363,3.0
7.91,0.28,3.4,3.0
7.915,0.298,3.392,3.0
7.92,0.315,3.422,3.0
7.925,0.266,3.398,3.0
7.93,0.299,3.392,3.0
7.935,0.283,3.422,3.0
7.94,0.278,3.365,3.0
7.945,0.315,3.422,3.0
7.95,0.264,3.438,3.0
7.955,0.31,3.35,3.0
7.96,0.289,3.463,3.0
7.965,0.266,3.408,3.0
7.97,0.312,3.372,3.0
7.975,0.264,3.44,3.0
7.98,0.29,3.405,3.0
7.985,0.322,3.408,3.0
7.99,0.257,3.445,3.0
7.995,0.299,3.402,3.0
8.0,0.289,3.42,3.0
8.005,0.271,3.41,3.0
8.01,0.312,3.425,3.0
8.015,0.254,3.415,3.0
8.02,0.262,3.412,3.0
8.025,0.294,3.475,3.0
8.03,0.264,3.415,3.0
8.035,0.301,3.418,3.0
8.04,0.274,3.453,3.0
8.045,0.285,3.388,3.0
8.05,0.317,3.435,3.0
8.055,0.264,3.45,3.0
8.06,0.308,3.377,3.0
8.065,0.284,3.477,3.0
8.07,0.262,3.412,3.0
8.075,0.275,3.398,3.0
8.08,0.241,3.475,3.0
8.085,0.273,3.415,3.0
8.09,0.264,3.442,3.0
8.095,0.248,3.492,3.0
8.1,0.269,3.385,3.0
8.105,0.259,3.492,3.0
8.11,0.257,3.447,3.0
8.115,0.306,3.418,3.0
8.12,0.26,3.485,3.0
8.125,0.286,3.418,3.0
8.13,0.317,3.447,3.0
8.135,0.255,3.483,3.0
8.14,0.317,3.392,3.0
8.145,0.285,3.483,3.0
8.15,0.257,3.428,3.0
8.155,0.306,3.398,3.0
8.16,0.256,3.473,3.0
8.165,0.287,3.41,3.0
8.17,0.317,3.43,3.0
8.175,0.257,3.483,3.0
8.18,0.303,3.392,3.0
8.185,0.287,3.46,3.0
8.19,0.264,3.442,3.0
8.195,0.313,3.402,3.0
8.2,0.264,3.45,3.0
8.205,0.288,3.428,3.0
8.21,0.318,3.43,3.0
8.215,0.255,3.46,3.0
8.22,0.299,3.412,3.0
8.225,0.286,3.442,3.0
8.23,0.259,3.433,3.0
8.235,0.313,3.425,3.0
8.24,0.264,3.44,3.0
8.245,0.285,3.435,3.0
8.25,0.306,3.455,3.0
8.255,0.259,3.453,3.0
8.26,0.269,3.435,3.0
8.265,0.264,3.445,3.0
8.27,0.253,3.442,3.0
8.275,0.268,3.457,3.0
8.28,0.25,3.45,3.0
8.285,0.256,3.463,3.0
8.29,0.275,3.48,3.0
8.295,0.249,3.485,3.0
8.3,0.269,3.45,3.0
8.305,0.273,3.477,3.0
8.31,0.249,3.473,3.0
8.315,0.271,3.438,3.0
8.32,0.242,3.483,3.0
8.325,0.255,3.47,3.0
8.33,0.268,3.455,3.0
8.335,0.257,3.512,3.0
8.34,0.274,3.43,3.0
8.345,0.259,3.5,3.0
8.35,0.248,3.473,3.0
8.355,0.276,3.435,3.0
8.36,0.237,3.507,3.0
8.365,0.266,3.442,3.0
8.37,0.266,3.475,3.0
8.375,0.245,3.507,3.0
8.38,0.264,3.425,3.0
8.385,0.259,3.528,3.0
8.39,0.254,3.46,3.0
8.395,0.268,3.457,3.0
8.4,0.264,3.503,3.0
8.405,0.251,3.455,3.0
8.41,0.259,3.487,3.0
8.415,0.255,3.477,3.0
8.42,0.254,3.477,3.0
8.425,0.272,3.498,3.0
8.43,0.254,3.487,3.0
8.435,0.269,3.465,3.0
8.44,0.262,3.485,3.0
8.445,0.248,3.483,3.0
8.45,0.275,3.45,3.0
8.455,0.238,3.51,3.0
8.46,0.262,3.475,3.0
8.465,0.267,3.473,3.0
8.47,0.242,3.528,3.0
8.475,0.266,3.425,3.0
8.48,0.255,3.525,3.0
8.485,0.257,3.467,3.0
8.49,0.266,3.453,3.0
8.495,0.243,3.512,3.0
8.5,0.254,3.453,3.0
8.505,-0.194,3.485,0.0
8.51,-0.321,3.112,0.0
8.515,-0.277,2.707,0.0
8.52,-0.254,2.453,0.0
8.525,-0.22,2.185,0.0
8.53,-0.205,1.982,0.0
8.535,-0.188,1.84,0.0
8.54,-0.168,1.653,0.0
8.545,-0.154,1.53,0.0
8.55,-0.143,1.445,0.0
8.555,-0.131,1.363,0.0
8.56,-0.12,1.252,0.0
8.565,-0.11,1.16,0.0
8.57,-0.106,1.122,0.0
8.575,-0.101,1.05,0.0
8.58,-0.09,0.967,0.0
8.585,-0.083,0.903,0.0
8.59,-0.077,0.857,0.0
8.595,-0.072,0.808,0.0
8.6,-0.066,0.768,0.0
8.605,-0.062,0.715,0.0
8.61,-0.056,0.67,0.0
8.615,-0.049,0.623,0.0
8.62,-0.047,0.582,0.0
8.625,-0.043,0.542,0.0
8.63,-0.037,0.502,0.0
8.635,-0.036,0.487,0.0
8.64,-0.032,0.452,0.0
8.645,-0.03,0.432,0.0
8.65,-0.026,0.41,0.0
8.655,-0.024,0.387,0.0
8.66,-0.021,0.36,0.0
8.665,-0.02,0.345,0.0
8.67,-0.017,0.322,0.0
8.675,-0.016,0.308,0.0
8.68,-0.014,0.285,0.0
8.685,-0.01,0.262,0.0
8.69,-0.009,0.248,0.0
8.695,-0.007,0.23,0.0
8.7,-0.004,0.21,0.0
8.705,-0.002,0.195,0.0
8.71,-0.001,0.183,0.0
8.715,0.001,0.168,0.0
8.72,0.002,0.155,0.0
8.725,0.003,0.145,0.0
8.73,0.005,0.132,0.0
8.735,0.006,0.12,0.0
8.74,0.007,0.108,0.0
8.745,0.009,0.1,0.0
8.75,0.009,0.09,0.0
8.755,0.01,0.082,0.0
8.76,0.01,0.072,0.0
8.765,0.011,0.068,0.0
8.77,0.012,0.055,0.0
8.775,0.014,0.047,0.0
8.78,0.014,0.04,0.0
8.785,0.015,0.035,0.0
8.79,0.016,0.027,0.0
8.795,0.016,0.02,0.0
8.8,0.015,0.025,0.0
8.805,0.016,0.025,0.0
8.81,0.016,0.025,0.0
8.815,0.016,0.025,0.0
8.82,0.016,0.025,0.0
8.825,0.016,0.025,0.0
8.83,0.016,0.022,0.0
8.835,0.016,0.022,0.0
8.84,0.016,0.025,0.0
8.845,0.016,0.025,0.0
8.85,0.016,0.022,0.0
8.855,0.016,0.022,0.0
8.86,0.016,0.025,0.0
8.865,0.016,0.025,0.0
8.87,0.016,0.022,0.0
8.875,0.016,0.025,0.0
8.88,0.016,0.025,0.0
8.885,0.016,0.022,0.0
8.89,0.016,0.02,0.0
8.895,0.016,0.025,0.0
8.9,0.016,0.025,0.0
8.905,0.015,0.022,0.0
8.91,0.016,0.022,0.0
8.915,0.016,0.025,0.0
8.92,0.016,0.025,0.0
8.925,0.016,0.02,0.0
8.93,0.016,0.022,0.0
8.935,0.015,0.025,0.0
8.94,0.016,0.025,0.0
8.945,0.016,0.02,0.0
8.95,0.016,0.02,0.0
8.955,0.015,0.022,0.0
8.96,0.016,0.02,0.0
8.965,0.015,0.02,0.0
8.97,0.016,0.022,0.0
8.975,0.016,0.022,0.0
8.98,0.016,0.02,0.0
8.985,0.016,0.02,0.0
8.99,0.016,0.022,0.0
8.995,0.016,0.022,0.0
9.0,0.016,0.022,0.0
9.005,0.016,0.02,0.0
9.01,0.016,0.022,0.0
9.015,0.015,0.022,0.0
9.02,0.015,0.02,0.0
9.025,0.016,0.018,0.0
9.03,0.016,0.02,0.0
9.035,0.015,0.02,0.0
9.04,0.015,0.02,0.0
9.045,0.016,0.02,0.0
9.05,0.016,0.022,0.0
9.055,0.016,0.022,0.0
9.06,0.016,0.02,0.0
9.065,0.016,0.02,0.0
9.07,0.015,0.02,0.0
9.075,0.016,0.02,0.0
9.08,0.016,0.018,0.0
9.085,0.015,0.02,0.0
9.09,0.016,0.018,0.0
9.095,0.016,0.02,0.0
9.1,0.015,0.018,0.0
9.105,0.016,0.018,0.0
9.11,0.016,0.02,0.0
9.115,0.016,0.018,0.0
9.12,0.016,0.015,0.0
9.125,0.016,0.02,0.0
9.13,0.015,0.018,0.0
9.135,0.016,0.018,0.0
9.14,0.016,0.018,0.0
9.145,0.016,0.02,0.0
9.15,0.016,0.018,0.0
9.155,0.016,0.018,0.0
9.16,0.016,0.02,0.0
9.165,0.015,0.02,0.0
9.17,0.015,0.02,0.0
9.175,0.016,0.018,0.0
9.18,0.016,0.018,0.0
9.185,0.016,0.018,0.0
9.19,0.015,0.018,0.0
9.195,0.016,0.015,0.0
9.2,0.015,0.018,0.0
9.205,0.015,0.02,0.0
9.21,0.016,0.018,0.0
9.215,0.015,0.018,0.0
9.22,0.015,0.02,0.0
9.225,0.016,0.018,0.0
9.23,0.016,0.015,0.0
9.235,0.015,0.015,0.0
9.24,0.016,0.02,0.0
9.245,0.015,0.015,0.0
9.25,0.016,0.015,0.0
9.255,0.015,0.018,0.0
9.26,0.016,0.02,0.0
9.265,0.016,0.018,0.0
9.27,0.016,0.018,0.0
9.275,0.016,0.018,0.0
9.28,0.016,0.02,0.0
9.285,0.015,0.018,0.0
9.29,0.016,0.015,0.0
9.295,0.016,0.015,0.0
9.3,0.016,0.02,0.0
9.305,0.016,0.015,0.0
9.31,0.016,0.015,0.0
9.315,0.015,0.018,0.0
9.32,0.016,0.018,0.0
9.325,0.016,0.018,0.0
9.33,0.016,0.018,0.0
9.335,0.015,0.02,0.0
9.34,0.016,0.018,0.0
9.345,0.016,0.015,0.0
9.35,0.016,0.018,0.0
9.355,0.016,0.02,0.0
9.36,0.016,0.018,0.0
9.365,0.016,0.015,0.0
9.37,0.016,0.015,0.0
9.375,0.016,0.015,0.0
9.38,0.016,0.018,0.0
9.385,0.016,0.015,0.0
9.39,0.016,0.015,0.0
9.395,0.016,0.018,0.0
9.4,0.015,0.018,0.0
9.405,0.016,0.015,0.0
9.41,0.016,0.018,0.0
9.415,0.016,0.018,0.0
9.42,0.016,0.018,0.0
9.425,0.016,0.015,0.0
9.43,0.016,0.018,0.0
9.435,0.016,0.018,0.0
9.44,0.016,0.015,0.0
9.445,0.016,0.015,0.0
9.45,0.016,0.018,0.0
9.455,0.016,0.018,0.0
9.46,0.015,0.015,0.0
9.465,0.016,0.015,0.0
9.47,0.015,0.015,0.0
9.475,0.016,0.015,0.0
9.48,0.016,0.018,0.0
9.485,0.016,0.018,0.0
9.49,0.016,0.018,0.0
9.495,0.016,0.015,0.0
9.5,0.016,0.018,0.0
9.505,0.016,0.018,0.0
9.51,0.015,0.018,0.0
9.515,0.016,0.018,0.0
9.52,0.015,0.015,0.0
9.525,0.016,0.018,0.0
9.53,0.016,0.018,0.0
9.535,0.016,0.015,0.0
9.54,0.016,0.018,0.0
9.545,0.016,0.018,0.0
9.55,0.015,0.018,0.0
9.555,0.016,0.018,0.0
9.56,0.016,0.018,0.0
9.565,0.016,0.018,0.0
9.57,0.016,0.018,0.0
9.575,0.016,0.018,0.0
9.58,0.016,0.015,0.0
9.585,0.016,0.018,0.0
9.59,0.016,0.015,0.0
9.595,0.016,0.015,0.0
9.6,0.016,0.018,0.0
9.605,0.016,0.018,0.0
9.61,0.016,0.018,0.0
9.615,0.016,0.015,0.0
9.62,0.016,0.018,0.0
9.625,0.015,0.015,0.0
9.63,0.016,0.015,0.0
9.635,0.016,0.015,0.0
9.64,0.016,0.018,0.0
9.645,0.016,0.015,0.0
9.65,0.017,0.015,0.0
9.655,0.016,0.015,0.0
9.66,0.016,0.018,0.0
9.665,0.016,0.015,0.0
9.67,0.016,0.015,0.0
9.675,0.015,0.02,0.0
9.68,0.016,0.018,0.0
9.685,0.016,0.018,0.0
9.69,0.016,0.015,0.0
9.695,0.016,0.018,0.0
9.7,0.016,0.018,0.0
9.705,0.016,0.015,0.0
9.71,0.016,0.015,0.0
9.715,0.016,0.02,0.0
9.72,0.016,0.018,0.0
9.725,0.016,0.015,0.0
9.73,0.016,0.018,0.0
9.735,0.016,0.018,0.0
9.74,0.016,0.018,0.0
9.745,0.016,0.018,0.0
9.75,0.016,0.018,0.0
9.755,0.016,0.02,0.0
9.76,0.016,0.018,0.0
9.765,0.016,0.018,0.0
9.77,0.016,0.018,0.0
9.775,0.016,0.018,0.0
9.78,0.016,0.02,0.0
9.785,0.016,0.018,0.0
9.79,0.016,0.02,0.0
9.795,0.016,0.018,0.0
9.8,0.016,0.018,0.0
9.805,0.016,0.018,0.0
9.81,0.016,0.02,0.0
9.815,0.016,0.018,0.0
9.82,0.016,0.018,0.0
9.825,0.016,0.02,0.0
9.83,0.015,0.018,0.0
9.835,0.016,0.018,0.0
9.84,0.015,0.018,0.0
9.845,0.016,0.02,0.0
9.85,0.016,0.018,0.0
9.855,0.016,0.02,0.0
9.86,0.016,0.018,0.0
9.865,0.016,0.018,0.0
9.87,0.016,0.02,0.0
9.875,0.016,0.018,0.0
9.88,0.016,0.018,0.0
9.885,0.016,0.018,0.0
9.89,0.016,0.02,0.0
9.895,0.016,0.018,0.0
9.9,0.016,0.018,0.0
9.905,0.016,0.018,0.0
9.91,0.016,0.018,0.0
9.915,0.016,0.018,0.0
9.92,0.016,0.018,0.0
9.925,0.016,0.02,0.0
9.93,0.016,0.02,0.0
9.935,0.016,0.018,0.0
9.94,0.016,0.02,0.0
9.945,0.016,0.022,0.0
9.95,0.016,0.018,0.0
9.955,0.016,0.018,0.0
9.96,0.016,0.02,0.0
9.965,0.016,0.02,0.0
9.97,0.016,0.02,0.0
9.975,0.016,0.02,0.0
9.98,0.016,0.02,0.0
9.985,0.016,0.022,0.0
9.99,0.016,0.022,0.0
9.995,0.016,0.02,0.0
10.0,0.016,0.022,0.0
10.005,0.016,0.02,0.0
10.01,0.016,0.02,0.0
10.015,0.016,0.022,0.0
10.02,0.017,0.022,0.0
10.025,0.016,0.022,0.0
10.03,0.017,0.025,0.0
10.035,0.016,0.027,0.0
10.04,0.016,0.025,0.0
10.045,0.016,0.025,0.0
10.05,0.016,0.027,0.0
10.055,0.016,0.027,0.0
10.06,0.016,0.027,0.0
10.065,0.016,0.03,0.0
10.07,0.016,0.03,0.0
10.075,0.016,0.027,0.0
10.08,0.016,0.03,0.0
10.085,0.016,0.027,0.0
10.09,0.016,0.03,0.0
10.095,0.016,0.03,0.0
10.1,0.016,0.03,0.0
10.105,0.016,0.03,0.0
10.11,0.016,0.03,0.0
10.115,0.016,0.032,0.0
10.12,0.016,0.027,0.0
10.125,0.016,0.03,0.0
10.13,0.016,0.03,0.0
10.135,0.016,0.027,0.0
10.14,0.016,0.027,0.0
10.145,0.016,0.03,0.0
10.15,0.016,0.03,0.0
10.155,0.016,0.027,0.0
10.16,0.016,0.025,0.0
10.165,0.016,0.027,0.0
10.17,0.015,0.027,0.0
10.175,0.016,0.02,0.0
10.18,0.016,0.02,0.0
10.185,0.016,0.022,0.0
10.19,0.015,0.018,0.0
10.195,0.016,0.015,0.0
10.2,0.016,0.018,0.0
10.205,0.016,0.02,0.0
10.21,0.016,0.02,0.0
10.215,0.016,0.015,0.0
10.22,0.016,0.015,0.0
10.225,0.015,0.018,0.0
10.23,0.016,0.015,0.0
10.235,0.016,0.018,0.0
10.24,0.016,0.018,0.0
10.245,0.016,0.02,0.0
10.25,0.017,0.018,0.0
10.255,0.016,0.02,0.0
10.26,0.016,0.025,0.0
10.265,0.016,0.022,0.0
10.27,0.016,0.025,0.0
10.275,0.016,0.022,0.0
10.28,0.016,0.025,0.0
10.285,0.015,0.027,0.0
10.29,0.016,0.027,0.0
10.295,0.016,0.027,0.0
10.3,0.017,0.03,0.0
10.305,0.016,0.03,0.0
10.31,0.017,0.03,0.0
10.315,0.016,0.03,0.0
10.32,0.016,0.03,0.0
10.325,0.016,0.027,0.0
10.33,0.016,0.03,0.0
10.335,0.016,0.03,0.0
10.34,0.016,0.03,0.0
10.345,0.016,0.027,0.0
10.35,0.016,0.032,0.0
10.355,0.016,0.027,0.0
10.36,0.016,0.025,0.0
10.365,0.016,0.025,0.0
10.37,0.016,0.027,0.0
10.375,0.016,0.025,0.0
10.38,0.016,0.02,0.0
10.385,0.016,0.022,0.0
10.39,0.016,0.018,0.0
10.395,0.016,0.018,0.0
10.4,0.016,0.015,0.0
10.405,0.016,0.018,0.0
10.41,0.016,0.018,0.0
10.415,0.016,0.018,0.0
10.42,0.016,0.015,0.0
10.425,0.016,0.018,0.0
10.43,0.016,0.015,0.0
10.435,0.016,0.015,0.0
10.44,0.015,0.015,0.0
10.445,0.016,0.018,0.0
10.45,0.015,0.018,0.0
10.455,0.016,0.018,0.0
10.46,0.016,0.018,0.0
10.465,0.016,0.018,0.0
10.47,0.016,0.02,0.0
10.475,0.016,0.022,0.0
10.48,0.016,0.022,0.0
10.485,0.016,0.022,0.0
10.49,0.016,0.025,0.0
10.495,0.016,0.025,0.0
10.5,0.016,0.027,0.0
10.505,0.016,0.025,0.0
10.51,0.016,0.027,0.0
10.515,0.016,0.027,0.0
10.52,0.016,0.03,0.0
10.525,0.016,0.025,0.0
10.53,0.016,0.03,0.0
10.535,0.016,0.03,0.0
10.54,0.016,0.03,0.0
10.545,0.016,0.027,0.0
10.55,0.016,0.03,0.0
10.555,0.016,0.027,0.0
10.56,0.016,0.027,0.0
10.565,0.016,0.027,0.0
10.57,0.016,0.03,0.0
10.575,0.016,0.025,0.0
10.58,0.016,0.022,0.0
10.585,0.016,0.02,0.0
10.59,0.016,0.02,0.0
10.595,0.016,0.02,0.0
10.6,0.016,0.018,0.0
10.605,0.016,0.02,0.0
10.61,0.016,0.02,0.0
10.615,0.015,0.018,0.0
10.62,0.016,0.015,0.0
10.625,0.016,0.015,0.0
10.63,0.016,0.018,0.0
10.635,0.016,0.015,0.0
10.64,0.016,0.015,0.0
10.645,0.016,0.018,0.0
10.65,0.016,0.015,0.0
10.655,0.016,0.018,0.0
10.66,0.016,0.018,0.0
10.665,0.016,0.02,0.0
10.67,0.016,0.018,0.0
10.675,0.016,0.02,0.0
10.68,0.016,0.022,0.0
10.685,0.016,0.025,0.0
10.69,0.016,0.025,0.0
10.695,0.016,0.027,0.0
10.7,0.016,0.025,0.0
10.705,0.017,0.027,0.0
10.71,0.016,0.027,0.0
10.715,0.016,0.027,0.0
10.72,0.016,0.03,0.0
10.725,0.017,0.027,0.0
10.73,0.016,0.03,0.0
10.735,0.016,0.032,0.0
10.74,0.016,0.03,0.0
10.745,0.016,0.027,0.0
10.75,0.016,0.027,0.0
10.755,0.017,0.03,0.0
10.76,0.016,0.027,0.0
10.765,0.016,0.025,0.0
10.77,0.016,0.03,0.0
10.775,0.016,0.027,0.0
10.78,0.016,0.022,0.0
10.785,0.016,0.022,0.0
10.79,0.016,0.022,0.0
10.795,0.016,0.022,0.0
10.8,0.016,0.018,0.0
10.805,0.016,0.018,0.0
10.81,0.016,0.018,0.0
10.815,0.016,0.018,0.0
10.82,0.015,0.015,0.0
10.825,0.016,0.018,0.0
10.83,0.016,0.02,0.0
10.835,0.015,0.015,0.0
10.84,0.016,0.015,0.0
10.845,0.016,0.018,0.0
10.85,0.016,0.018,0.0
10.855,0.016,0.015,0.0
10.86,0.016,0.018,0.0
10.865,0.016,0.018,0.0
10.87,0.017,0.018,0.0
10.875,0.016,0.02,0.0
10.88,0.016,0.025,0.0
10.885,0.016,0.025,0.0
10.89,0.016,0.022,0.0
10.895,0.015,0.027,0.0
10.9,0.016,0.025,0.0
10.905,0.016,0.027,0.0
10.91,0.017,0.027,0.0
10.915,0.016,0.027,0.0
10.92,0.016,0.027,0.0
10.925,0.016,0.027,0.0
10.93,0.016,0.03,0.0
10.935,0.016,0.03,0.0
10.94,0.016,0.032,0.0
10.945,0.016,0.03,0.0
10.95,0.016,0.03,0.0
10.955,0.016,0.03,0.0
10.96,0.016,0.027,0.0
10.965,0.016,0.027,0.0
10.97,0.016,0.03,0.0
10.975,0.016,0.03,0.0
10.98,0.016,0.027,0.0
10.985,0.016,0.025,0.0
10.99,0.016,0.025,0.0
10.995,0.016,0.027,0.0
11.0,0.016,0.022,0.0
11.005,0.016,0.02,0.0
11.01,0.015,0.022,0.0
11.015,0.016,0.02,0.0
11.02,0.016,0.015,0.0
11.025,0.016,0.018,0.0
11.03,0.016,0.018,0.0
11.035,0.016,0.018,0.0
11.04,0.015,0.015,0.0
11.045,0.016,0.018,0.0
11.05,0.016,0.018,0.0
11.055,0.016,0.018,0.0
11.06,0.016,0.018,0.0
11.065,0.016,0.018,0.0
11.07,0.016,0.015,0.0
11.075,0.016,0.015,0.0
11.08,0.016,0.015,0.0
11.085,0.016,0.018,0.0
11.09,0.016,0.018,0.0
11.095,0.016,0.018,0.0
11.1,0.016,0.02,0.0
11.105,0.016,0.02,0.0
11.11,0.016,0.022,0.0
11.115,0.016,0.022,0.0
11.12,0.016,0.025,0.0
11.125,0.016,0.027,0.0
11.13,0.016,0.027,0.0
11.135,0.016,0.03,0.0
11.14,0.016,0.03,0.0
11.145,0.016,0.03,0.0
11.15,0.017,0.027,0.0
11.155,0.016,0.03,0.0
11.16,0.016,0.03,0.0
11.165,0.016,0.027,0.0
11.17,0.016,0.025,0.0
11.175,0.015,0.025,0.0
11.18,0.015,0.02,0.0
11.185,0.016,0.015,0.0
11.19,0.016,0.018,0.0
11.195,0.015,0.018,0.0
11.2,0.016,0.015,0.0
11.205,0.016,0.015,0.0
11.21,0.016,0.02,0.0
11.215,0.016,0.018,0.0
11.22,0.016,0.018,0.0
11.225,0.016,0.018,0.0
11.23,0.016,0.018,0.0
11.235,0.017,0.02,0.0
11.24,0.016,0.022,0.0
11.245,0.016,0.025,0.0
11.25,0.016,0.027,0.0
11.255,0.016,0.025,0.0
11.26,0.016,0.03,0.0
11.265,0.016,0.03,0.0
11.27,0.016,0.03,0.0
11.275,0.016,0.03,0.0
11.28,0.016,0.032,0.0
11.285,0.016,0.03,0.0
11.29,0.015,0.027,0.0
11.295,0.016,0.03,0.0
11.3,0.016,0.03,0.0
11.305,0.016,0.025,0.0
11.31,0.016,0.022,0.0
11.315,0.017,0.022,0.0
11.32,0.016,0.02,0.0
11.325,0.016,0.02,0.0
11.33,0.016,0.018,0.0
11.335,0.016,0.018,0.0
11.34,0.016,0.015,0.0
11.345,0.015,0.018,0.0
11.35,0.016,0.015,0.0
11.355,0.016,0.02,0.0
11.36,0.016,0.018,0.0
11.365,0.016,0.018,0.0
11.37,0.016,0.022,0.0
11.375,0.016,0.022,0.0
11.38,0.016,0.025,0.0
11.385,0.016,0.025,0.0
11.39,0.016,0.027,0.0
11.395,0.016,0.027,0.0
11.4,0.016,0.03,0.0
11.405,0.016,0.03,0.0
11.41,0.016,0.03,0.0
11.415,0.016,0.03,0.0
11.42,0.017,0.027,0.0
11.425,0.017,0.03,0.0
11.43,0.017,0.03,0.0
11.435,0.016,0.025,0.0
11.44,0.016,0.022,0.0
11.445,0.016,0.022,0.0
11.45,0.016,0.02,0.0
11.455,0.016,0.015,0.0
11.46,0.016,0.018,0.0
11.465,0.016,0.02,0.0
11.47,0.016,0.012,0.0
11.475,0.016,0.015,0.0
11.48,0.016,0.018,0.0
11.485,0.016,0.02,0.0
11.49,0.016,0.018,0.0
11.495,0.016,0.018,0.0
11.5,0.016,0.022,0.0
11.505,0.016,0.022,0.0
11.51,0.016,0.025,0.0
11.515,0.016,0.027,0.0
11.52,0.016,0.027,0.0
11.525,0.016,0.027,0.0
11.53,0.016,0.03,0.0
11.535,0.016,0.03,0.0
11.54,0.016,0.027,0.0
11.545,0.016,0.027,0.0
11.55,0.016,0.03,0.0
11.555,0.016,0.027,0.0
11.56,0.016,0.025,0.0
11.565,0.016,0.025,0.0
11.57,0.015,0.022,0.0
11.575,0.016,0.018,0.0
11.58,0.016,0.015,0.0
11.585,0.016,0.02,0.0
11.59,0.016,0.018,0.0
11.595,0.016,0.018,0.0
11.6,0.016,0.015,0.0
11.605,0.016,0.018,0.0
11.61,0.016,0.018,0.0
11.615,0.016,0.018,0.0
11.62,0.016,0.02,0.0
11.625,0.016,0.02,0.0
11.63,0.016,0.022,0.0
11.635,0.016,0.022,0.0
11.64,0.016,0.027,0.0
11.645,0.016,0.027,0.0
11.65,0.017,0.027,0.0
11.655,0.016,0.03,0.0
11.66,0.016,0.03,0.0
11.665,0.016,0.03,0.0
11.67,0.016,0.03,0.0
11.675,0.015,0.03,0.0
11.68,0.016,0.032,0.0
11.685,0.015,0.027,0.0
11.69,0.016,0.027,0.0
11.695,0.016,0.027,0.0
11.7,0.016,0.025,0.0
11.705,0.016,0.022,0.0
11.71,0.016,0.022,0.0
11.715,0.017,0.022,0.0
11.72,0.016,0.02,0.0
11.725,0.016,0.018,0.0
11.73,0.016,0.02,0.0
11.735,0.016,0.02,0.0
11.74,0.016,0.015,0.0
11.745,0.016,0.015,0.0
11.75,0.016,0.018,0.0
11.755,0.016,0.015,0.0
11.76,0.016,0.018,0.0
11.765,0.017,0.02,0.0
11.77,0.016,0.022,0.0
11.775,0.017,0.022,0.0
11.78,0.016,0.025,0.0
11.785,0.016,0.027,0.0
11.79,0.016,0.027,0.0
11.795,0.016,0.027,0.0
11.8,0.016,0.03,0.0
11.805,0.016,0.027,0.0
11.81,0.016,0.027,0.0
11.815,0.016,0.027,0.0
11.82,0.016,0.03,0.0
11.825,0.017,0.03,0.0
11.83,0.016,0.027,0.0
11.835,0.016,0.027,0.0
11.84,0.016,0.027,0.0
11.845,0.016,0.025,0.0
11.85,0.016,0.022,0.0
11.855,0.016,0.022,0.0
11.86,0.016,0.022,0.0
11.865,0.016,0.018,0.0
11.87,0.016,0.015,0.0
11.875,0.016,0.018,0.0
11.88,0.016,0.018,0.0
11.885,0.016,0.015,0.0
11.89,0.016,0.015,0.0
11.895,0.016,0.018,0.0
11.9,0.016,0.015,0.0
11.905,0.016,0.018,0.0
11.91,0.016,0.018,0.0
11.915,0.015,0.018,0.0
11.92,0.017,0.02,0.0
11.925,0.016,0.018,0.0
11.93,0.017,0.025,0.0
11.935,0.017,0.027,0.0
11.94,0.017,0.027,0.0
11.945,0.016,0.03,0.0
11.95,0.016,0.03,0.0
11.955,0.016,0.03,0.0
11.96,0.016,0.03,0.0
11.965,0.015,0.032,0.0
11.97,0.016,0.027,0.0
11.975,0.016,0.027,0.0
11.98,0.016,0.027,0.0
11.985,0.016,0.027,0.0
11.99,0.016,0.025,0.0
11.995,0.016,0.022,0.0
12.0,0.016,0.025,0.0
12.005,0.016,0.022,0.0
12.01,0.016,0.022,0.0
12.015,0.016,0.018,0.0
12.02,0.016,0.022,0.0
12.025,0.016,0.018,0.0
12.03,0.016,0.018,0.0
12.035,0.016,0.018,0.0
12.04,0.016,0.02,0.0
12.045,0.016,0.018,0.0
12.05,0.015,0.018,0.0
12.055,0.016,0.018,0.0
12.06,0.016,0.018,0.0
12.065,0.016,0.018,0.0
12.07,0.016,0.015,0.0
12.075,0.016,0.018,0.0
12.08,0.016,0.02,0.0
12.085,0.016,0.02,0.0
12.09,0.016,0.02,0.0
12.095,0.017,0.025,0.0
12.1,0.017,0.022,0.0
12.105,0.017,0.027,0.0
12.11,0.016,0.027,0.0
12.115,0.016,0.027,0.0
12.12,0.016,0.027,0.0
12.125,0.016,0.03,0.0
12.13,0.016,0.03,0.0
12.135,0.016,0.027,0.0
12.14,0.017,0.027,0.0
12.145,0.016,0.03,0.0
12.15,0.016,0.03,0.0
12.155,0.016,0.027,0.0
12.16,0.016,0.025,0.0
12.165,0.015,0.027,0.0
12.17,0.016,0.025,0.0
12.175,0.016,0.022,0.0
12.18,0.016,0.02,0.0
12.185,0.016,0.02,0.0
12.19,0.016,0.02,0.0
12.195,0.015,0.018,0.0
12.2,0.016,0.015,0.0
12.205,0.016,0.018,0.0
12.21,0.016,0.018,0.0
12.215,0.016,0.015,0.0
12.22,0.017,0.018,0.0
12.225,0.016,0.018,0.0
12.23,0.016,0.022,0.0
12.235,0.016,0.022,0.0
