Tiempo ,YAW,PITCH,E_PITCH,E_YAW
-0.4,0.0,0.0,0.0,0.0
-0.38,0.0,0.0,0.0,0.0
-0.36,0.0,0.0,0.0,0.0
-0.34,0.0,0.0,0.0,0.0
-0.32,0.0,0.0,0.0,0.0
-0.3,0.0,0.0,0.0,0.0
-0.28,0.0,0.0,0.0,0.0
-0.26,0.0,0.0,0.0,0.0
-0.24,0.0,0.0,0.0,0.0
-0.22,0.0,0.0,0.0,0.0
-0.2,0.0,0.0,0.0,0.0
-0.18,0.0,0.0,0.0,0.0
-0.16,0.0,0.0,0.0,0.0
-0.14,0.0,0.0,0.0,0.0
-0.12,0.0,0.0,0.0,0.0
-0.1,0.0,0.0,0.0,0.0
-0.08,0.0,0.0,0.0,0.0
-0.06,0.0,0.0,0.0,0.0
-0.04,0.0,0.0,0.0,0.0
-0.02,0.0,0.0,0.0,0.0
0.0,0.0,0.0,0.0,0.0
0.02,0.0,0.0,0.0,0.0
0.04,0.0,0.0,0.0,6.0
0.06,0.0,0.0,0.0,6.0
0.08,0.0,0.0,0.0,6.0
0.1,0.0,0.0,0.0,6.0
0.12,0.0,0.0,0.0,6.0
0.14,0.0,0.0,0.0,6.0
0.16,0.0,0.0,0.0,6.0
0.18,0.0,0.0,0.0,6.0
0.2,0.0,0.0,0.0,6.0
0.22,0.0,0.0,0.0,6.0
0.24,-0.002,0.0,0.0,6.0
0.26,-0.002,0.0,0.0,6.0
0.28,-0.002,0.0,0.0,6.0
0.3,-0.002,0.0,0.0,6.0
0.32,-0.003,0.0,0.0,6.0
0.34,-0.003,0.0,0.0,6.0
0.36,-0.003,0.0,0.0,6.0
0.38,-0.005,0.0,0.0,6.0
0.4,-0.005,0.0,0.0,6.0
0.42,-0.007,0.0,0.0,6.0
0.44,-0.007,0.0,0.0,6.0
0.46,-0.009,0.0,0.0,6.0
0.48,-0.01,0.0,0.0,6.0
0.5,-0.01,0.0,0.0,6.0
0.52,-0.012,0.0,0.0,6.0
0.54,-0.014,0.0,0.0,6.0
0.56,-0.016,0.0,0.0,6.0
0.58,-0.017,0.0,0.0,6.0
0.6,-0.019,0.0,0.0,6.0
0.62,-0.021,0.0,0.0,6.0
0.64,-0.023,0.0,0.0,6.0
0.66,-0.024,0.0,0.0,6.0
0.68,-0.028,0.0,0.0,6.0
0.7,-0.03,0.0,0.0,6.0
0.72,-0.031,0.0,0.0,6.0
0.74,-0.035,0.0,0.0,6.0
0.76,-0.037,0.0,0.0,6.0
0.78,-0.04,0.0,0.0,6.0
0.8,-0.044,0.0,0.0,6.0
0.82,-0.047,0.0,0.0,6.0
0.84,-0.049,0.0,0.0,6.0
0.86,-0.052,0.0,0.0,6.0
0.88,-0.056,0.0,0.0,6.0
0.9,-0.061,0.0,0.0,6.0
0.92,-0.065,0.0,0.0,6.0
0.94,-0.068,0.0,0.0,6.0
0.96,-0.072,0.0,0.0,6.0
0.98,-0.077,0.0,0.0,6.0
1.0,-0.08,0.0,0.0,6.0
1.02,-0.086,0.0,0.0,6.0
1.04,-0.091,0.0,0.0,6.0
1.06,-0.094,0.0,0.0,6.0
1.08,-0.099,0.0,0.0,6.0
1.1,-0.105,0.0,0.0,6.0
1.12,-0.11,0.0,0.0,6.0
1.14,-0.115,0.0,0.0,6.0
1.16,-0.12,0.0,0.0,6.0
1.18,-0.127,0.0,0.0,6.0
1.2,-0.133,0.0,0.0,6.0
1.22,-0.138,0.0,0.0,6.0
1.24,-0.145,0.0,0.0,6.0
1.26,-0.152,0.0,0.0,6.0
1.28,-0.157,0.0,0.0,6.0
1.3,-0.164,0.0,0.0,6.0
1.32,-0.171,0.0,0.0,6.0
1.34,-0.178,0.0,0.0,6.0
1.36,-0.185,0.0,0.0,6.0
1.38,-0.192,0.0,0.0,6.0
1.4,-0.199,0.0,0.0,6.0
1.42,-0.206,0.0,0.0,6.0
1.44,-0.215,0.0,0.0,6.0
1.46,-0.222,0.0,0.0,6.0
1.48,-0.23,0.0,0.0,6.0
1.5,-0.239,0.0,0.0,6.0
1.52,-0.246,0.0,0.0,6.0
1.54,-0.255,0.0,0.0,6.0
1.56,-0.264,0.0,0.0,6.0
1.58,-0.272,0.0,0.0,6.0
1.6,-0.281,0.0,0.0,6.0
1.62,-0.29,0.0,0.0,6.0
1.64,-0.3,0.0,0.0,6.0
1.66,-0.309,0.0,0.0,6.0
1.68,-0.318,0.0,0.0,6.0
1.7,-0.328,0.0,0.0,6.0
1.72,-0.339,0.0,0.0,6.0
1.74,-0.347,0.0,0.0,6.0
1.76,-0.358,0.0,0.0,6.0
1.78,-0.368,0.0,0.0,6.0
1.8,-0.379,0.0,0.0,6.0
1.82,-0.389,0.0,0.0,6.0
1.84,-0.4,0.0,0.0,6.0
1.86,-0.412,0.0,0.0,6.0
1.88,-0.422,0.0,0.0,6.0
1.9,-0.433,0.0,0.0,6.0
1.92,-0.445,0.0,0.0,6.0
1.94,-0.457,0.0,0.0,6.0
1.96,-0.468,0.0,0.0,6.0
1.98,-0.48,0.0,0.0,6.0
2.0,-0.492,0.0,0.0,6.0
2.02,-0.504,0.0,0.0,6.0
2.04,-0.517,0.0,0.0,6.0
2.06,-0.529,0.0,0.0,6.0
2.08,-0.543,0.0,0.0,6.0
2.1,-0.555,0.0,0.0,6.0
2.12,-0.567,0.0,0.0,6.0
2.14,-0.581,0.0,0.0,6.0
2.16,-0.595,0.0,0.0,6.0
2.18,-0.607,0.0,0.0,6.0
2.2,-0.621,0.0,0.0,6.0
2.22,-0.635,0.0,0.0,6.0
2.24,-0.649,0.0,0.0,6.0
2.26,-0.663,0.0,0.0,6.0
2.28,-0.677,0.0,0.0,6.0
2.3,-0.693,0.0,0.0,6.0
2.32,-0.707,0.0,0.0,6.0
2.34,-0.723,0.0,0.0,6.0
2.36,-0.737,0.0,0.0,6.0
2.38,-0.752,0.0,0.0,6.0
2.4,-0.768,0.0,0.0,6.0
2.42,-0.782,0.0,0.0,6.0
2.44,-0.798,0.0,0.0,6.0
2.46,-0.813,0.0,0.0,6.0
2.48,-0.829,0.0,0.0,6.0
2.5,-0.846,0.0,0.0,6.0
2.52,-0.862,0.0,0.0,6.0
2.54,-0.878,0.0,0.0,6.0
2.56,-0.895,0.0,0.0,6.0
2.58,-0.911,0.0,0.0,6.0
2.6,-0.929,0.0,0.0,6.0
2.62,-0.946,0.0,0.0,6.0
2.64,-0.963,0.0,0.0,6.0
2.66,-0.981,0.0,0.0,6.0
2.68,-0.998,0.0,0.0,6.0
2.7,-1.016,0.0,0.0,6.0
2.72,-1.033,0.0,0.0,6.0
2.74,-1.051,0.0,0.0,6.0
2.76,-1.07,0.0,0.0,6.0
2.78,-1.087,0.0,0.0,6.0
2.8,-1.107,0.0,0.0,6.0
2.82,-1.124,0.0,0.0,6.0
2.84,-1.143,0.0,0.0,6.0
2.86,-1.162,0.0,0.0,6.0
2.88,-1.182,0.0,0.0,6.0
2.9,-1.201,0.0,0.0,6.0
2.92,-1.22,0.0,0.0,6.0
2.94,-1.239,0.0,0.0,6.0
2.96,-1.258,0.0,0.0,6.0
2.98,-1.279,0.0,0.0,6.0
3.0,-1.299,0.0,0.0,6.0
3.02,-1.319,0.0,0.0,6.0
3.04,-1.339,0.0,0.0,6.0
3.06,-1.36,0.0,0.0,6.0
3.08,-1.381,0.0,0.0,6.0
3.1,-1.401,0.0,0.0,6.0
3.12,-1.422,0.0,0.0,6.0
3.14,-1.443,0.0,0.0,6.0
3.16,-1.464,0.0,0.0,6.0
3.18,-1.485,0.0,0.0,6.0
3.2,-1.508,0.0,0.0,6.0
3.22,-1.529,0.0,0.0,6.0
3.24,-1.552,0.0,0.0,6.0
3.26,-1.573,0.0,0.0,6.0
3.28,-1.595,0.0,0.0,6.0
3.3,-1.618,0.0,0.0,6.0
3.32,-1.641,0.0,0.0,6.0
3.34,-1.663,0.0,0.0,6.0
3.36,-1.686,0.0,0.0,6.0
3.38,-1.709,0.0,0.0,6.0
3.4,-1.731,0.0,0.0,6.0
3.42,-1.754,0.0,0.0,6.0
3.44,-1.778,0.0,0.0,6.0
3.46,-1.801,0.0,0.0,6.0
3.48,-1.826,0.0,0.0,6.0
3.5,-1.848,0.0,0.0,6.0
3.52,-1.873,0.0,0.0,6.0
3.54,-1.897,0.0,0.0,6.0
3.56,-1.922,0.0,0.0,6.0
3.58,-1.946,0.0,0.0,6.0
3.6,-1.97,0.0,0.0,6.0
3.62,-1.995,0.0,0.0,6.0
3.64,-2.021,0.0,0.0,6.0
3.66,-2.046,0.0,0.0,6.0
3.68,-2.072,0.0,0.0,6.0
3.7,-2.096,0.0,0.0,6.0
3.72,-2.122,0.0,0.0,6.0
3.74,-2.149,0.0,0.0,6.0
3.76,-2.173,0.0,0.0,6.0
3.78,-2.199,0.0,0.0,6.0
3.8,-2.225,0.0,0.0,6.0
3.82,-2.253,0.0,0.0,6.0
3.84,-2.279,0.0,0.0,6.0
3.86,-2.306,0.0,0.0,6.0
3.88,-2.332,0.0,0.0,6.0
3.9,-2.36,0.0,0.0,6.0
3.92,-2.386,0.0,0.0,6.0
3.94,-2.414,0.0,0.0,6.0
3.96,-2.442,0.0,0.0,6.0
3.98,-2.47,0.0,0.0,6.0
4.0,-2.496,0.0,0.0,6.0
4.02,-2.524,0.0,0.0,6.0
4.04,-2.552,0.0,0.0,6.0
4.06,-2.581,0.0,0.0,6.0
4.08,-2.609,0.0,0.0,6.0
4.1,-2.637,0.0,0.0,6.0
4.12,-2.665,0.0,0.0,6.0
4.14,-2.695,0.0,0.0,6.0
4.16,-2.723,0.0,0.0,6.0
4.18,-2.752,0.0,0.0,6.0
4.2,-2.782,0.0,0.0,6.0
4.22,-2.81,0.0,0.0,6.0
4.24,-2.84,0.0,0.0,6.0
4.26,-2.869,0.0,0.0,6.0
4.28,-2.899,0.0,0.0,6.0
4.3,-2.929,0.0,0.0,6.0
4.32,-2.958,0.0,0.0,6.0
4.34,-2.99,0.0,0.0,6.0
4.36,-3.019,0.0,0.0,6.0
4.38,-3.049,0.0,0.0,6.0
4.4,-3.081,0.0,0.0,6.0
4.42,-3.11,0.0,0.0,6.0
4.44,-3.142,0.0,0.0,6.0
4.46,-3.173,0.0,0.0,6.0
4.48,-3.203,0.0,0.0,6.0
4.5,-3.234,0.0,0.0,6.0
4.52,-3.266,0.0,0.0,6.0
4.54,-3.297,0.0,0.0,6.0
4.56,-3.328,0.0,0.0,6.0
4.58,-3.36,0.0,0.0,6.0
4.6,-3.391,0.0,0.0,6.0
4.62,-3.424,0.0,0.0,6.0
4.64,-3.456,0.0,0.0,6.0
4.66,-3.487,0.0,0.0,6.0
4.68,-3.52,0.0,0.0,6.0
4.7,-3.552,0.0,0.0,6.0
4.72,-3.585,0.0,0.0,6.0
4.74,-3.618,0.0,0.0,6.0
4.76,-3.651,0.0,0.0,6.0
4.78,-3.683,0.0,0.0,6.0
4.8,-3.716,0.0,0.0,6.0
4.82,-3.749,0.0,0.0,6.0
4.84,-3.782,0.0,0.0,6.0
4.86,-3.817,0.0,0.0,6.0
4.88,-3.85,0.0,0.0,6.0
4.9,-3.883,0.0,0.0,6.0
4.92,-3.917,0.0,0.0,6.0
4.94,-3.951,0.0,0.0,6.0
4.96,-3.985,0.0,0.0,6.0
4.98,-4.019,0.0,0.0,6.0
5.0,-4.054,0.0,0.0,6.0
5.02,-4.088,0.0,0.0,6.0
5.04,-4.122,0.0,0.0,6.0
5.06,-4.157,0.0,0.0,6.0
5.08,-4.192,0.0,0.0,6.0
5.1,-4.227,0.0,0.0,6.0
5.12,-4.262,0.0,0.0,6.0
5.14,-4.297,0.0,0.0,6.0
5.16,-4.332,0.0,0.0,6.0
5.18,-4.369,0.0,0.0,6.0
5.2,-4.403,0.0,0.0,6.0
5.22,-4.44,0.0,0.0,6.0
5.24,-4.475,0.0,0.0,6.0
5.26,-4.512,0.0,0.0,6.0
5.28,-4.547,0.0,0.0,6.0
5.3,-4.583,0.0,0.0,6.0
5.32,-4.62,0.0,0.0,6.0
5.34,-4.657,0.0,0.0,6.0
5.36,-4.693,0.0,0.0,6.0
5.38,-4.73,0.0,0.0,6.0
5.4,-4.766,0.0,0.0,6.0
5.42,-4.803,0.0,0.0,6.0
5.44,-4.84,0.0,0.0,6.0
5.46,-4.878,0.0,0.0,6.0
5.48,-4.915,0.0,0.0,6.0
5.5,-4.953,0.0,0.0,6.0
5.52,-4.99,0.0,0.0,6.0
5.54,-5.028,0.0,0.0,6.0
5.56,-5.065,0.0,0.0,6.0
5.58,-5.103,0.0,0.0,6.0
5.6,-5.142,0.0,0.0,6.0
5.62,-5.18,0.0,0.0,6.0
5.64,-5.219,0.0,0.0,6.0
5.66,-5.257,0.0,0.0,6.0
5.68,-5.297,0.0,0.0,6.0
5.7,-5.335,0.0,0.0,6.0
5.72,-5.374,0.0,0.0,6.0
5.74,-5.414,0.0,0.0,6.0
5.76,-5.452,0.0,0.0,6.0
5.78,-5.493,0.0,0.0,6.0
5.8,-5.533,0.0,0.0,6.0
5.82,-5.573,0.0,0.0,6.0
5.84,-5.613,0.0,0.0,6.0
5.86,-5.653,0.0,0.0,6.0
5.88,-5.693,0.0,0.0,6.0
5.9,-5.733,0.0,0.0,6.0
5.92,-5.774,0.0,0.0,6.0
5.94,-5.814,0.0,0.0,6.0
5.96,-5.856,0.0,0.0,6.0
5.98,-5.896,0.0,0.0,6.0
6.0,-5.938,0.0,0.0,6.0
6.02,-5.98,0.0,0.0,6.0
6.04,-6.02,0.0,0.0,6.0
6.06,-6.062,0.0,0.0,6.0
6.08,-6.103,0.0,0.0,6.0
6.1,-6.145,0.0,0.0,6.0
6.12,-6.187,0.0,0.0,6.0
6.14,-6.229,0.0,0.0,6.0
6.16,-6.271,0.0,0.0,6.0
6.18,-6.315,0.0,0.0,6.0
6.2,-6.356,0.0,0.0,6.0
6.22,-6.398,0.0,0.0,6.0
6.24,-6.442,0.0,0.0,6.0
6.26,-6.486,0.0,0.0,6.0
6.28,-6.528,0.0,0.0,6.0
6.3,-6.571,0.0,0.0,6.0
6.32,-6.615,0.0,0.0,6.0
6.34,-6.658,0.0,0.0,6.0
6.36,-6.7,0.0,0.0,6.0
6.38,-6.744,0.0,0.0,6.0
6.4,-6.789,0.0,0.0,6.0
6.42,-6.833,0.0,0.0,6.0
6.44,-6.877,0.0,0.0,6.0
6.46,-6.92,0.002,0.0,6.0
6.48,-6.964,0.002,0.0,6.0
6.5,-7.009,0.002,0.0,6.0
6.52,-7.053,0.003,0.0,6.0
6.54,-7.097,0.003,0.0,6.0
6.56,-7.142,0.005,0.0,6.0
6.58,-7.186,0.007,0.0,6.0
6.6,-7.231,0.007,0.0,6.0
6.62,-7.276,0.009,0.0,6.0
6.64,-7.32,0.01,0.0,6.0
6.66,-7.365,0.01,0.0,6.0
6.68,-7.411,0.016,0.0,6.0
6.7,-7.454,0.016,0.0,6.0
6.72,-7.5,0.017,0.0,6.0
6.74,-7.545,0.019,0.0,6.0
6.76,-7.59,0.021,0.0,6.0
6.78,-7.636,0.023,0.0,6.0
6.8,-7.679,0.026,0.0,6.0
6.82,-7.725,0.026,0.0,6.0
6.84,-7.77,0.03,0.0,6.0
6.86,-7.816,0.03,0.0,6.0
6.88,-7.861,0.033,0.0,6.0
6.9,-7.906,0.035,0.0,6.0
6.92,-7.952,0.037,0.0,6.0
6.94,-7.997,0.038,0.0,6.0
6.96,-8.042,0.042,0.0,6.0
6.98,-8.088,0.045,0.0,6.0
7.0,-8.133,0.047,0.0,6.0
7.02,-8.179,0.049,0.0,6.0
7.04,-8.224,0.051,0.0,6.0
7.06,-8.269,0.052,0.0,6.0
7.08,-8.315,0.056,0.0,6.0
7.1,-8.36,0.059,0.0,6.0
7.12,-8.406,0.061,0.0,6.0
7.14,-8.451,0.061,0.0,6.0
7.16,-8.496,0.065,0.0,6.0
7.18,-8.542,0.068,0.0,6.0
7.2,-8.587,0.07,0.0,6.0
7.22,-8.632,0.073,0.0,6.0
7.24,-8.678,0.075,0.0,6.0
7.26,-8.723,0.079,0.0,6.0
7.28,-8.769,0.08,0.0,6.0
7.3,-8.814,0.082,0.0,6.0
7.32,-8.859,0.086,0.0,6.0
7.34,-8.905,0.087,0.0,6.0
7.36,-8.95,0.089,0.0,6.0
7.38,-8.995,0.093,0.0,6.0
7.4,-9.043,0.094,0.0,6.0
7.42,-9.088,0.096,0.0,6.0
7.44,-9.133,0.099,0.0,6.0
7.46,-9.179,0.099,0.0,6.0
7.48,-9.224,0.103,0.0,6.0
7.5,-9.269,0.105,0.0,6.0
7.52,-9.317,0.105,0.0,6.0
7.54,-9.362,0.106,0.0,6.0
7.56,-9.407,0.11,0.0,6.0
7.58,-9.454,0.11,0.0,6.0
7.6,-9.5,0.112,0.0,6.0
7.62,-9.545,0.113,0.0,6.0
7.64,-9.592,0.115,0.0,6.0
7.66,-9.638,0.115,0.0,6.0
7.68,-9.685,0.117,0.0,6.0
7.7,-9.73,0.119,0.0,6.0
7.72,-9.777,0.119,0.0,6.0
7.74,-9.824,0.12,0.0,6.0
7.76,-9.87,0.12,0.0,6.0
7.78,-9.917,0.12,0.0,6.0
7.8,-9.964,0.122,0.0,6.0
7.82,-10.011,0.124,0.0,6.0
7.84,-10.057,0.124,0.0,6.0
7.86,-10.104,0.124,0.0,6.0
7.88,-10.151,0.124,0.0,6.0
7.9,-10.198,0.124,0.0,6.0
7.92,-10.245,0.124,0.0,6.0
7.94,-10.294,0.124,0.0,6.0
7.96,-10.341,0.126,0.0,6.0
7.98,-10.388,0.126,0.0,6.0
8.0,-10.437,0.126,0.0,6.0
8.02,-10.484,0.126,0.0,6.0
8.04,-10.533,0.127,0.0,6.0
8.06,-10.58,0.127,0.0,6.0
8.08,-10.629,0.127,0.0,6.0
8.1,-10.678,0.127,0.0,6.0
8.12,-10.725,0.127,0.0,6.0
8.14,-10.774,0.127,0.0,6.0
8.16,-10.823,0.127,0.0,6.0
8.18,-10.872,0.126,0.0,6.0
8.2,-10.921,0.126,0.0,6.0
8.22,-10.971,0.126,0.0,6.0
8.24,-11.02,0.126,0.0,6.0
8.26,-11.069,0.126,0.0,6.0
8.28,-11.119,0.126,0.0,6.0
8.3,-11.168,0.126,0.0,6.0
8.32,-11.219,0.124,0.0,6.0
8.34,-11.268,0.124,0.0,6.0
8.36,-11.318,0.124,0.0,6.0
8.38,-11.369,0.124,0.0,6.0
8.4,-11.42,0.124,0.0,6.0
8.42,-11.47,0.124,0.0,6.0
8.44,-11.521,0.124,0.0,6.0
8.46,-11.572,0.124,0.0,6.0
8.48,-11.622,0.122,0.0,6.0
8.5,-11.673,0.122,0.0,6.0
8.52,-11.723,0.122,0.0,6.0
8.54,-11.776,0.122,0.0,6.0
8.56,-11.826,0.124,0.0,6.0
8.58,-11.877,0.124,0.0,6.0
8.6,-11.929,0.124,0.0,6.0
8.62,-11.98,0.126,0.0,6.0
8.64,-12.032,0.126,0.0,6.0
8.66,-12.085,0.126,0.0,6.0
8.68,-12.135,0.127,0.0,6.0
8.7,-12.188,0.129,0.0,6.0
8.72,-12.24,0.129,0.0,6.0
8.74,-12.292,0.131,0.0,6.0
8.76,-12.345,0.133,0.0,6.0
8.78,-12.395,0.134,0.0,6.0
8.8,-12.448,0.134,0.0,6.0
8.82,-12.5,0.136,0.0,6.0
8.84,-12.552,0.138,0.0,6.0
8.86,-12.605,0.138,0.0,6.0
8.88,-12.657,0.141,0.0,6.0
8.9,-12.709,0.143,0.0,6.0
8.92,-12.764,0.143,0.0,6.0
8.94,-12.816,0.147,0.0,6.0
8.96,-12.868,0.148,0.0,6.0
8.98,-12.921,0.15,0.0,6.0
9.0,-12.973,0.152,0.0,6.0
9.02,-13.025,0.155,0.0,6.0
9.04,-13.078,0.157,0.0,6.0
9.06,-13.13,0.157,0.0,6.0
9.08,-13.184,0.161,0.0,6.0
9.1,-13.237,0.162,0.0,6.0
9.12,-13.289,0.166,0.0,6.0
9.14,-13.341,0.166,0.0,6.0
9.16,-13.394,0.169,0.0,6.0
9.18,-13.448,0.171,0.0,6.0
9.2,-13.5,0.173,0.0,6.0
9.22,-13.552,0.176,0.0,6.0
9.24,-13.605,0.176,0.0,6.0
9.26,-13.659,0.18,0.0,6.0
9.28,-13.711,0.183,0.0,6.0
9.3,-13.764,0.183,0.0,6.0
9.32,-13.818,0.187,0.0,6.0
9.34,-13.87,0.19,0.0,6.0
9.36,-13.922,0.192,0.0,6.0
9.38,-13.977,0.194,0.0,6.0
9.4,-14.029,0.197,0.0,6.0
9.42,-14.081,0.199,0.0,6.0
9.44,-14.135,0.201,0.0,6.0
9.46,-14.188,0.202,0.0,6.0
9.48,-14.242,0.204,0.0,6.0
9.5,-14.294,0.206,0.0,6.0
9.52,-14.347,0.208,0.0,6.0
9.54,-14.401,0.211,0.0,6.0
9.56,-14.455,0.211,0.0,6.0
9.58,-14.507,0.213,0.0,6.0
9.6,-14.561,0.215,0.0,6.0
9.62,-14.614,0.216,0.0,6.0
9.64,-14.668,0.216,0.0,6.0
9.66,-14.722,0.22,0.0,6.0
9.68,-14.774,0.22,0.0,6.0
9.7,-14.828,0.222,0.0,6.0
9.72,-14.882,0.223,0.0,6.0
9.74,-14.937,0.223,0.0,6.0
9.76,-14.991,0.225,0.0,6.0
9.78,-15.045,0.227,0.0,6.0
9.8,-15.099,0.227,0.0,6.0
9.82,-15.153,0.229,0.0,6.0
9.84,-15.207,0.229,0.0,6.0
9.86,-15.261,0.229,0.0,6.0
9.88,-15.317,0.23,0.0,6.0
9.9,-15.371,0.23,0.0,6.0
9.92,-15.425,0.23,0.0,6.0
9.94,-15.479,0.232,0.0,6.0
9.96,-15.535,0.232,0.0,6.0
9.98,-15.589,0.232,0.0,6.0
10.0,-15.645,0.232,0.0,6.0
10.02,-15.701,0.232,0.0,6.0
10.04,-15.755,0.232,0.0,6.0
10.06,-15.811,0.232,0.0,6.0
10.08,-15.867,0.232,0.0,6.0
10.1,-15.921,0.232,0.0,6.0
10.12,-15.977,0.232,0.0,6.0
10.14,-16.033,0.232,0.0,6.0
10.16,-16.088,0.232,0.0,6.0
10.18,-16.144,0.232,0.0,6.0
10.2,-16.202,0.232,0.0,6.0
10.22,-16.258,0.232,0.0,6.0
10.24,-16.314,0.232,0.0,6.0
10.26,-16.369,0.232,0.0,6.0
10.28,-16.427,0.232,0.0,6.0
10.3,-16.483,0.232,0.0,6.0
10.32,-16.54,0.232,0.0,6.0
10.34,-16.596,0.232,0.0,6.0
10.36,-16.654,0.232,0.0,6.0
10.38,-16.712,0.234,0.0,6.0
10.4,-16.767,0.234,0.0,6.0
10.42,-16.825,0.234,0.0,6.0
10.44,-16.883,0.234,0.0,6.0
10.46,-16.94,0.234,0.0,6.0
10.48,-16.998,0.234,0.0,6.0
10.5,-17.055,0.234,0.0,6.0
10.52,-17.113,0.234,0.0,6.0
10.54,-17.171,0.232,0.0,6.0
10.56,-17.228,0.232,0.0,6.0
10.58,-17.286,0.232,0.0,6.0
10.6,-17.345,0.232,0.0,6.0
10.62,-17.403,0.232,0.0,6.0
10.64,-17.46,0.232,0.0,6.0
10.66,-17.52,0.232,0.0,6.0
10.68,-17.577,0.234,0.0,6.0
10.7,-17.637,0.234,0.0,6.0
10.72,-17.694,0.234,0.0,6.0
10.74,-17.753,0.236,0.0,6.0
10.76,-17.813,0.236,0.0,6.0
10.78,-17.872,0.236,0.0,6.0
10.8,-17.93,0.236,0.0,6.0
10.82,-17.989,0.237,0.0,6.0
10.84,-18.048,0.239,0.0,6.0
10.86,-18.108,0.239,0.0,6.0
10.88,-18.167,0.239,0.0,6.0
10.9,-18.226,0.241,0.0,6.0
10.92,-18.288,0.243,0.0,6.0
10.94,-18.347,0.243,0.0,6.0
10.96,-18.406,0.243,0.0,6.0
10.98,-18.466,0.244,0.0,6.0
11.0,-18.525,0.246,0.0,6.0
11.02,-18.586,0.246,0.0,6.0
11.04,-18.645,0.248,0.0,6.0
11.06,-18.706,0.248,0.0,6.0
11.08,-18.766,0.25,0.0,6.0
11.1,-18.825,0.251,0.0,6.0
11.12,-18.886,0.251,0.0,6.0
11.14,-18.947,0.253,0.0,6.0
11.16,-19.007,0.255,0.0,6.0
11.18,-19.068,0.257,0.0,6.0
11.2,-19.127,0.257,0.0,6.0
11.22,-19.188,0.26,0.0,6.0
11.24,-19.249,0.26,0.0,6.0
11.26,-19.309,0.262,0.0,6.0
11.28,-19.37,0.262,0.0,6.0
11.3,-19.431,0.265,0.0,6.0
11.32,-19.492,0.265,0.0,6.0
11.34,-19.551,0.267,0.0,6.0
11.36,-19.612,0.269,0.0,6.0
11.38,-19.673,0.269,0.0,6.0
11.4,-19.734,0.272,0.0,6.0
11.42,-19.796,0.274,0.0,6.0
11.44,-19.857,0.274,0.0,6.0
11.46,-19.918,0.276,0.0,6.0
11.48,-19.979,0.278,0.0,6.0
11.5,-20.04,0.279,0.0,6.0
11.52,-20.101,0.279,0.0,6.0
11.54,-20.162,0.281,0.0,6.0
11.56,-20.223,0.283,0.0,6.0
11.58,-20.286,0.283,0.0,6.0
11.6,-20.347,0.284,0.0,6.0
11.62,-20.408,0.286,0.0,6.0
11.64,-20.469,0.288,0.0,6.0
11.66,-20.532,0.288,0.0,6.0
11.68,-20.593,0.29,0.0,6.0
11.7,-20.654,0.291,0.0,6.0
11.72,-20.717,0.291,0.0,6.0
11.74,-20.778,0.293,0.0,6.0
11.76,-20.839,0.293,0.0,6.0
11.78,-20.902,0.293,0.0,6.0
11.8,-20.965,0.295,0.0,6.0
11.82,-21.026,0.297,0.0,6.0
11.84,-21.089,0.297,0.0,6.0
11.86,-21.15,0.298,0.0,6.0
11.88,-21.213,0.298,0.0,6.0
11.9,-21.276,0.3,0.0,6.0
11.92,-21.338,0.3,0.0,6.0
11.94,-21.401,0.302,0.0,6.0
11.96,-21.464,0.302,0.0,6.0
11.98,-21.527,0.304,0.0,6.0
12.0,-21.59,0.304,0.0,6.0
12.02,-21.653,0.304,0.0,6.0
12.04,-21.715,0.304,0.0,6.0
12.06,-21.778,0.304,0.0,6.0
12.08,-21.841,0.305,0.0,6.0
12.1,-21.906,0.305,0.0,6.0
12.12,-21.968,0.305,0.0,6.0
12.14,-22.031,0.307,0.0,6.0
12.16,-22.096,0.307,0.0,6.0
12.18,-22.159,0.307,0.0,6.0
12.2,-22.223,0.307,0.0,6.0
12.22,-22.286,0.307,0.0,6.0
12.24,-22.351,0.307,0.0,6.0
12.26,-22.415,0.307,0.0,6.0
12.28,-22.478,0.307,0.0,6.0
12.3,-22.543,0.309,0.0,6.0
12.32,-22.607,0.309,0.0,6.0
12.34,-22.672,0.309,0.0,6.0
12.36,-22.736,0.309,0.0,6.0
12.38,-22.801,0.309,0.0,6.0
12.4,-22.866,0.309,0.0,6.0
12.42,-22.93,0.309,0.0,6.0
12.44,-22.995,0.309,0.0,6.0
12.46,-23.059,0.309,0.0,6.0
12.48,-23.124,0.309,0.0,6.0
12.5,-23.188,0.309,0.0,6.0
12.52,-23.255,0.309,0.0,6.0
12.54,-23.319,0.309,0.0,6.0
12.56,-23.384,0.309,0.0,6.0
12.58,-23.45,0.309,0.0,6.0
12.6,-23.515,0.309,0.0,6.0
12.62,-23.581,0.309,0.0,6.0
12.64,-23.646,0.309,0.0,6.0
12.66,-23.712,0.309,0.0,6.0
12.68,-23.778,0.309,0.0,6.0
12.7,-23.845,0.309,0.0,6.0
12.72,-23.909,0.309,0.0,6.0
12.74,-23.976,0.311,0.0,6.0
12.76,-24.042,0.311,0.0,6.0
12.78,-24.108,0.311,0.0,6.0
12.8,-24.175,0.311,0.0,6.0
12.82,-24.241,0.311,0.0,6.0
12.84,-24.309,0.311,0.0,6.0
12.86,-24.375,0.311,0.0,6.0
12.88,-24.442,0.312,0.0,6.0
12.9,-24.51,0.312,0.0,6.0
12.92,-24.576,0.312,0.0,6.0
12.94,-24.644,0.312,0.0,6.0
12.96,-24.71,0.314,0.0,6.0
12.98,-24.778,0.314,0.0,6.0
13.0,-24.845,0.314,0.0,6.0
13.02,-24.913,0.314,0.0,6.0
13.04,-24.981,0.316,0.0,6.0
13.06,-25.047,0.316,0.0,6.0
13.08,-25.115,0.316,0.0,6.0
13.1,-25.183,0.318,0.0,6.0
13.12,-25.251,0.318,0.0,6.0
13.14,-25.32,0.319,0.0,6.0
13.16,-25.388,0.319,0.0,6.0
13.18,-25.456,0.321,0.0,6.0
13.2,-25.524,0.321,0.0,6.0
13.22,-25.592,0.323,0.0,6.0
13.24,-25.66,0.323,0.0,6.0
13.26,-25.728,0.325,0.0,6.0
13.28,-25.796,0.325,0.0,6.0
13.3,-25.864,0.326,0.0,6.0
13.32,-25.932,0.326,0.0,6.0
13.34,-26.0,0.328,0.0,6.0
13.36,-26.068,0.33,0.0,6.0
13.38,-26.138,0.33,0.0,6.0
13.4,-26.206,0.332,0.0,6.0
13.42,-26.274,0.332,0.0,6.0
13.44,-26.344,0.333,0.0,6.0
13.46,-26.412,0.335,0.0,6.0
13.48,-26.48,0.337,0.0,6.0
13.5,-26.55,0.337,0.0,6.0
13.52,-26.618,0.339,0.0,6.0
13.54,-26.686,0.339,0.0,6.0
13.56,-26.756,0.34,0.0,6.0
13.58,-26.824,0.34,0.0,6.0
13.6,-26.894,0.342,0.0,6.0
13.62,-26.962,0.344,0.0,6.0
13.64,-27.032,0.344,0.0,6.0
13.66,-27.101,0.346,0.0,6.0
13.68,-27.17,0.347,0.0,6.0
13.7,-27.239,0.347,0.0,6.0
13.72,-27.309,0.347,0.0,6.0
13.74,-27.377,0.349,0.0,6.0
13.76,-27.447,0.349,0.0,6.0
13.78,-27.517,0.351,0.0,6.0
13.8,-27.587,0.351,0.0,6.0
13.82,-27.656,0.353,0.0,6.0
13.84,-27.726,0.353,0.0,6.0
13.86,-27.796,0.354,0.0,6.0
13.88,-27.866,0.354,0.0,6.0
13.9,-27.936,0.356,0.0,6.0
13.92,-28.006,0.356,0.0,6.0
13.94,-28.075,0.356,0.0,6.0
13.96,-28.145,0.356,0.0,6.0
13.98,-28.217,0.358,0.0,6.0
14.0,-28.287,0.358,0.0,6.0
14.02,-28.356,0.358,0.0,6.0
14.04,-28.428,0.358,0.0,6.0
14.06,-28.498,0.358,0.0,6.0
14.08,-28.569,0.358,0.0,6.0
14.1,-28.639,0.36,0.0,6.0
14.12,-28.711,0.36,0.0,6.0
14.14,-28.78,0.36,0.0,6.0
14.16,-28.852,0.36,0.0,6.0
14.18,-28.924,0.36,0.0,6.0
14.2,-28.993,0.36,0.0,6.0
14.22,-29.065,0.36,0.0,6.0
14.24,-29.137,0.36,0.0,6.0
14.26,-29.208,0.36,0.0,6.0
14.28,-29.28,0.36,0.0,6.0
14.3,-29.351,0.361,0.0,6.0
14.32,-29.423,0.361,0.0,6.0
14.34,-29.494,0.361,0.0,6.0
14.36,-29.566,0.361,0.0,6.0
14.38,-29.637,0.361,0.0,6.0
14.4,-29.709,0.361,0.0,6.0
14.42,-29.781,0.361,0.0,6.0
14.44,-29.854,0.361,0.0,6.0
14.46,-29.925,0.361,0.0,6.0
14.48,-29.999,0.361,0.0,6.0
14.5,-30.07,0.361,0.0,6.0
14.52,-30.144,0.361,0.0,6.0
14.54,-30.215,0.361,0.0,6.0
14.56,-30.288,0.361,0.0,6.0
14.58,-30.362,0.36,0.0,6.0
14.6,-30.435,0.36,0.0,6.0
14.62,-30.507,0.36,0.0,6.0
14.64,-30.58,0.36,0.0,6.0
14.66,-30.653,0.358,0.0,6.0
14.68,-30.727,0.358,0.0,6.0
14.7,-30.8,0.358,0.0,6.0
14.72,-30.873,0.358,0.0,6.0
14.74,-30.948,0.358,0.0,6.0
14.76,-31.021,0.358,0.0,6.0
14.78,-31.095,0.358,0.0,6.0
14.8,-31.168,0.358,0.0,6.0
14.82,-31.243,0.36,0.0,6.0
14.84,-31.316,0.36,0.0,6.0
14.86,-31.392,0.36,0.0,6.0
14.88,-31.465,0.36,0.0,6.0
14.9,-31.54,0.36,0.0,6.0
14.92,-31.613,0.361,0.0,6.0
14.94,-31.688,0.361,0.0,6.0
14.96,-31.762,0.361,0.0,6.0
14.98,-31.837,0.363,0.0,6.0
15.0,-31.912,0.363,0.0,6.0
15.02,-31.985,0.363,0.0,6.0
15.04,-32.06,0.365,0.0,6.0
15.06,-32.135,0.365,0.0,6.0
15.08,-32.21,0.365,0.0,6.0
15.1,-32.285,0.367,0.0,6.0
15.12,-32.36,0.368,0.0,6.0
15.14,-32.435,0.368,0.0,6.0
15.16,-32.509,0.368,0.0,6.0
15.18,-32.584,0.37,0.0,6.0
15.2,-32.659,0.37,0.0,6.0
15.22,-32.734,0.372,0.0,6.0
15.24,-32.809,0.372,0.0,6.0
15.26,-32.884,0.374,0.0,6.0
15.28,-32.961,0.374,0.0,6.0
15.3,-33.036,0.375,0.0,6.0
15.32,-33.111,0.375,0.0,6.0
15.34,-33.186,0.375,0.0,6.0
15.36,-33.261,0.377,0.0,6.0
15.38,-33.336,0.379,0.0,6.0
15.4,-33.411,0.379,0.0,6.0
15.42,-33.488,0.38,0.0,6.0
15.44,-33.563,0.38,0.0,6.0
15.46,-33.638,0.382,0.0,6.0
15.48,-33.715,0.382,0.0,6.0
15.5,-33.79,0.384,0.0,6.0
15.52,-33.866,0.384,0.0,6.0
15.54,-33.941,0.386,0.0,6.0
15.56,-34.018,0.387,0.0,6.0
15.58,-34.093,0.387,0.0,6.0
15.6,-34.17,0.387,0.0,6.0
15.62,-34.245,0.389,0.0,6.0
15.64,-34.322,0.389,0.0,6.0
15.66,-34.399,0.391,0.0,6.0
15.68,-34.474,0.391,0.0,6.0
15.7,-34.551,0.391,0.0,6.0
15.72,-34.627,0.393,0.0,6.0
15.74,-34.704,0.393,0.0,6.0
15.76,-34.779,0.393,0.0,6.0
15.78,-34.856,0.393,0.0,6.0
15.8,-34.933,0.394,0.0,6.0
15.82,-35.01,0.394,0.0,6.0
15.84,-35.086,0.394,0.0,6.0
15.86,-35.163,0.394,0.0,6.0
15.88,-35.24,0.394,0.0,6.0
15.9,-35.317,0.394,0.0,6.0
15.92,-35.394,0.394,0.0,6.0
15.94,-35.472,0.394,0.0,6.0
15.96,-35.549,0.394,0.0,6.0
15.98,-35.626,0.394,0.0,6.0
16.0,-35.702,0.394,0.0,6.0
16.02,-35.781,0.394,0.0,6.0
16.04,-35.858,0.394,0.0,6.0
16.06,-35.936,0.394,0.0,6.0
16.08,-36.013,0.394,0.0,6.0
16.1,-36.092,0.394,0.0,6.0
16.12,-36.168,0.396,0.0,6.0
16.14,-36.247,0.396,0.0,6.0
16.16,-36.326,0.396,0.0,6.0
16.18,-36.404,0.396,0.0,6.0
16.2,-36.481,0.396,0.0,6.0
16.22,-36.559,0.396,0.0,6.0
16.24,-36.638,0.394,0.0,6.0
16.26,-36.717,0.394,0.0,6.0
16.28,-36.795,0.394,0.0,6.0
16.3,-36.874,0.394,0.0,6.0
16.32,-36.952,0.394,0.0,6.0
16.34,-37.032,0.394,0.0,6.0
16.36,-37.111,0.394,0.0,6.0
16.38,-37.189,0.394,0.0,6.0
16.4,-37.27,0.394,0.0,6.0
16.42,-37.348,0.394,0.0,6.0
16.44,-37.429,0.394,0.0,6.0
16.46,-37.507,0.394,0.0,6.0
16.48,-37.587,0.394,0.0,6.0
16.5,-37.668,0.394,0.0,6.0
16.52,-37.746,0.394,0.0,6.0
16.54,-37.827,0.394,0.0,6.0
16.56,-37.907,0.394,0.0,6.0
16.58,-37.985,0.394,0.0,6.0
16.6,-38.066,0.394,0.0,6.0
16.62,-38.146,0.393,0.0,6.0
16.64,-38.226,0.393,0.0,6.0
16.66,-38.307,0.393,0.0,6.0
16.68,-38.387,0.394,0.0,6.0
16.7,-38.465,0.394,0.0,6.0
16.72,-38.546,0.394,0.0,6.0
16.74,-38.626,0.396,0.0,6.0
16.76,-38.708,0.396,0.0,6.0
16.78,-38.788,0.398,0.0,6.0
16.8,-38.868,0.398,0.0,6.0
16.82,-38.949,0.398,0.0,6.0
16.84,-39.029,0.4,0.0,6.0
16.86,-39.109,0.4,0.0,6.0
16.88,-39.19,0.4,0.0,6.0
16.9,-39.27,0.401,0.0,6.0
16.92,-39.35,0.403,0.0,6.0
16.94,-39.43,0.403,0.0,6.0
16.96,-39.511,0.405,0.0,6.0
16.98,-39.593,0.405,0.0,6.0
17.0,-39.673,0.405,0.0,6.0
17.02,-39.753,0.407,0.0,6.0
17.04,-39.835,0.407,0.0,6.0
17.06,-39.916,0.408,0.0,6.0
17.08,-39.996,0.408,0.0,6.0
17.1,-40.078,0.408,0.0,6.0
17.12,-40.158,0.41,0.0,6.0
17.14,-40.24,0.41,0.0,6.0
17.16,-40.321,0.412,0.0,6.0
17.18,-40.403,0.412,0.0,6.0
17.2,-40.483,0.412,0.0,6.0
17.22,-40.565,0.414,0.0,6.0
17.24,-40.647,0.414,0.0,6.0
17.26,-40.727,0.414,0.0,6.0
17.28,-40.809,0.414,0.0,6.0
17.3,-40.891,0.414,0.0,6.0
17.32,-40.972,0.415,0.0,6.0
17.34,-41.054,0.415,0.0,6.0
17.36,-41.136,0.415,0.0,6.0
17.38,-41.218,0.415,0.0,6.0
17.4,-41.3,0.415,0.0,6.0
17.42,-41.382,0.415,0.0,6.0
17.44,-41.464,0.415,0.0,6.0
17.46,-41.546,0.415,0.0,6.0
17.48,-41.628,0.415,0.0,6.0
17.5,-41.71,0.415,0.0,6.0
17.52,-41.792,0.415,0.0,6.0
17.54,-41.874,0.415,0.0,6.0
17.56,-41.956,0.415,0.0,6.0
17.58,-42.038,0.415,0.0,6.0
17.6,-42.122,0.415,0.0,6.0
17.62,-42.204,0.415,0.0,6.0
17.64,-42.286,0.415,0.0,6.0
17.66,-42.37,0.415,0.0,6.0
17.68,-42.452,0.415,0.0,6.0
17.7,-42.535,0.417,0.0,6.0
17.72,-42.617,0.417,0.0,6.0
17.74,-42.701,0.417,0.0,6.0
17.76,-42.785,0.417,0.0,6.0
17.78,-42.867,0.417,0.0,6.0
17.8,-42.951,0.417,0.0,6.0
17.82,-43.035,0.417,0.0,6.0
17.84,-43.118,0.415,0.0,6.0
17.86,-43.202,0.415,0.0,6.0
17.88,-43.286,0.415,0.0,6.0
17.9,-43.37,0.415,0.0,6.0
17.92,-43.453,0.415,0.0,6.0
17.94,-43.537,0.415,0.0,6.0
17.96,-43.621,0.415,0.0,6.0
17.98,-43.707,0.415,0.0,6.0
18.0,-43.79,0.415,0.0,6.0
18.02,-43.874,0.415,0.0,6.0
18.04,-43.958,0.415,0.0,6.0
18.06,-44.043,0.415,0.0,6.0
18.08,-44.127,0.415,0.0,6.0
18.1,-44.213,0.415,0.0,6.0
18.12,-44.296,0.414,0.0,6.0
18.14,-44.382,0.414,0.0,6.0
18.16,-44.466,0.414,0.0,6.0
18.18,-44.551,0.414,0.0,6.0
18.2,-44.635,0.414,0.0,6.0
18.22,-44.721,0.415,0.0,6.0
18.24,-44.804,0.415,0.0,6.0
18.26,-44.89,0.415,0.0,6.0
18.28,-44.974,0.415,0.0,6.0
18.3,-45.059,0.417,0.0,6.0
18.32,-45.145,0.417,0.0,6.0
18.34,-45.228,0.419,0.0,6.0
18.36,-45.314,0.419,0.0,6.0
18.38,-45.4,0.419,0.0,6.0
18.4,-45.483,0.421,0.0,6.0
18.42,-45.569,0.421,0.0,6.0
18.44,-45.654,0.421,0.0,6.0
18.46,-45.74,0.422,0.0,6.0
18.48,-45.824,0.422,0.0,6.0
18.5,-45.909,0.422,0.0,6.0
18.52,-45.995,0.424,0.0,6.0
18.54,-46.08,0.424,0.0,6.0
18.56,-46.166,0.424,0.0,6.0
18.58,-46.251,0.426,0.0,6.0
18.6,-46.337,0.426,0.0,6.0
18.62,-46.422,0.426,0.0,6.0
18.64,-46.508,0.426,0.0,6.0
18.66,-46.593,0.428,0.0,6.0
18.68,-46.679,0.428,0.0,6.0
18.7,-46.764,0.428,0.0,6.0
18.72,-46.85,0.428,0.0,6.0
18.74,-46.935,0.429,0.0,6.0
18.76,-47.021,0.429,0.0,6.0
18.78,-47.106,0.429,0.0,6.0
18.8,-47.192,0.429,0.0,6.0
18.82,-47.279,0.431,0.0,6.0
18.84,-47.365,0.431,0.0,6.0
18.86,-47.45,0.431,0.0,6.0
18.88,-47.538,0.431,0.0,6.0
18.9,-47.623,0.431,0.0,6.0
18.92,-47.709,0.431,0.0,6.0
18.94,-47.796,0.431,0.0,6.0
18.96,-47.881,0.431,0.0,6.0
18.98,-47.969,0.431,0.0,6.0
19.0,-48.056,0.431,0.0,6.0
19.02,-48.141,0.431,0.0,0.0
19.04,-48.229,0.431,0.0,0.0
19.06,-48.314,0.431,0.0,0.0
19.08,-48.401,0.433,0.0,0.0
19.1,-48.489,0.433,0.0,0.0
19.12,-48.574,0.433,0.0,0.0
19.14,-48.662,0.433,0.0,0.0
19.16,-48.749,0.433,0.0,0.0
19.18,-48.836,0.433,0.0,0.0
19.2,-48.922,0.433,0.0,0.0
19.22,-49.009,0.433,0.0,0.0
19.24,-49.096,0.433,0.0,0.0
19.26,-49.182,0.433,0.0,0.0
19.28,-49.269,0.433,0.0,0.0
19.3,-49.356,0.433,0.0,0.0
19.32,-49.443,0.433,0.0,0.0
19.34,-49.529,0.433,0.0,0.0
19.36,-49.616,0.433,0.0,0.0
19.38,-49.704,0.433,0.0,0.0
19.4,-49.789,0.433,0.0,0.0
19.42,-49.876,0.433,0.0,0.0
19.44,-49.962,0.433,0.0,0.0
19.46,-50.049,0.433,0.0,0.0
19.48,-50.135,0.433,0.0,0.0
19.5,-50.222,0.433,0.0,0.0
19.52,-50.307,0.433,0.0,0.0
19.54,-50.393,0.433,0.0,0.0
19.56,-50.48,0.433,0.0,0.0
19.58,-50.566,0.433,0.0,0.0
19.6,-50.651,0.433,0.0,0.0
19.62,-50.737,0.433,0.0,0.0
19.64,-50.822,0.433,0.0,0.0
19.66,-50.908,0.433,0.0,0.0
19.68,-50.993,0.433,0.0,0.0
19.7,-51.079,0.433,0.0,0.0
19.72,-51.163,0.433,0.0,0.0
19.74,-51.248,0.433,0.0,0.0
19.76,-51.334,0.433,0.0,0.0
19.78,-51.417,0.433,0.0,0.0
19.8,-51.503,0.433,0.0,0.0
19.82,-51.588,0.433,0.0,0.0
19.84,-51.672,0.431,0.0,0.0
19.86,-51.756,0.431,0.0,0.0
19.88,-51.842,0.431,0.0,0.0
19.9,-51.925,0.431,0.0,0.0
19.92,-52.009,0.431,0.0,0.0
19.94,-52.093,0.429,0.0,0.0
19.96,-52.178,0.429,0.0,0.0
19.98,-52.262,0.429,0.0,0.0
20.0,-52.346,0.429,0.0,0.0
20.02,-52.43,0.428,0.0,0.0
20.04,-52.513,0.428,0.0,0.0
20.06,-52.597,0.428,0.0,0.0
20.08,-52.681,0.428,0.0,0.0
20.1,-52.765,0.426,0.0,0.0
20.12,-52.849,0.426,0.0,0.0
20.14,-52.932,0.426,0.0,0.0
20.16,-53.016,0.426,0.0,0.0
20.18,-53.098,0.426,0.0,0.0
20.2,-53.182,0.426,0.0,0.0
20.22,-53.266,0.424,0.0,0.0
20.24,-53.348,0.424,0.0,0.0
20.26,-53.432,0.424,0.0,0.0
20.28,-53.515,0.424,0.0,0.0
20.3,-53.597,0.424,0.0,0.0
20.32,-53.681,0.424,0.0,0.0
20.34,-53.763,0.422,0.0,0.0
20.36,-53.847,0.422,0.0,0.0
20.38,-53.929,0.422,0.0,0.0
20.4,-54.011,0.422,0.0,0.0
20.42,-54.095,0.422,0.0,0.0
20.44,-54.177,0.422,0.0,0.0
20.46,-54.259,0.422,0.0,0.0
20.48,-54.343,0.422,0.0,0.0
20.5,-54.425,0.422,0.0,0.0
20.52,-54.507,0.422,0.0,0.0
20.54,-54.589,0.422,0.0,0.0
20.56,-54.671,0.421,0.0,0.0
20.58,-54.753,0.421,0.0,0.0
20.6,-54.835,0.421,0.0,0.0
20.62,-54.917,0.421,0.0,0.0
20.64,-54.999,0.421,0.0,0.0
20.66,-55.081,0.421,0.0,0.0
20.68,-55.163,0.419,0.0,0.0
20.7,-55.245,0.419,0.0,0.0
20.72,-55.325,0.419,0.0,0.0
20.74,-55.407,0.419,0.0,0.0
20.76,-55.489,0.419,0.0,0.0
20.78,-55.571,0.419,0.0,0.0
20.8,-55.653,0.417,0.0,0.0
20.82,-55.734,0.417,0.0,0.0
20.84,-55.816,0.417,0.0,0.0
20.86,-55.898,0.417,0.0,0.0
20.88,-55.978,0.417,0.0,0.0
20.9,-56.06,0.415,0.0,0.0
20.92,-56.142,0.415,0.0,0.0
20.94,-56.222,0.415,0.0,0.0
20.96,-56.304,0.415,0.0,0.0
20.98,-56.385,0.415,0.0,0.0
21.0,-56.467,0.414,0.0,0.0
21.02,-56.547,0.414,0.0,0.0
21.04,-56.629,0.414,0.0,0.0
21.06,-56.709,0.414,0.0,0.0
21.08,-56.791,0.412,0.0,0.0
21.1,-56.872,0.412,0.0,0.0
21.12,-56.952,0.412,0.0,0.0
21.14,-57.032,0.412,0.0,0.0
21.16,-57.114,0.412,0.0,0.0
21.18,-57.194,0.412,0.0,0.0
21.2,-57.275,0.412,0.0,0.0
21.22,-57.355,0.41,0.0,0.0
21.24,-57.435,0.41,0.0,0.0
21.26,-57.516,0.41,0.0,0.0
21.28,-57.596,0.41,0.0,0.0
21.3,-57.676,0.41,0.0,0.0
21.32,-57.756,0.41,0.0,0.0
21.34,-57.835,0.41,0.0,0.0
21.36,-57.915,0.41,0.0,0.0
21.38,-57.996,0.41,0.0,0.0
21.4,-58.076,0.41,0.0,0.0
21.42,-58.154,0.41,0.0,0.0
21.44,-58.235,0.41,0.0,0.0
21.46,-58.313,0.408,0.0,0.0
21.48,-58.394,0.408,0.0,0.0
21.5,-58.472,0.408,0.0,0.0
21.52,-58.551,0.408,0.0,0.0
21.54,-58.631,0.408,0.0,0.0
21.56,-58.709,0.408,0.0,0.0
21.58,-58.788,0.408,0.0,0.0
21.6,-58.866,0.408,0.0,0.0
21.62,-58.947,0.408,0.0,0.0
21.64,-59.025,0.408,0.0,0.0
21.66,-59.104,0.407,0.0,0.0
21.68,-59.182,0.407,0.0,0.0
21.7,-59.261,0.407,0.0,0.0
21.72,-59.339,0.407,0.0,0.0
21.74,-59.418,0.407,0.0,0.0
21.76,-59.497,0.407,0.0,0.0
21.78,-59.575,0.407,0.0,0.0
21.8,-59.654,0.407,0.0,0.0
21.82,-59.732,0.407,0.0,0.0
21.84,-59.809,0.407,0.0,0.0
21.86,-59.888,0.407,0.0,0.0
21.88,-59.966,0.408,0.0,0.0
21.9,-60.043,0.408,0.0,0.0
21.92,-60.121,0.408,0.0,0.0
21.94,-60.2,0.408,0.0,0.0
21.96,-60.277,0.408,0.0,0.0
21.98,-60.355,0.408,0.0,0.0
22.0,-60.432,0.408,0.0,0.0
22.02,-60.511,0.407,0.0,0.0
22.04,-60.587,0.407,0.0,0.0
22.06,-60.664,0.407,0.0,0.0
22.08,-60.743,0.407,0.0,0.0
22.1,-60.82,0.407,0.0,0.0
22.12,-60.896,0.405,0.0,0.0
22.14,-60.973,0.405,0.0,0.0
22.16,-61.052,0.405,0.0,0.0
22.18,-61.128,0.403,0.0,0.0
22.2,-61.205,0.403,0.0,0.0
22.22,-61.282,0.403,0.0,0.0
22.24,-61.359,0.403,0.0,0.0
22.26,-61.436,0.401,0.0,0.0
22.28,-61.512,0.401,0.0,0.0
22.3,-61.591,0.4,0.0,0.0
22.32,-61.668,0.4,0.0,0.0
22.34,-61.745,0.398,0.0,0.0
22.36,-61.821,0.398,0.0,0.0
22.38,-61.898,0.396,0.0,0.0
22.4,-61.975,0.396,0.0,0.0
22.42,-62.052,0.396,0.0,0.0
22.44,-62.129,0.394,0.0,0.0
22.46,-62.205,0.394,0.0,0.0
22.48,-62.282,0.393,0.0,0.0
22.5,-62.357,0.393,0.0,0.0
22.52,-62.434,0.391,0.0,0.0
22.54,-62.511,0.391,0.0,0.0
22.56,-62.588,0.391,0.0,0.0
22.58,-62.664,0.389,0.0,0.0
22.6,-62.741,0.389,0.0,0.0
22.62,-62.818,0.389,0.0,0.0
22.64,-62.893,0.387,0.0,0.0
22.66,-62.97,0.387,0.0,0.0
22.68,-63.047,0.387,0.0,0.0
22.7,-63.123,0.386,0.0,0.0
22.72,-63.198,0.386,0.0,0.0
22.74,-63.275,0.386,0.0,0.0
22.76,-63.35,0.386,0.0,0.0
22.78,-63.427,0.386,0.0,0.0
22.8,-63.502,0.386,0.0,0.0
22.82,-63.579,0.384,0.0,0.0
22.84,-63.654,0.384,0.0,0.0
22.86,-63.729,0.384,0.0,0.0
22.88,-63.806,0.384,0.0,0.0
22.9,-63.881,0.384,0.0,0.0
22.92,-63.956,0.384,0.0,0.0
22.94,-64.033,0.384,0.0,0.0
22.96,-64.108,0.384,0.0,0.0
22.98,-64.183,0.384,0.0,0.0
23.0,-64.258,0.382,0.0,0.0
23.02,-64.333,0.382,0.0,0.0
23.04,-64.408,0.382,0.0,0.0
23.06,-64.483,0.382,0.0,0.0
23.08,-64.556,0.382,0.0,0.0
23.1,-64.631,0.382,0.0,0.0
23.12,-64.706,0.382,0.0,0.0
23.14,-64.78,0.382,0.0,0.0
23.16,-64.855,0.384,0.0,0.0
23.18,-64.93,0.384,0.0,0.0
23.2,-65.003,0.384,0.0,0.0
23.22,-65.078,0.384,0.0,0.0
23.24,-65.151,0.384,0.0,0.0
23.26,-65.226,0.384,0.0,0.0
23.28,-65.3,0.384,0.0,0.0
23.3,-65.375,0.384,0.0,0.0
23.32,-65.448,0.386,0.0,0.0
23.34,-65.523,0.386,0.0,0.0
23.36,-65.596,0.386,0.0,0.0
23.38,-65.67,0.386,0.0,0.0
23.4,-65.743,0.386,0.0,0.0
23.42,-65.816,0.386,0.0,0.0
23.44,-65.891,0.386,0.0,0.0
23.46,-65.965,0.386,0.0,0.0
23.48,-66.038,0.386,0.0,0.0
23.5,-66.111,0.387,0.0,0.0
23.52,-66.185,0.387,0.0,0.0
23.54,-66.258,0.387,0.0,0.0
23.56,-66.331,0.387,0.0,0.0
23.58,-66.405,0.387,0.0,0.0
23.6,-66.476,0.387,0.0,0.0
23.62,-66.549,0.386,0.0,0.0
23.64,-66.623,0.386,0.0,0.0
23.66,-66.696,0.386,0.0,0.0
23.68,-66.769,0.386,0.0,0.0
23.7,-66.841,0.384,0.0,0.0
23.72,-66.914,0.384,0.0,0.0
23.74,-66.988,0.384,0.0,0.0
23.76,-67.059,0.382,0.0,0.0
23.78,-67.132,0.382,0.0,0.0
23.8,-67.206,0.382,0.0,0.0
23.82,-67.277,0.38,0.0,0.0
23.84,-67.351,0.38,0.0,0.0
23.86,-67.422,0.379,0.0,0.0
23.88,-67.495,0.379,0.0,0.0
23.9,-67.567,0.377,0.0,0.0
23.92,-67.64,0.377,0.0,0.0
23.94,-67.712,0.377,0.0,0.0
23.96,-67.785,0.375,0.0,0.0
23.98,-67.857,0.375,0.0,0.0
24.0,-67.928,0.374,0.0,0.0
24.02,-68.002,0.374,0.0,0.0
24.04,-68.073,0.372,0.0,0.0
24.06,-68.146,0.372,0.0,0.0
24.08,-68.218,0.37,0.0,0.0
24.1,-68.29,0.37,0.0,0.0
24.12,-68.363,0.368,0.0,0.0
24.14,-68.434,0.368,0.0,0.0
24.16,-68.506,0.368,0.0,0.0
24.18,-68.579,0.367,0.0,0.0
24.2,-68.651,0.367,0.0,0.0
24.22,-68.722,0.365,0.0,0.0
24.24,-68.796,0.365,0.0,0.0
24.26,-68.867,0.365,0.0,0.0
24.28,-68.939,0.363,0.0,0.0
24.3,-69.01,0.363,0.0,0.0
24.32,-69.084,0.363,0.0,0.0
24.34,-69.155,0.361,0.0,0.0
24.36,-69.227,0.361,0.0,0.0
24.38,-69.298,0.361,0.0,0.0
24.4,-69.37,0.361,0.0,0.0
24.42,-69.441,0.361,0.0,0.0
24.44,-69.513,0.36,0.0,0.0
24.46,-69.585,0.36,0.0,0.0
24.48,-69.656,0.36,0.0,0.0
24.5,-69.728,0.36,0.0,0.0
24.52,-69.799,0.36,0.0,0.0
24.54,-69.871,0.36,0.0,0.0
24.56,-69.941,0.36,0.0,0.0
24.58,-70.012,0.36,0.0,0.0
24.6,-70.084,0.36,0.0,0.0
24.62,-70.154,0.36,0.0,0.0
24.64,-70.225,0.358,0.0,0.0
24.66,-70.297,0.358,0.0,0.0
24.68,-70.366,0.358,0.0,0.0
24.7,-70.438,0.358,0.0,0.0
24.72,-70.508,0.358,0.0,0.0
24.74,-70.578,0.358,0.0,0.0
24.76,-70.649,0.358,0.0,0.0
24.78,-70.719,0.36,0.0,0.0
24.8,-70.789,0.36,0.0,0.0
24.82,-70.859,0.36,0.0,0.0
24.84,-70.928,0.36,0.0,0.0
24.86,-70.998,0.36,0.0,0.0
24.88,-71.07,0.36,0.0,0.0
24.9,-71.14,0.36,0.0,0.0
24.92,-71.208,0.36,0.0,0.0
24.94,-71.278,0.36,0.0,0.0
24.96,-71.347,0.36,0.0,0.0
24.98,-71.417,0.36,0.0,0.0
25.0,-71.487,0.361,0.0,0.0
25.02,-71.557,0.361,0.0,0.0
25.04,-71.627,0.361,0.0,0.0
25.06,-71.696,0.361,0.0,0.0
25.08,-71.764,0.361,0.0,0.0
25.1,-71.834,0.361,0.0,0.0
25.12,-71.904,0.361,0.0,0.0
25.14,-71.974,0.363,0.0,0.0
25.16,-72.042,0.363,0.0,0.0
25.18,-72.112,0.363,0.0,0.0
25.2,-72.18,0.363,0.0,0.0
25.22,-72.25,0.363,0.0,0.0
25.24,-72.318,0.363,0.0,0.0
25.26,-72.388,0.363,0.0,0.0
25.28,-72.456,0.363,0.0,0.0
25.3,-72.524,0.361,0.0,0.0
25.32,-72.594,0.361,0.0,0.0
25.34,-72.662,0.361,0.0,0.0
25.36,-72.73,0.361,0.0,0.0
25.38,-72.799,0.361,0.0,0.0
25.4,-72.868,0.36,0.0,0.0
25.42,-72.936,0.36,0.0,0.0
25.44,-73.004,0.358,0.0,0.0
25.46,-73.073,0.358,0.0,0.0
25.48,-73.142,0.358,0.0,0.0
25.5,-73.21,0.358,0.0,0.0
25.52,-73.278,0.356,0.0,0.0
25.54,-73.346,0.356,0.0,0.0
25.56,-73.414,0.356,0.0,0.0
25.58,-73.482,0.354,0.0,0.0
25.6,-73.55,0.354,0.0,0.0
25.62,-73.618,0.353,0.0,0.0
25.64,-73.686,0.353,0.0,0.0
25.66,-73.754,0.351,0.0,0.0
25.68,-73.822,0.351,0.0,0.0
25.7,-73.89,0.351,0.0,0.0
25.72,-73.958,0.349,0.0,0.0
25.74,-74.025,0.349,0.0,0.0
25.76,-74.093,0.347,0.0,0.0
25.78,-74.161,0.347,0.0,0.0
25.8,-74.229,0.347,0.0,0.0
25.82,-74.297,0.346,0.0,0.0
25.84,-74.365,0.344,0.0,0.0
25.86,-74.431,0.344,0.0,0.0
25.88,-74.499,0.342,0.0,0.0
25.9,-74.567,0.342,0.0,0.0
25.92,-74.636,0.342,0.0,0.0
25.94,-74.704,0.34,0.0,0.0
25.96,-74.77,0.34,0.0,0.0
25.98,-74.838,0.339,0.0,0.0
26.0,-74.906,0.339,0.0,0.0
26.02,-74.974,0.337,0.0,0.0
26.04,-75.04,0.337,0.0,0.0
26.06,-75.109,0.337,0.0,0.0
26.08,-75.177,0.335,0.0,0.0
26.1,-75.243,0.335,0.0,0.0
26.12,-75.311,0.335,0.0,0.0
26.14,-75.379,0.333,0.0,0.0
26.16,-75.445,0.333,0.0,0.0
26.18,-75.513,0.333,0.0,0.0
26.2,-75.582,0.333,0.0,0.0
26.22,-75.648,0.333,0.0,0.0
26.24,-75.716,0.332,0.0,0.0
26.26,-75.782,0.332,0.0,0.0
26.28,-75.849,0.332,0.0,0.0
26.3,-75.917,0.332,0.0,0.0
26.32,-75.983,0.332,0.0,0.0
26.34,-76.049,0.332,0.0,0.0
26.36,-76.117,0.332,0.0,0.0
26.38,-76.184,0.332,0.0,0.0
26.4,-76.25,0.332,0.0,0.0
26.42,-76.316,0.332,0.0,0.0
26.44,-76.383,0.332,0.0,0.0
26.46,-76.449,0.332,0.0,0.0
26.48,-76.517,0.332,0.0,0.0
26.5,-76.583,0.332,0.0,0.0
26.52,-76.648,0.332,0.0,0.0
26.54,-76.714,0.332,0.0,0.0
26.56,-76.781,0.33,0.0,0.0
26.58,-76.847,0.33,0.0,0.0
26.6,-76.913,0.33,0.0,0.0
26.62,-76.98,0.33,0.0,0.0
26.64,-77.044,0.33,0.0,0.0
26.66,-77.11,0.33,0.0,0.0
26.68,-77.175,0.33,0.0,0.0
26.7,-77.241,0.33,0.0,0.0
26.72,-77.308,0.33,0.0,0.0
26.74,-77.372,0.33,0.0,0.0
26.76,-77.437,0.33,0.0,0.0
26.78,-77.503,0.332,0.0,0.0
26.8,-77.568,0.332,0.0,0.0
26.82,-77.634,0.332,0.0,0.0
26.84,-77.699,0.332,0.0,0.0
26.86,-77.763,0.332,0.0,0.0
26.88,-77.83,0.332,0.0,0.0
26.9,-77.894,0.332,0.0,0.0
26.92,-77.959,0.332,0.0,0.0
26.94,-78.023,0.332,0.0,0.0
26.96,-78.088,0.332,0.0,0.0
26.98,-78.152,0.332,0.0,0.0
27.0,-78.217,0.332,0.0,0.0
27.02,-78.282,0.333,0.0,0.0
27.04,-78.348,0.333,0.0,0.0
27.06,-78.411,0.333,0.0,0.0
27.08,-78.475,0.333,0.0,0.0
27.1,-78.54,0.333,0.0,0.0
27.12,-78.604,0.333,0.0,0.0
27.14,-78.669,0.332,0.0,0.0
27.16,-78.734,0.332,0.0,0.0
27.18,-78.798,0.332,0.0,0.0
27.2,-78.861,0.332,0.0,0.0
27.22,-78.926,0.332,0.0,0.0
27.24,-78.99,0.33,0.0,0.0
27.26,-79.055,0.33,0.0,0.0
27.28,-79.118,0.33,0.0,0.0
27.3,-79.182,0.328,0.0,0.0
27.32,-79.247,0.328,0.0,0.0
27.34,-79.31,0.328,0.0,0.0
27.36,-79.374,0.326,0.0,0.0
27.38,-79.437,0.326,0.0,0.0
27.4,-79.502,0.325,0.0,0.0
27.42,-79.564,0.325,0.0,0.0
27.44,-79.629,0.325,0.0,0.0
27.46,-79.692,0.325,0.0,0.0
27.48,-79.756,0.323,0.0,0.0
27.5,-79.819,0.321,0.0,0.0
27.52,-79.882,0.321,0.0,0.0
27.54,-79.947,0.319,0.0,0.0
27.56,-80.009,0.319,0.0,0.0
27.58,-80.072,0.319,0.0,0.0
27.6,-80.137,0.318,0.0,0.0
27.62,-80.2,0.318,0.0,0.0
27.64,-80.262,0.316,0.0,0.0
27.66,-80.327,0.314,0.0,0.0
27.68,-80.39,0.314,0.0,0.0
27.7,-80.453,0.312,0.0,0.0
27.72,-80.516,0.312,0.0,0.0
27.74,-80.58,0.311,0.0,0.0
27.76,-80.643,0.311,0.0,0.0
27.78,-80.706,0.311,0.0,0.0
27.8,-80.77,0.309,0.0,0.0
27.82,-80.833,0.307,0.0,0.0
27.84,-80.896,0.307,0.0,0.0
27.86,-80.959,0.305,0.0,0.0
27.88,-81.022,0.305,0.0,0.0
27.9,-81.086,0.305,0.0,0.0
27.92,-81.149,0.304,0.0,0.0
27.94,-81.212,0.302,0.0,0.0
27.96,-81.275,0.302,0.0,0.0
27.98,-81.338,0.302,0.0,0.0
28.0,-81.402,0.3,0.0,0.0
28.02,-81.465,0.3,0.0,0.0
28.04,-81.528,0.3,0.0,0.0
28.06,-81.591,0.298,0.0,0.0
28.08,-81.654,0.298,0.0,0.0
28.1,-81.716,0.298,0.0,0.0
28.12,-81.779,0.297,0.0,0.0
28.14,-81.842,0.297,0.0,0.0
28.16,-81.905,0.297,0.0,0.0
28.18,-81.968,0.297,0.0,0.0
28.2,-82.031,0.297,0.0,0.0
28.22,-82.093,0.297,0.0,0.0
28.24,-82.156,0.297,0.0,0.0
28.26,-82.219,0.295,0.0,0.0
28.28,-82.28,0.295,0.0,0.0
28.3,-82.343,0.295,0.0,0.0
28.32,-82.406,0.295,0.0,0.0
28.34,-82.469,0.295,0.0,0.0
28.36,-82.53,0.295,0.0,0.0
28.38,-82.593,0.295,0.0,0.0
28.4,-82.655,0.293,0.0,0.0
28.42,-82.716,0.293,0.0,0.0
28.44,-82.779,0.293,0.0,0.0
28.46,-82.84,0.293,0.0,0.0
28.48,-82.903,0.293,0.0,0.0
28.5,-82.964,0.293,0.0,0.0
28.52,-83.025,0.293,0.0,0.0
28.54,-83.088,0.295,0.0,0.0
28.56,-83.149,0.295,0.0,0.0
28.58,-83.21,0.295,0.0,0.0
28.6,-83.271,0.295,0.0,0.0
28.62,-83.334,0.295,0.0,0.0
28.64,-83.395,0.295,0.0,0.0
28.66,-83.456,0.295,0.0,0.0
28.68,-83.518,0.295,0.0,0.0
28.7,-83.579,0.295,0.0,0.0
28.72,-83.64,0.297,0.0,0.0
28.74,-83.701,0.297,0.0,0.0
28.76,-83.762,0.297,0.0,0.0
28.78,-83.823,0.297,0.0,0.0
28.8,-83.882,0.297,0.0,0.0
28.82,-83.943,0.297,0.0,0.0
28.84,-84.004,0.297,0.0,0.0
28.86,-84.066,0.297,0.0,0.0
28.88,-84.127,0.297,0.0,0.0
28.9,-84.188,0.297,0.0,0.0
28.92,-84.247,0.297,0.0,0.0
28.94,-84.308,0.297,0.0,0.0
28.96,-84.369,0.297,0.0,0.0
28.98,-84.429,0.297,0.0,0.0
29.0,-84.49,0.297,0.0,0.0
29.02,-84.549,0.297,0.0,0.0
29.04,-84.61,0.298,0.0,0.0
29.06,-84.669,0.298,0.0,0.0
29.08,-84.731,0.298,0.0,0.0
29.1,-84.79,0.298,0.0,0.0
29.12,-84.851,0.298,0.0,0.0
29.14,-84.91,0.297,0.0,0.0
29.16,-84.97,0.297,0.0,0.0
29.18,-85.031,0.297,0.0,0.0
29.2,-85.09,0.297,0.0,0.0
29.22,-85.149,0.297,0.0,0.0
29.24,-85.211,0.295,0.0,0.0
29.26,-85.27,0.295,0.0,0.0
29.28,-85.329,0.295,0.0,0.0
29.3,-85.389,0.293,0.0,0.0
29.32,-85.45,0.293,0.0,0.0
29.34,-85.509,0.293,0.0,0.0
29.36,-85.568,0.291,0.0,0.0
29.38,-85.628,0.291,0.0,0.0
29.4,-85.687,0.291,0.0,0.0
29.42,-85.746,0.29,0.0,0.0
29.44,-85.806,0.29,0.0,0.0
29.46,-85.865,0.288,0.0,0.0
29.48,-85.924,0.288,0.0,0.0
29.5,-85.984,0.286,0.0,0.0
29.52,-86.043,0.286,0.0,0.0
29.54,-86.102,0.284,0.0,0.0
29.56,-86.162,0.284,0.0,0.0
29.58,-86.221,0.283,0.0,0.0
29.6,-86.28,0.283,0.0,0.0
29.62,-86.34,0.283,0.0,0.0
29.64,-86.399,0.279,0.0,0.0
29.66,-86.458,0.279,0.0,0.0
29.68,-86.516,0.278,0.0,0.0
29.7,-86.575,0.278,0.0,0.0
29.72,-86.635,0.276,0.0,0.0
29.74,-86.694,0.276,0.0,0.0
29.76,-86.753,0.276,0.0,0.0
29.78,-86.813,0.274,0.0,0.0
29.8,-86.872,0.272,0.0,0.0
29.82,-86.93,0.271,0.0,0.0
29.84,-86.989,0.271,0.0,0.0
29.86,-87.048,0.271,0.0,0.0
29.88,-87.108,0.269,0.0,0.0
29.9,-87.167,0.267,0.0,0.0
29.92,-87.226,0.267,0.0,0.0
29.94,-87.284,0.265,0.0,0.0
29.96,-87.343,0.265,0.0,0.0
29.98,-87.403,0.264,0.0,0.0
30.0,-87.462,0.264,0.0,0.0
30.02,-87.521,0.262,0.0,0.0
30.04,-87.579,0.262,0.0,0.0
30.06,-87.638,0.262,0.0,0.0
30.08,-87.698,0.26,0.0,0.0
30.1,-87.757,0.26,0.0,0.0
30.12,-87.815,0.258,0.0,0.0
30.14,-87.874,0.258,0.0,0.0
30.16,-87.933,0.258,0.0,0.0
30.18,-87.993,0.258,0.0,0.0
30.2,-88.05,0.257,0.0,0.0
30.22,-88.109,0.257,0.0,0.0
30.24,-88.169,0.257,0.0,0.0
30.26,-88.226,0.257,0.0,0.0
30.28,-88.286,0.257,0.0,0.0
30.3,-88.343,0.257,0.0,0.0
30.32,-88.403,0.257,0.0,0.0
30.34,-88.46,0.257,0.0,0.0
30.36,-88.52,0.257,0.0,0.0
30.38,-88.577,0.257,0.0,0.0
30.4,-88.635,0.257,0.0,0.0
30.42,-88.694,0.257,0.0,0.0
30.44,-88.752,0.257,0.0,0.0
30.46,-88.809,0.257,0.0,0.0
30.48,-88.867,0.257,0.0,0.0
30.5,-88.926,0.257,0.0,0.0
30.52,-88.984,0.257,0.0,0.0
30.54,-89.042,0.257,0.0,0.0
30.56,-89.099,0.257,0.0,0.0
30.58,-89.157,0.255,0.0,0.0
30.6,-89.214,0.255,0.0,0.0
30.62,-89.272,0.255,0.0,0.0
30.64,-89.329,0.255,0.0,0.0
30.66,-89.387,0.255,0.0,0.0
30.68,-89.445,0.255,0.0,0.0
30.7,-89.502,0.257,0.0,0.0
30.72,-89.558,0.257,0.0,0.0
30.74,-89.616,0.257,0.0,0.0
30.76,-89.673,0.257,0.0,0.0
30.78,-89.729,0.257,0.0,0.0
30.8,-89.787,0.257,0.0,0.0
30.82,-89.844,0.257,0.0,0.0
30.84,-89.9,0.257,0.0,0.0
30.86,-89.958,0.257,0.0,0.0
30.88,-90.014,0.257,0.0,0.0
30.9,-90.071,0.257,0.0,0.0
30.92,-90.127,0.257,0.0,0.0
30.94,-90.185,0.258,0.0,0.0
30.96,-90.241,0.258,0.0,0.0
30.98,-90.298,0.258,0.0,0.0
31.0,-90.354,0.258,0.0,0.0
31.02,-90.41,0.258,0.0,0.0
31.04,-90.467,0.26,0.0,0.0
31.06,-90.523,0.26,0.0,0.0
31.08,-90.579,0.26,0.0,0.0
31.1,-90.637,0.26,0.0,0.0
31.12,-90.693,0.26,0.0,0.0
31.14,-90.748,0.26,0.0,0.0
31.16,-90.804,0.26,0.0,0.0
31.18,-90.86,0.26,0.0,0.0
31.2,-90.918,0.258,0.0,0.0
31.22,-90.974,0.258,0.0,0.0
31.24,-91.029,0.258,0.0,0.0
31.26,-91.085,0.257,0.0,0.0
31.28,-91.141,0.257,0.0,0.0
31.3,-91.197,0.257,0.0,0.0
31.32,-91.253,0.257,0.0,0.0
31.34,-91.309,0.257,0.0,0.0
31.36,-91.365,0.255,0.0,0.0
31.38,-91.42,0.255,0.0,0.0
31.4,-91.476,0.253,0.0,0.0
31.42,-91.53,0.253,0.0,0.0
31.44,-91.586,0.253,0.0,0.0
31.46,-91.642,0.253,0.0,0.0
31.48,-91.698,0.251,0.0,0.0
31.5,-91.754,0.251,0.0,0.0
31.52,-91.81,0.25,0.0,0.0
31.54,-91.864,0.25,0.0,0.0
31.56,-91.92,0.248,0.0,0.0
31.58,-91.975,0.248,0.0,0.0
31.6,-92.03,0.248,0.0,0.0
31.62,-92.085,0.246,0.0,0.0
31.64,-92.141,0.244,0.0,0.0
31.66,-92.195,0.244,0.0,0.0
31.68,-92.251,0.243,0.0,0.0
31.7,-92.307,0.243,0.0,0.0
31.72,-92.361,0.241,0.0,0.0
31.74,-92.417,0.241,0.0,0.0
31.76,-92.473,0.239,0.0,0.0
31.78,-92.527,0.239,0.0,0.0
31.8,-92.583,0.237,0.0,0.0
31.82,-92.637,0.237,0.0,0.0
31.84,-92.693,0.236,0.0,0.0
31.86,-92.747,0.234,0.0,0.0
31.88,-92.803,0.234,0.0,0.0
31.9,-92.857,0.234,0.0,0.0
31.92,-92.913,0.23,0.0,0.0
31.94,-92.967,0.23,0.0,0.0
31.96,-93.023,0.229,0.0,0.0
31.98,-93.077,0.229,0.0,0.0
32.0,-93.133,0.227,0.0,0.0
32.02,-93.187,0.227,0.0,0.0
32.04,-93.243,0.225,0.0,0.0
32.06,-93.297,0.223,0.0,0.0
32.08,-93.352,0.223,0.0,0.0
32.1,-93.407,0.223,0.0,0.0
32.12,-93.462,0.222,0.0,0.0
32.14,-93.517,0.222,0.0,0.0
32.16,-93.572,0.22,0.0,0.0
32.18,-93.626,0.218,0.0,0.0
32.2,-93.682,0.218,0.0,0.0
32.22,-93.736,0.216,0.0,0.0
32.24,-93.792,0.216,0.0,0.0
32.26,-93.846,0.216,0.0,0.0
32.28,-93.902,0.215,0.0,0.0
32.3,-93.956,0.215,0.0,0.0
32.32,-94.01,0.213,0.0,0.0
32.34,-94.066,0.213,0.0,0.0
32.36,-94.12,0.213,0.0,0.0
32.38,-94.176,0.213,0.0,0.0
32.4,-94.23,0.211,0.0,0.0
32.42,-94.284,0.211,0.0,0.0
32.44,-94.34,0.211,0.0,0.0
32.46,-94.394,0.209,0.0,0.0
32.48,-94.449,0.209,0.0,0.0
32.5,-94.503,0.209,0.0,0.0
32.52,-94.558,0.209,0.0,0.0
32.54,-94.613,0.209,0.0,0.0
32.56,-94.667,0.209,0.0,0.0
32.58,-94.721,0.209,0.0,0.0
32.6,-94.775,0.209,0.0,0.0
32.62,-94.829,0.209,0.0,0.0
32.64,-94.883,0.209,0.0,0.0
32.66,-94.937,0.209,0.0,0.0
32.68,-94.991,0.209,0.0,0.0
32.7,-95.045,0.209,0.0,0.0
32.72,-95.1,0.209,0.0,0.0
32.74,-95.154,0.209,0.0,0.0
32.76,-95.208,0.209,0.0,0.0
32.78,-95.262,0.209,0.0,0.0
32.8,-95.316,0.208,0.0,0.0
32.82,-95.368,0.208,0.0,0.0
32.84,-95.422,0.208,0.0,0.0
32.86,-95.477,0.208,0.0,0.0
32.88,-95.529,0.208,0.0,0.0
32.9,-95.583,0.208,0.0,0.0
32.92,-95.637,0.209,0.0,0.0
32.94,-95.689,0.209,0.0,0.0
32.96,-95.744,0.209,0.0,0.0
32.98,-95.796,0.209,0.0,0.0
33.0,-95.85,0.209,0.0,0.0
33.02,-95.902,0.209,0.0,0.0
33.04,-95.955,0.209,0.0,0.0
33.06,-96.009,0.209,0.0,0.0
33.08,-96.061,0.209,0.0,0.0
33.1,-96.114,0.211,0.0,0.0
33.12,-96.166,0.211,0.0,0.0
33.14,-96.22,0.211,0.0,0.0
33.16,-96.272,0.211,0.0,0.0
33.18,-96.325,0.211,0.0,0.0
33.2,-96.377,0.211,0.0,0.0
33.22,-96.429,0.211,0.0,0.0
33.24,-96.482,0.211,0.0,0.0
33.26,-96.534,0.211,0.0,0.0
33.28,-96.587,0.211,0.0,0.0
33.3,-96.641,0.211,0.0,0.0
33.32,-96.693,0.213,0.0,0.0
33.34,-96.745,0.213,0.0,0.0
33.36,-96.798,0.213,0.0,0.0
33.38,-96.85,0.213,0.0,0.0
33.4,-96.901,0.213,0.0,0.0
33.42,-96.953,0.213,0.0,0.0
33.44,-97.005,0.211,0.0,0.0
33.46,-97.058,0.211,0.0,0.0
33.48,-97.11,0.211,0.0,0.0
33.5,-97.163,0.211,0.0,0.0
33.52,-97.215,0.211,0.0,0.0
33.54,-97.265,0.209,0.0,0.0
33.56,-97.318,0.209,0.0,0.0
33.58,-97.37,0.209,0.0,0.0
33.6,-97.423,0.209,0.0,0.0
33.62,-97.473,0.208,0.0,0.0
33.64,-97.526,0.208,0.0,0.0
33.66,-97.578,0.208,0.0,0.0
33.68,-97.629,0.206,0.0,0.0
33.7,-97.681,0.206,0.0,0.0
33.72,-97.731,0.206,0.0,0.0
33.74,-97.784,0.204,0.0,0.0
33.76,-97.836,0.204,0.0,0.0
33.78,-97.887,0.202,0.0,0.0
33.8,-97.939,0.202,0.0,0.0
33.82,-97.99,0.202,0.0,0.0
33.84,-98.042,0.201,0.0,0.0
33.86,-98.093,0.201,0.0,0.0
33.88,-98.145,0.199,0.0,0.0
33.9,-98.196,0.199,0.0,0.0
33.92,-98.246,0.197,0.0,0.0
33.94,-98.299,0.197,0.0,0.0
33.96,-98.349,0.195,0.0,0.0
33.98,-98.402,0.195,0.0,0.0
34.0,-98.452,0.194,0.0,0.0
34.02,-98.503,0.194,0.0,0.0
34.04,-98.555,0.194,0.0,0.0
34.06,-98.606,0.192,0.0,0.0
34.08,-98.657,0.19,0.0,0.0
34.1,-98.709,0.19,0.0,0.0
34.12,-98.759,0.188,0.0,0.0
34.14,-98.81,0.187,0.0,0.0
34.16,-98.862,0.187,0.0,0.0
34.18,-98.913,0.185,0.0,0.0
34.2,-98.964,0.185,0.0,0.0
34.22,-99.016,0.183,0.0,0.0
34.24,-99.067,0.182,0.0,0.0
34.26,-99.117,0.182,0.0,0.0
34.28,-99.168,0.18,0.0,0.0
34.3,-99.22,0.18,0.0,0.0
34.32,-99.271,0.18,0.0,0.0
34.34,-99.321,0.176,0.0,0.0
34.36,-99.372,0.176,0.0,0.0
34.38,-99.424,0.175,0.0,0.0
34.4,-99.475,0.175,0.0,0.0
34.42,-99.526,0.173,0.0,0.0
34.44,-99.578,0.171,0.0,0.0
34.46,-99.629,0.171,0.0,0.0
34.48,-99.679,0.169,0.0,0.0
34.5,-99.73,0.169,0.0,0.0
34.52,-99.782,0.168,0.0,0.0
34.54,-99.833,0.168,0.0,0.0
34.56,-99.883,0.168,0.0,0.0
34.58,-99.934,0.166,0.0,0.0
34.6,-99.986,0.166,0.0,0.0
34.62,-100.037,0.164,0.0,0.0
34.64,-100.088,0.164,0.0,0.0
34.66,-100.138,0.164,0.0,0.0
34.68,-100.191,0.162,0.0,0.0
34.7,-100.241,0.161,0.0,0.0
34.72,-100.292,0.161,0.0,0.0
34.74,-100.343,0.161,0.0,0.0
34.76,-100.393,0.161,0.0,0.0
34.78,-100.444,0.159,0.0,0.0
34.8,-100.496,0.159,0.0,0.0
34.82,-100.547,0.159,0.0,0.0
34.84,-100.597,0.159,0.0,0.0
34.86,-100.648,0.159,0.0,0.0
34.88,-100.699,0.157,0.0,0.0
34.9,-100.749,0.157,0.0,0.0
34.92,-100.8,0.157,0.0,0.0
34.94,-100.85,0.157,0.0,0.0
34.96,-100.901,0.157,0.0,0.0
34.98,-100.952,0.157,0.0,0.0
35.0,-101.002,0.157,0.0,0.0
35.02,-101.051,0.157,0.0,0.0
35.04,-101.102,0.157,0.0,0.0
35.06,-101.152,0.157,0.0,0.0
35.08,-101.203,0.157,0.0,0.0
35.1,-101.254,0.157,0.0,0.0
35.12,-101.302,0.157,0.0,0.0
35.14,-101.353,0.157,0.0,0.0
35.16,-101.404,0.157,0.0,0.0
35.18,-101.453,0.157,0.0,0.0
35.2,-101.503,0.155,0.0,0.0
35.22,-101.552,0.155,0.0,0.0
35.24,-101.603,0.155,0.0,0.0
35.26,-101.652,0.155,0.0,0.0
35.28,-101.702,0.155,0.0,0.0
35.3,-101.751,0.155,0.0,0.0
35.32,-101.802,0.155,0.0,0.0
35.34,-101.85,0.157,0.0,0.0
35.36,-101.899,0.157,0.0,0.0
35.38,-101.95,0.157,0.0,0.0
35.4,-101.999,0.157,0.0,0.0
35.42,-102.048,0.157,0.0,0.0
35.44,-102.097,0.157,0.0,0.0
35.46,-102.145,0.157,0.0,0.0
35.48,-102.194,0.157,0.0,0.0
35.5,-102.243,0.157,0.0,0.0
35.52,-102.294,0.157,0.0,0.0
35.54,-102.343,0.157,0.0,0.0
35.56,-102.392,0.157,0.0,0.0
35.58,-102.44,0.157,0.0,0.0
35.6,-102.489,0.157,0.0,0.0
35.62,-102.538,0.157,0.0,0.0
35.64,-102.585,0.157,0.0,0.0
35.66,-102.634,0.157,0.0,0.0
35.68,-102.683,0.157,0.0,0.0
35.7,-102.732,0.157,0.0,0.0
35.72,-102.781,0.157,0.0,0.0
35.74,-102.83,0.157,0.0,0.0
35.76,-102.878,0.157,0.0,0.0
35.78,-102.926,0.157,0.0,0.0
35.8,-102.974,0.159,0.0,0.0
35.82,-103.023,0.159,0.0,0.0
35.84,-103.072,0.159,0.0,0.0
35.86,-103.121,0.159,0.0,0.0
35.88,-103.168,0.159,0.0,0.0
35.9,-103.217,0.159,0.0,0.0
35.92,-103.264,0.157,0.0,0.0
35.94,-103.313,0.157,0.0,0.0
35.96,-103.362,0.157,0.0,0.0
35.98,-103.409,0.157,0.0,0.0
36.0,-103.458,0.155,0.0,0.0
36.02,-103.505,0.155,0.0,0.0
36.04,-103.554,0.155,0.0,0.0
36.06,-103.603,0.155,0.0,0.0
36.08,-103.65,0.154,0.0,0.0
36.1,-103.697,0.154,0.0,0.0
36.12,-103.746,0.154,0.0,0.0
36.14,-103.793,0.152,0.0,0.0
36.16,-103.842,0.152,0.0,0.0
36.18,-103.889,0.152,0.0,0.0
36.2,-103.938,0.15,0.0,0.0
36.22,-103.985,0.15,0.0,0.0
36.24,-104.032,0.15,0.0,0.0
36.26,-104.081,0.148,0.0,0.0
36.28,-104.128,0.147,0.0,0.0
36.3,-104.175,0.147,0.0,0.0
36.32,-104.222,0.147,0.0,0.0
36.34,-104.271,0.145,0.0,0.0
36.36,-104.318,0.143,0.0,0.0
36.38,-104.366,0.143,0.0,0.0
36.4,-104.413,0.143,0.0,0.0
36.42,-104.461,0.141,0.0,0.0
36.44,-104.509,0.14,0.0,0.0
36.46,-104.556,0.14,0.0,0.0
36.48,-104.603,0.138,0.0,0.0
36.5,-104.65,0.138,0.0,0.0
36.52,-104.699,0.136,0.0,0.0
36.54,-104.746,0.136,0.0,0.0
36.56,-104.793,0.134,0.0,0.0
36.58,-104.84,0.133,0.0,0.0
36.6,-104.887,0.131,0.0,0.0
36.62,-104.934,0.131,0.0,0.0
36.64,-104.982,0.129,0.0,0.0
36.66,-105.029,0.129,0.0,0.0
36.68,-105.078,0.127,0.0,0.0
36.7,-105.125,0.126,0.0,0.0
36.72,-105.172,0.126,0.0,0.0
36.74,-105.219,0.124,0.0,0.0
36.76,-105.266,0.124,0.0,0.0
36.78,-105.313,0.122,0.0,0.0
36.8,-105.36,0.12,0.0,0.0
36.82,-105.407,0.119,0.0,0.0
36.84,-105.455,0.119,0.0,0.0
36.86,-105.503,0.117,0.0,0.0
36.88,-105.551,0.117,0.0,0.0
36.9,-105.598,0.115,0.0,0.0
36.92,-105.645,0.115,0.0,0.0
36.94,-105.692,0.113,0.0,0.0
36.96,-105.739,0.112,0.0,0.0
36.98,-105.786,0.11,0.0,0.0
37.0,-105.833,0.11,0.0,0.0
37.02,-105.88,0.108,0.0,0.0
37.04,-105.929,0.108,0.0,0.0
37.06,-105.976,0.106,0.0,0.0
37.08,-106.024,0.105,0.0,0.0
37.1,-106.071,0.105,0.0,0.0
37.12,-106.118,0.103,0.0,0.0
37.14,-106.165,0.103,0.0,0.0
37.16,-106.212,0.103,0.0,0.0
37.18,-106.259,0.101,0.0,0.0
37.2,-106.308,0.101,0.0,0.0
37.22,-106.355,0.099,0.0,0.0
37.24,-106.402,0.099,0.0,0.0
37.26,-106.449,0.099,0.0,0.0
37.28,-106.497,0.098,0.0,0.0
37.3,-106.544,0.098,0.0,0.0
37.32,-106.591,0.098,0.0,0.0
37.34,-106.638,0.098,0.0,0.0
37.36,-106.685,0.096,0.0,0.0
37.38,-106.732,0.096,0.0,0.0
37.4,-106.779,0.096,0.0,0.0
37.42,-106.826,0.096,0.0,0.0
37.44,-106.874,0.096,0.0,0.0
37.46,-106.921,0.096,0.0,0.0
37.48,-106.968,0.094,0.0,0.0
37.5,-107.015,0.094,0.0,0.0
37.52,-107.06,0.094,0.0,0.0
37.54,-107.107,0.094,0.0,0.0
37.56,-107.155,0.094,0.0,0.0
37.58,-107.202,0.094,0.0,0.0
37.6,-107.247,0.094,0.0,0.0
37.62,-107.294,0.094,0.0,0.0
37.64,-107.341,0.094,0.0,0.0
37.66,-107.387,0.093,0.0,0.0
37.68,-107.434,0.093,0.0,0.0
37.7,-107.479,0.093,0.0,0.0
37.72,-107.526,0.093,0.0,0.0
37.74,-107.572,0.093,0.0,0.0
37.76,-107.619,0.093,0.0,0.0
37.78,-107.664,0.093,0.0,0.0
37.8,-107.711,0.093,0.0,0.0
37.82,-107.757,0.094,0.0,0.0
37.84,-107.802,0.094,0.0,0.0
37.86,-107.849,0.094,0.0,0.0
37.88,-107.895,0.094,0.0,0.0
37.9,-107.94,0.094,0.0,0.0
37.92,-107.985,0.094,0.0,0.0
37.94,-108.031,0.094,0.0,0.0
37.96,-108.078,0.094,0.0,0.0
37.98,-108.123,0.094,0.0,0.0
38.0,-108.169,0.094,0.0,0.0
38.02,-108.214,0.094,0.0,0.0
38.04,-108.259,0.094,0.0,0.0
38.06,-108.305,0.094,0.0,0.0
38.08,-108.35,0.094,0.0,0.0
38.1,-108.395,0.094,0.0,0.0
38.12,-108.439,0.094,0.0,0.0
38.14,-108.484,0.094,0.0,0.0
38.16,-108.53,0.094,0.0,0.0
38.18,-108.575,0.094,0.0,0.0
38.2,-108.621,0.094,0.0,0.0
38.22,-108.664,0.094,0.0,0.0
38.24,-108.71,0.094,0.0,0.0
38.26,-108.755,0.094,0.0,0.0
38.28,-108.8,0.094,0.0,0.0
38.3,-108.844,0.094,0.0,0.0
38.32,-108.889,0.094,0.0,0.0
38.34,-108.935,0.096,0.0,0.0
38.36,-108.978,0.096,0.0,0.0
38.38,-109.024,0.096,0.0,0.0
38.4,-109.069,0.096,0.0,0.0
38.42,-109.113,0.096,0.0,0.0
38.44,-109.158,0.096,0.0,0.0
38.46,-109.202,0.094,0.0,0.0
38.48,-109.247,0.094,0.0,0.0
38.5,-109.293,0.094,0.0,0.0
38.52,-109.336,0.094,0.0,0.0
38.54,-109.382,0.094,0.0,0.0
38.56,-109.425,0.093,0.0,0.0
38.58,-109.471,0.093,0.0,0.0
38.6,-109.514,0.093,0.0,0.0
38.62,-109.558,0.091,0.0,0.0
38.64,-109.603,0.091,0.0,0.0
38.66,-109.647,0.089,0.0,0.0
38.68,-109.691,0.089,0.0,0.0
38.7,-109.736,0.089,0.0,0.0
38.72,-109.78,0.089,0.0,0.0
38.74,-109.823,0.089,0.0,0.0
38.76,-109.869,0.087,0.0,0.0
38.78,-109.912,0.087,0.0,0.0
38.8,-109.956,0.086,0.0,0.0
38.82,-109.999,0.086,0.0,0.0
38.84,-110.045,0.086,0.0,0.0
38.86,-110.088,0.084,0.0,0.0
38.88,-110.132,0.084,0.0,0.0
38.9,-110.176,0.082,0.0,0.0
38.92,-110.219,0.082,0.0,0.0
38.94,-110.263,0.082,0.0,0.0
38.96,-110.308,0.08,0.0,0.0
38.98,-110.352,0.08,0.0,0.0
39.0,-110.396,0.079,0.0,0.0
39.02,-110.439,0.079,0.0,0.0
39.04,-110.483,0.079,0.0,0.0
39.06,-110.527,0.077,0.0,0.0
39.08,-110.57,0.075,0.0,0.0
39.1,-110.614,0.075,0.0,0.0
39.12,-110.657,0.075,0.0,0.0
39.14,-110.701,0.073,0.0,0.0
39.16,-110.745,0.072,0.0,0.0
39.18,-110.788,0.072,0.0,0.0
39.2,-110.832,0.07,0.0,0.0
39.22,-110.876,0.07,0.0,0.0
39.24,-110.919,0.068,0.0,0.0
39.26,-110.963,0.068,0.0,0.0
39.28,-111.006,0.066,0.0,0.0
39.3,-111.05,0.066,0.0,0.0
39.32,-111.092,0.065,0.0,0.0
39.34,-111.136,0.063,0.0,0.0
39.36,-111.179,0.063,0.0,0.0
39.38,-111.223,0.061,0.0,0.0
39.4,-111.267,0.061,0.0,0.0
39.42,-111.31,0.059,0.0,0.0
39.44,-111.354,0.058,0.0,0.0
39.46,-111.397,0.058,0.0,0.0
39.48,-111.439,0.056,0.0,0.0
39.5,-111.483,0.054,0.0,0.0
39.52,-111.527,0.054,0.0,0.0
39.54,-111.57,0.052,0.0,0.0
39.56,-111.614,0.052,0.0,0.0
39.58,-111.657,0.051,0.0,0.0
39.6,-111.701,0.049,0.0,0.0
39.62,-111.743,0.049,0.0,0.0
39.64,-111.787,0.047,0.0,0.0
39.66,-111.83,0.045,0.0,0.0
39.68,-111.874,0.045,0.0,0.0
39.7,-111.918,0.044,0.0,0.0
39.72,-111.961,0.042,0.0,0.0
39.74,-112.003,0.042,0.0,0.0
39.76,-112.047,0.042,0.0,0.0
39.78,-112.09,0.04,0.0,0.0
39.8,-112.134,0.038,0.0,0.0
39.82,-112.178,0.038,0.0,0.0
39.84,-112.221,0.038,0.0,0.0
39.86,-112.265,0.037,0.0,0.0
39.88,-112.307,0.035,0.0,0.0
39.9,-112.35,0.035,0.0,0.0
39.92,-112.394,0.033,0.0,0.0
39.94,-112.438,0.033,0.0,0.0
39.96,-112.481,0.033,0.0,0.0
39.98,-112.525,0.031,0.0,0.0
40.0,-112.567,0.031,0.0,0.0
40.02,-112.61,0.03,0.0,0.0
40.04,-112.654,0.03,0.0,0.0
40.06,-112.698,0.03,0.0,0.0
40.08,-112.741,0.03,0.0,0.0
40.1,-112.783,0.028,0.0,0.0
40.12,-112.827,0.028,0.0,0.0
40.14,-112.87,0.028,0.0,0.0
40.16,-112.914,0.028,0.0,0.0
40.18,-112.956,0.028,0.0,0.0
40.2,-113.0,0.026,0.0,0.0
40.22,-113.043,0.026,0.0,0.0
40.24,-113.085,0.026,0.0,0.0
40.26,-113.129,0.026,0.0,0.0
40.28,-113.172,0.026,0.0,0.0
40.3,-113.214,0.026,0.0,0.0
40.32,-113.258,0.026,0.0,0.0
40.34,-113.3,0.026,0.0,0.0
40.36,-113.343,0.026,0.0,0.0
40.38,-113.385,0.026,0.0,0.0
40.4,-113.429,0.026,0.0,0.0
40.42,-113.471,0.026,0.0,0.0
40.44,-113.513,0.026,0.0,0.0
40.46,-113.556,0.026,0.0,0.0
40.48,-113.598,0.026,0.0,0.0
40.5,-113.64,0.026,0.0,0.0
40.52,-113.682,0.026,0.0,0.0
40.54,-113.724,0.026,0.0,0.0
40.56,-113.768,0.024,0.0,0.0
40.58,-113.809,0.024,0.0,0.0
40.6,-113.851,0.024,0.0,0.0
40.62,-113.893,0.024,0.0,0.0
40.64,-113.935,0.024,0.0,0.0
40.66,-113.977,0.024,0.0,0.0
40.68,-114.019,0.024,0.0,0.0
40.7,-114.061,0.024,0.0,0.0
40.72,-114.103,0.024,0.0,0.0
40.74,-114.145,0.024,0.0,0.0
40.76,-114.186,0.024,0.0,0.0
40.78,-114.227,0.024,0.0,0.0
40.8,-114.269,0.024,0.0,0.0
40.82,-114.31,0.024,0.0,0.0
40.84,-114.352,0.024,0.0,0.0
40.86,-114.394,0.024,0.0,0.0
40.88,-114.434,0.024,0.0,0.0
40.9,-114.476,0.024,0.0,0.0
40.92,-114.518,0.024,0.0,0.0
40.94,-114.558,0.024,0.0,0.0
40.96,-114.6,0.024,0.0,0.0
40.98,-114.642,0.024,0.0,0.0
41.0,-114.682,0.026,0.0,0.0
41.02,-114.724,0.026,0.0,0.0
41.04,-114.764,0.026,0.0,0.0
41.06,-114.806,0.026,0.0,0.0
41.08,-114.846,0.026,0.0,0.0
41.1,-114.888,0.026,0.0,0.0
41.12,-114.928,0.024,0.0,0.0
41.14,-114.97,0.024,0.0,0.0
41.16,-115.01,0.024,0.0,0.0
41.18,-115.052,0.024,0.0,0.0
41.2,-115.092,0.024,0.0,0.0
41.22,-115.132,0.024,0.0,0.0
41.24,-115.174,0.024,0.0,0.0
41.26,-115.214,0.024,0.0,0.0
41.28,-115.256,0.023,0.0,0.0
41.3,-115.297,0.023,0.0,0.0
41.32,-115.337,0.023,0.0,0.0
41.34,-115.379,0.023,0.0,0.0
41.36,-115.419,0.023,0.0,0.0
41.38,-115.459,0.023,0.0,0.0
41.4,-115.499,0.023,0.0,0.0
41.42,-115.541,0.023,0.0,0.0
41.44,-115.581,0.021,0.0,0.0
41.46,-115.621,0.021,0.0,0.0
41.48,-115.661,0.021,0.0,0.0
41.5,-115.701,0.021,0.0,0.0
41.52,-115.742,0.021,0.0,0.0
41.54,-115.782,0.021,0.0,0.0
41.56,-115.822,0.021,0.0,0.0
41.58,-115.862,0.019,0.0,0.0
41.6,-115.902,0.019,0.0,0.0
41.62,-115.942,0.019,0.0,0.0
41.64,-115.982,0.019,0.0,0.0
41.66,-116.023,0.019,0.0,0.0
41.68,-116.063,0.019,0.0,0.0
41.7,-116.103,0.019,0.0,0.0
41.72,-116.143,0.019,0.0,0.0
41.74,-116.183,0.019,0.0,0.0
41.76,-116.223,0.019,0.0,0.0
41.78,-116.262,0.019,0.0,0.0
41.8,-116.302,0.017,0.0,0.0
41.82,-116.342,0.017,0.0,0.0
41.84,-116.38,0.017,0.0,0.0
41.86,-116.42,0.017,0.0,0.0
41.88,-116.461,0.017,0.0,0.0
41.9,-116.499,0.016,0.0,0.0
41.92,-116.539,0.016,0.0,0.0
41.94,-116.579,0.016,0.0,0.0
41.96,-116.618,0.014,0.0,0.0
41.98,-116.658,0.014,0.0,0.0
42.0,-116.696,0.014,0.0,0.0
42.02,-116.736,0.012,0.0,0.0
42.04,-116.775,0.012,0.0,0.0
42.06,-116.815,0.012,0.0,0.0
42.08,-116.853,0.01,0.0,0.0
42.1,-116.892,0.01,0.0,0.0
42.12,-116.932,0.01,0.0,0.0
42.14,-116.97,0.009,0.0,0.0
42.16,-117.01,0.009,0.0,0.0
42.18,-117.049,0.007,0.0,0.0
42.2,-117.087,0.007,0.0,0.0
42.22,-117.126,0.007,0.0,0.0
42.24,-117.166,0.005,0.0,0.0
42.26,-117.204,0.005,0.0,0.0
42.28,-117.243,0.003,0.0,0.0
42.3,-117.281,0.003,0.0,0.0
42.32,-117.321,0.003,0.0,0.0
42.34,-117.359,0.003,0.0,0.0
42.36,-117.398,0.003,0.0,0.0
42.38,-117.436,0.003,0.0,0.0
42.4,-117.475,0.003,0.0,0.0
42.42,-117.513,0.003,0.0,0.0
42.44,-117.551,0.002,0.0,0.0
42.46,-117.59,0.002,0.0,0.0
42.48,-117.627,0.002,0.0,0.0
42.5,-117.665,0.002,0.0,0.0
42.52,-117.703,0.002,0.0,0.0
42.54,-117.742,0.002,0.0,0.0
42.56,-117.778,0.002,0.0,0.0
42.58,-117.817,0.002,0.0,0.0
42.6,-117.853,0.002,0.0,0.0
42.62,-117.892,0.002,0.0,0.0
42.64,-117.93,0.0,0.0,0.0
42.66,-117.967,0.0,0.0,0.0
42.68,-118.004,0.0,0.0,0.0
42.7,-118.042,0.0,0.0,0.0
42.72,-118.079,0.0,0.0,0.0
42.74,-118.117,0.0,0.0,0.0
42.76,-118.154,0.0,0.0,0.0
42.78,-118.19,0.0,0.0,0.0
42.8,-118.229,0.0,0.0,0.0
42.82,-118.265,0.0,0.0,0.0
42.84,-118.302,0.0,0.0,0.0
42.86,-118.34,0.0,0.0,0.0
42.88,-118.377,0.0,0.0,0.0
42.9,-118.414,0.0,0.0,0.0
42.92,-118.45,0.0,0.0,0.0
42.94,-118.487,0.0,0.0,0.0
42.96,-118.524,0.0,0.0,0.0
42.98,-118.56,0.0,0.0,0.0
43.0,-118.597,0.0,0.0,0.0
43.02,-118.634,0.0,0.0,0.0
43.04,-118.67,0.0,0.0,0.0
43.06,-118.707,0.0,0.0,0.0
43.08,-118.744,0.0,0.0,0.0
43.1,-118.78,0.0,0.0,0.0
43.12,-118.817,0.0,0.0,0.0
43.14,-118.853,0.0,0.0,0.0
43.16,-118.89,0.0,0.0,0.0
43.18,-118.925,0.0,0.0,0.0
43.2,-118.962,0.0,0.0,0.0
43.22,-118.998,0.0,0.0,0.0
43.24,-119.035,0.0,0.0,0.0
43.26,-119.07,0.0,0.0,0.0
43.28,-119.107,0.0,0.0,0.0
43.3,-119.143,0.0,0.0,0.0
43.32,-119.178,0.0,0.0,0.0
43.34,-119.215,0.0,0.0,0.0
43.36,-119.25,0.0,0.0,0.0
43.38,-119.286,0.0,0.0,0.0
43.4,-119.321,0.0,0.0,0.0
43.42,-119.358,0.0,0.0,0.0
43.44,-119.393,0.0,0.0,0.0
43.46,-119.429,0.0,0.0,0.0
43.48,-119.464,0.0,0.0,0.0
43.5,-119.501,0.0,0.0,0.0
43.52,-119.536,0.0,0.0,0.0
43.54,-119.571,0.0,0.0,0.0
43.56,-119.607,0.0,0.0,0.0
43.58,-119.642,0.0,0.0,0.0
43.6,-119.677,0.0,0.0,0.0
43.62,-119.712,0.0,0.0,0.0
43.64,-119.749,0.0,0.0,0.0
43.66,-119.784,0.0,0.0,0.0
43.68,-119.819,0.0,0.0,0.0
43.7,-119.854,0.0,0.0,0.0
43.72,-119.888,0.0,0.0,0.0
43.74,-119.923,0.0,0.0,0.0
43.76,-119.958,0.0,0.0,0.0
43.78,-119.993,0.0,0.0,0.0
43.8,-120.028,0.0,0.0,0.0
43.82,-120.063,0.0,0.0,0.0
43.84,-120.098,0.0,0.0,0.0
43.86,-120.133,0.0,0.0,0.0
43.88,-120.168,0.0,0.0,0.0
43.9,-120.203,0.0,0.0,0.0
43.92,-120.238,0.0,0.0,0.0
43.94,-120.272,0.0,0.0,0.0
43.96,-120.306,0.0,0.0,0.0
43.98,-120.341,0.0,0.0,0.0
44.0,-120.375,0.0,0.0,0.0
44.02,-120.41,0.0,0.0,0.0
44.04,-120.443,0.0,0.0,0.0
44.06,-120.478,0.0,0.0,0.0
44.08,-120.513,0.0,0.0,0.0
44.1,-120.546,0.0,0.0,0.0
44.12,-120.581,0.0,0.0,0.0
44.14,-120.615,0.0,0.0,0.0
44.16,-120.649,0.0,0.0,0.0
44.18,-120.683,0.0,0.0,0.0
44.2,-120.717,0.0,0.0,0.0
44.22,-120.751,0.0,0.0,0.0
44.24,-120.786,0.0,0.0,0.0
44.26,-120.819,0.0,0.0,0.0
44.28,-120.854,0.0,0.0,0.0
44.3,-120.887,0.0,0.0,0.0
44.32,-120.92,0.0,0.0,0.0
44.34,-120.955,0.0,0.0,0.0
44.36,-120.988,0.0,0.0,0.0
44.38,-121.021,0.0,0.0,0.0
44.4,-121.054,0.0,0.0,0.0
44.42,-121.088,0.0,0.0,0.0
44.44,-121.122,0.0,0.0,0.0
44.46,-121.156,0.0,0.0,0.0
44.48,-121.189,0.0,0.0,0.0
44.5,-121.222,0.0,0.0,0.0
44.52,-121.255,0.0,0.0,0.0
44.54,-121.288,0.0,0.0,0.0
44.56,-121.321,0.0,0.0,0.0
44.58,-121.355,0.0,0.0,0.0
44.6,-121.388,0.0,0.0,0.0
44.62,-121.421,0.0,0.0,0.0
44.64,-121.454,0.0,0.0,0.0
44.66,-121.487,0.0,0.0,0.0
44.68,-121.52,0.0,0.0,0.0
44.7,-121.554,0.0,0.0,0.0
44.72,-121.587,0.0,0.0,0.0
44.74,-121.62,0.0,0.0,0.0
44.76,-121.651,0.0,0.0,0.0
44.78,-121.684,0.0,0.0,0.0
44.8,-121.718,0.0,0.0,0.0
44.82,-121.751,0.0,0.0,0.0
44.84,-121.784,0.0,0.0,0.0
44.86,-121.815,0.0,0.0,0.0
44.88,-121.848,0.0,0.0,0.0
44.9,-121.88,0.0,0.0,0.0
44.92,-121.913,0.0,0.0,0.0
44.94,-121.946,0.0,0.0,0.0
44.96,-121.978,0.0,0.0,0.0
44.98,-122.011,0.0,0.0,0.0
45.0,-122.042,0.0,0.0,0.0
45.02,-122.075,0.0,0.0,0.0
45.04,-122.107,0.0,0.0,0.0
45.06,-122.138,0.0,0.0,0.0
45.08,-122.171,0.0,0.0,0.0
45.1,-122.203,0.0,0.0,0.0
45.12,-122.234,0.0,0.0,0.0
45.14,-122.267,0.0,0.0,0.0
45.16,-122.299,0.0,0.0,0.0
45.18,-122.33,0.0,0.0,0.0
45.2,-122.362,0.0,0.0,0.0
45.22,-122.393,0.0,0.0,0.0
45.24,-122.424,0.0,0.0,0.0
45.26,-122.456,0.0,0.0,0.0
45.28,-122.487,0.0,0.0,0.0
45.3,-122.519,0.0,0.0,0.0
45.32,-122.55,0.0,0.0,0.0
45.34,-122.582,0.0,0.0,0.0
45.36,-122.613,0.0,0.0,0.0
45.38,-122.644,0.0,0.0,0.0
45.4,-122.676,0.0,0.0,0.0
45.42,-122.705,0.0,0.0,0.0
45.44,-122.737,0.0,0.0,0.0
45.46,-122.768,0.0,0.0,0.0
45.48,-122.798,0.0,0.0,0.0
45.5,-122.829,0.0,0.0,0.0
45.52,-122.859,0.0,0.0,0.0
45.54,-122.89,0.0,0.0,0.0
45.56,-122.92,0.0,0.0,0.0
45.58,-122.952,0.0,0.0,0.0
45.6,-122.981,0.0,0.0,0.0
45.62,-123.013,0.0,0.0,0.0
45.64,-123.042,0.0,0.0,0.0
45.66,-123.072,0.0,0.0,0.0
45.68,-123.102,0.0,0.0,0.0
45.7,-123.133,0.0,0.0,0.0
45.72,-123.163,0.0,0.0,0.0
45.74,-123.192,0.0,0.0,0.0
45.76,-123.222,0.0,0.0,0.0
45.78,-123.252,0.0,0.0,0.0
45.8,-123.281,0.0,0.0,0.0
45.82,-123.311,0.0,0.0,0.0
45.84,-123.341,0.0,0.0,0.0
45.86,-123.37,0.0,0.0,0.0
45.88,-123.4,0.0,0.0,0.0
45.9,-123.43,0.0,0.0,0.0
45.92,-123.458,0.0,0.0,0.0
45.94,-123.487,0.0,0.0,0.0
45.96,-123.517,0.0,0.0,0.0
45.98,-123.547,0.0,0.0,0.0
46.0,-123.575,0.0,0.0,0.0
46.02,-123.604,0.0,0.0,0.0
46.04,-123.632,0.0,0.0,0.0
46.06,-123.662,0.0,0.0,0.0
46.08,-123.69,0.0,0.0,0.0
46.1,-123.719,0.0,0.0,0.0
46.12,-123.747,0.0,0.0,0.0
46.14,-123.775,0.0,0.0,0.0
46.16,-123.805,0.0,0.0,0.0
46.18,-123.833,0.0,0.0,0.0
46.2,-123.861,0.0,0.0,0.0
46.22,-123.889,0.0,0.0,0.0
46.24,-123.917,0.0,0.0,0.0
46.26,-123.946,0.0,0.0,0.0
46.28,-123.974,0.0,0.0,0.0
46.3,-124.002,0.0,0.0,0.0
46.32,-124.03,0.0,0.0,0.0
46.34,-124.056,0.0,0.0,0.0
46.36,-124.084,0.0,0.0,0.0
46.38,-124.112,0.0,0.0,0.0
46.4,-124.14,0.0,0.0,0.0
46.42,-124.168,0.0,0.0,0.0
46.44,-124.196,0.0,0.0,0.0
46.46,-124.222,0.0,0.0,0.0
46.48,-124.25,0.0,0.0,0.0
46.5,-124.278,0.0,0.0,0.0
46.52,-124.304,0.0,0.0,0.0
46.54,-124.332,0.0,0.0,0.0
46.56,-124.358,0.0,0.0,0.0
46.58,-124.386,0.0,0.0,0.0
46.6,-124.412,0.0,0.0,0.0
46.62,-124.44,0.0,0.0,0.0
46.64,-124.466,0.0,0.0,0.0
46.66,-124.493,0.0,0.0,0.0
46.68,-124.521,0.0,0.0,0.0
46.7,-124.547,0.0,0.0,0.0
46.72,-124.573,0.0,0.0,0.0
46.74,-124.601,0.0,0.0,0.0
46.76,-124.627,0.0,0.0,0.0
46.78,-124.653,0.0,0.0,0.0
46.8,-124.679,0.0,0.0,0.0
46.82,-124.706,0.0,0.0,0.0
46.84,-124.732,0.0,0.0,0.0
46.86,-124.758,0.0,0.0,0.0
46.88,-124.784,0.0,0.0,0.0
46.9,-124.81,0.0,0.0,0.0
46.92,-124.836,0.0,0.0,0.0
46.94,-124.863,0.0,0.0,0.0
46.96,-124.889,0.0,0.0,0.0
46.98,-124.915,0.0,0.0,0.0
47.0,-124.941,0.0,0.0,0.0
47.02,-124.967,0.0,0.0,0.0
47.04,-124.994,0.0,0.0,0.0
47.06,-125.018,0.0,0.0,0.0
47.08,-125.044,0.0,0.0,0.0
47.1,-125.07,0.0,0.0,0.0
47.12,-125.097,0.0,0.0,0.0
47.14,-125.121,0.0,0.0,0.0
47.16,-125.147,0.0,0.0,0.0
47.18,-125.173,0.0,0.0,0.0
47.2,-125.198,0.0,0.0,0.0
47.22,-125.224,0.0,0.0,0.0
47.24,-125.248,0.0,0.0,0.0
47.26,-125.275,0.0,0.0,0.0
47.28,-125.299,0.0,0.0,0.0
47.3,-125.325,0.0,0.0,0.0
47.32,-125.35,0.0,0.0,0.0
47.34,-125.374,0.0,0.0,0.0
47.36,-125.4,0.0,0.0,0.0
47.38,-125.425,0.0,0.0,0.0
47.4,-125.449,0.0,0.0,0.0
47.42,-125.475,0.0,0.0,0.0
47.44,-125.5,0.0,0.0,0.0
47.46,-125.524,0.0,0.0,0.0
47.48,-125.549,0.0,0.0,0.0
47.5,-125.575,0.0,0.0,0.0
47.52,-125.599,0.0,0.0,0.0
47.54,-125.624,0.0,0.0,0.0
47.56,-125.648,0.0,0.0,0.0
47.58,-125.672,0.0,0.0,0.0
47.6,-125.697,0.0,0.0,0.0
47.62,-125.721,0.0,0.0,0.0
47.64,-125.746,0.0,0.0,0.0
47.66,-125.77,0.0,0.0,0.0
47.68,-125.795,0.0,0.0,0.0
47.7,-125.819,0.0,0.0,0.0
47.72,-125.844,0.0,0.0,0.0
47.74,-125.868,0.0,0.0,0.0
47.76,-125.892,0.0,0.0,0.0
47.78,-125.915,0.0,0.0,0.0
47.8,-125.94,0.0,0.0,0.0
47.82,-125.964,0.0,0.0,0.0
47.84,-125.988,0.0,0.0,0.0
47.86,-126.013,0.0,0.0,0.0
47.88,-126.036,0.0,0.0,0.0
47.9,-126.06,0.0,0.0,0.0
47.92,-126.084,0.0,0.0,0.0
47.94,-126.107,0.0,0.0,0.0
47.96,-126.132,0.0,0.0,0.0
47.98,-126.154,0.0,0.0,0.0
48.0,-126.179,0.0,0.0,0.0
48.02,-126.201,0.0,0.0,0.0
48.04,-126.226,0.0,0.0,0.0
48.06,-126.248,0.0,0.0,0.0
48.08,-126.273,0.0,0.0,0.0
48.1,-126.296,0.0,0.0,0.0
48.12,-126.32,0.0,0.0,0.0
48.14,-126.343,0.0,0.0,0.0
48.16,-126.367,0.0,0.0,0.0
48.18,-126.39,0.0,0.0,0.0
48.2,-126.413,0.0,0.0,0.0
48.22,-126.437,0.0,0.0,0.0
48.24,-126.46,0.0,0.0,0.0
48.26,-126.482,0.0,0.0,0.0
48.28,-126.505,0.0,0.0,0.0
48.3,-126.528,0.0,0.0,0.0
48.32,-126.552,0.0,0.0,0.0
48.34,-126.575,0.0,0.0,0.0
48.36,-126.598,0.0,0.0,0.0
48.38,-126.62,0.0,0.0,0.0
48.4,-126.643,0.0,0.0,0.0
48.42,-126.666,0.0,0.0,0.0
48.44,-126.688,0.0,0.0,0.0
48.46,-126.711,0.0,0.0,0.0
48.48,-126.734,0.0,0.0,0.0
48.5,-126.756,0.0,0.0,0.0
48.52,-126.779,0.0,0.0,0.0
48.54,-126.802,0.0,0.0,0.0
48.56,-126.824,0.0,0.0,0.0
48.58,-126.847,0.0,0.0,0.0
48.6,-126.87,0.0,0.0,0.0
48.62,-126.891,0.0,0.0,0.0
48.64,-126.913,0.0,0.0,0.0
48.66,-126.936,0.0,0.0,0.0
48.68,-126.959,0.0,0.0,0.0
48.7,-126.98,0.0,0.0,0.0
48.72,-127.002,0.0,0.0,0.0
48.74,-127.025,0.0,0.0,0.0
48.76,-127.046,0.0,0.0,0.0
48.78,-127.069,0.0,0.0,0.0
48.8,-127.09,0.0,0.0,0.0
48.82,-127.112,0.0,0.0,0.0
48.84,-127.133,0.0,0.0,0.0
48.86,-127.156,0.0,0.0,0.0
48.88,-127.177,0.0,0.0,0.0
48.9,-127.2,0.0,0.0,0.0
48.92,-127.221,0.0,0.0,0.0
48.94,-127.242,0.0,0.0,0.0
48.96,-127.264,0.0,0.0,0.0
48.98,-127.285,0.0,0.0,0.0
49.0,-127.306,0.0,0.0,0.0
49.02,-127.329,0.0,0.0,0.0
49.04,-127.35,0.0,0.0,0.0
49.06,-127.371,0.0,0.0,0.0
49.08,-127.392,0.0,0.0,0.0
49.1,-127.414,0.0,0.0,0.0
49.12,-127.435,0.0,0.0,0.0
49.14,-127.456,0.0,0.0,0.0
49.16,-127.477,0.0,0.0,0.0
49.18,-127.498,0.0,0.0,0.0
49.2,-127.519,0.0,0.0,0.0
49.22,-127.54,0.0,0.0,0.0
49.24,-127.561,0.0,0.0,0.0
49.26,-127.582,0.0,0.0,0.0
49.28,-127.603,0.0,0.0,0.0
49.3,-127.624,0.0,0.0,0.0
49.32,-127.645,0.0,0.0,0.0
49.34,-127.666,0.0,0.0,0.0
49.36,-127.687,0.0,0.0,0.0
49.38,-127.708,0.0,0.0,0.0
49.4,-127.728,0.0,0.0,0.0
49.42,-127.749,0.0,0.0,0.0
49.44,-127.769,0.0,0.0,0.0
49.46,-127.79,0.0,0.0,0.0
49.48,-127.811,0.0,0.0,0.0
49.5,-127.831,0.0,0.0,0.0
49.52,-127.852,0.0,0.0,0.0
49.54,-127.872,0.0,0.0,0.0
49.56,-127.893,0.0,0.0,0.0
49.58,-127.913,0.0,0.0,0.0
49.6,-127.933,0.0,0.0,0.0
49.62,-127.954,0.0,0.0,0.0
49.64,-127.973,0.0,0.0,0.0
49.66,-127.994,0.0,0.0,0.0
49.68,-128.013,0.0,0.0,0.0
49.7,-128.034,0.0,0.0,0.0
49.72,-128.053,0.0,0.0,0.0
49.74,-128.074,0.0,0.0,0.0
49.76,-128.093,0.0,0.0,0.0
49.78,-128.114,0.0,0.0,0.0
49.8,-128.133,0.0,0.0,0.0
49.82,-128.153,0.0,0.0,0.0
49.84,-128.172,0.0,0.0,0.0
49.86,-128.193,0.0,0.0,0.0
49.88,-128.212,0.0,0.0,0.0
49.9,-128.231,0.0,0.0,0.0
49.92,-128.25,0.0,0.0,0.0
49.94,-128.27,0.0,0.0,0.0
49.96,-128.289,0.0,0.0,0.0
49.98,-128.308,0.0,0.0,0.0
50.0,-128.327,0.0,0.0,0.0
50.02,-128.348,0.0,0.0,0.0
50.04,-128.366,0.0,0.0,0.0
50.06,-128.385,0.0,0.0,0.0
50.08,-128.404,0.0,0.0,0.0
50.1,-128.423,0.0,0.0,0.0
50.12,-128.442,0.0,0.0,0.0
50.14,-128.462,0.0,0.0,0.0
50.16,-128.481,0.0,0.0,0.0
50.18,-128.498,0.0,0.0,0.0
50.2,-128.517,0.0,0.0,0.0
50.22,-128.537,0.0,0.0,0.0
50.24,-128.554,0.0,0.0,0.0
50.26,-128.573,0.0,0.0,0.0
50.28,-128.591,0.0,0.0,0.0
50.3,-128.61,0.0,0.0,0.0
50.32,-128.627,0.0,0.0,0.0
50.34,-128.647,0.0,0.0,0.0
50.36,-128.664,0.0,0.0,0.0
50.38,-128.681,0.0,0.0,0.0
50.4,-128.701,0.0,0.0,0.0
50.42,-128.718,0.0,0.0,0.0
50.44,-128.736,0.0,0.0,0.0
50.46,-128.753,0.0,0.0,0.0
50.48,-128.772,0.0,0.0,0.0
50.5,-128.79,0.0,0.0,0.0
50.52,-128.807,0.0,0.0,0.0
50.54,-128.825,0.0,0.0,0.0
50.56,-128.842,0.0,0.0,0.0
50.58,-128.859,0.0,0.0,0.0
50.6,-128.877,0.0,0.0,0.0
50.62,-128.894,0.0,0.0,0.0
50.64,-128.91,0.0,0.0,0.0
50.66,-128.928,0.0,0.0,0.0
50.68,-128.945,0.0,0.0,0.0
50.7,-128.962,0.0,0.0,0.0
50.72,-128.978,0.0,0.0,0.0
50.74,-128.996,0.0,0.0,0.0
50.76,-129.013,0.0,0.0,0.0
50.78,-129.029,0.0,0.0,0.0
50.8,-129.046,0.0,0.0,0.0
50.82,-129.062,0.0,0.0,0.0
50.84,-129.079,0.0,0.0,0.0
50.86,-129.095,0.0,0.0,0.0
50.88,-129.111,0.0,0.0,0.0
50.9,-129.128,0.0,0.0,0.0
50.92,-129.144,0.0,0.0,0.0
50.94,-129.16,0.0,0.0,0.0
50.96,-129.175,0.0,0.0,0.0
50.98,-129.191,0.0,0.0,0.0
51.0,-129.207,0.0,0.0,0.0
51.02,-129.224,0.0,0.0,0.0
51.04,-129.24,0.0,0.0,0.0
51.06,-129.256,0.0,0.0,0.0
51.08,-129.27,0.0,0.0,0.0
51.1,-129.285,0.0,0.0,0.0
51.12,-129.301,0.0,0.0,0.0
51.14,-129.317,0.0,0.0,0.0
51.16,-129.332,0.0,0.0,0.0
51.18,-129.346,0.0,0.0,0.0
51.2,-129.362,0.0,0.0,0.0
51.22,-129.378,0.0,0.0,0.0
51.24,-129.392,0.0,0.0,0.0
51.26,-129.408,0.0,0.0,0.0
51.28,-129.421,0.0,0.0,0.0
51.3,-129.437,0.0,0.0,0.0
51.32,-129.451,0.0,0.0,0.0
51.34,-129.467,0.0,0.0,0.0
51.36,-129.481,0.0,0.0,0.0
51.38,-129.495,0.0,0.0,0.0
51.4,-129.509,0.0,0.0,0.0
51.42,-129.524,0.0,0.0,0.0
51.44,-129.538,0.0,0.0,0.0
51.46,-129.552,0.0,0.0,0.0
51.48,-129.566,0.0,0.0,0.0
51.5,-129.58,0.0,0.0,0.0
51.52,-129.594,0.0,0.0,0.0
51.54,-129.608,0.0,0.0,0.0
51.56,-129.622,0.0,0.0,0.0
51.58,-129.636,0.0,0.0,0.0
51.6,-129.648,0.0,0.0,0.0
51.62,-129.662,0.0,0.0,0.0
51.64,-129.676,0.0,0.0,0.0
51.66,-129.688,0.0,0.0,0.0
51.68,-129.702,0.0,0.0,0.0
51.7,-129.716,0.0,0.0,0.0
51.72,-129.729,0.0,0.0,0.0
51.74,-129.743,0.0,0.0,0.0
51.76,-129.755,0.0,0.0,0.0
51.78,-129.769,0.0,0.0,0.0
51.8,-129.781,0.0,0.0,0.0
51.82,-129.793,0.0,0.0,0.0
51.84,-129.805,0.0,0.0,0.0
51.86,-129.819,0.0,0.0,0.0
51.88,-129.832,0.0,0.0,0.0
51.9,-129.844,0.0,0.0,0.0
51.92,-129.856,0.0,0.0,0.0
51.94,-129.868,0.0,0.0,0.0
51.96,-129.88,0.0,0.0,0.0
51.98,-129.893,0.0,0.0,0.0
52.0,-129.905,0.0,0.0,0.0
52.02,-129.917,0.0,0.0,0.0
52.04,-129.928,0.0,0.0,0.0
52.06,-129.94,0.0,0.0,0.0
52.08,-129.952,0.0,0.0,0.0
52.1,-129.963,0.0,0.0,0.0
52.12,-129.975,0.0,0.0,0.0
52.14,-129.985,0.0,0.0,0.0
52.16,-129.997,0.0,0.0,0.0
52.18,-130.008,0.0,0.0,0.0
52.2,-130.02,0.0,0.0,0.0
52.22,-130.031,0.0,0.0,0.0
52.24,-130.041,0.0,0.0,0.0
52.26,-130.053,0.0,0.0,0.0
52.28,-130.064,0.0,0.0,0.0
52.3,-130.074,0.0,0.0,0.0
52.32,-130.085,0.0,0.0,0.0
52.34,-130.095,0.0,0.0,0.0
52.36,-130.106,0.0,0.0,0.0
52.38,-130.116,0.0,0.0,0.0
52.4,-130.127,0.0,0.0,0.0
52.42,-130.137,0.0,0.0,0.0
52.44,-130.148,0.0,0.0,0.0
52.46,-130.158,0.0,0.0,0.0
52.48,-130.167,0.0,0.0,0.0
52.5,-130.177,0.0,0.0,0.0
52.52,-130.188,0.0,0.0,0.0
52.54,-130.196,0.0,0.0,0.0
52.56,-130.207,0.0,0.0,0.0
52.58,-130.216,0.0,0.0,0.0
52.6,-130.226,0.0,0.0,0.0
52.62,-130.235,0.0,0.0,0.0
52.64,-130.244,0.0,0.0,0.0
52.66,-130.254,0.0,0.0,0.0
52.68,-130.263,0.0,0.0,0.0
52.7,-130.271,0.0,0.0,0.0
52.72,-130.28,0.0,0.0,0.0
52.74,-130.289,0.0,0.0,0.0
52.76,-130.298,0.0,0.0,0.0
52.78,-130.306,0.0,0.0,0.0
52.8,-130.315,0.0,0.0,0.0
52.82,-130.324,0.0,0.0,0.0
52.84,-130.333,0.0,0.0,0.0
52.86,-130.341,0.0,0.0,0.0
52.88,-130.348,0.0,0.0,0.0
52.9,-130.357,0.0,0.0,0.0
52.92,-130.366,0.0,0.0,0.0
52.94,-130.373,0.0,0.0,0.0
52.96,-130.381,0.0,0.0,0.0
52.98,-130.388,0.0,0.0,0.0
53.0,-130.397,0.0,0.0,0.0
53.02,-130.404,0.0,0.0,0.0
53.04,-130.413,0.0,0.0,0.0
53.06,-130.42,0.0,0.0,0.0
53.08,-130.427,0.0,0.0,0.0
53.1,-130.434,0.0,0.0,0.0
53.12,-130.441,0.0,0.0,0.0
53.14,-130.449,0.0,0.0,0.0
53.16,-130.456,0.0,0.0,0.0
53.18,-130.463,0.0,0.0,0.0
53.2,-130.47,0.0,0.0,0.0
53.22,-130.476,0.0,0.0,0.0
53.24,-130.483,0.0,0.0,0.0
53.26,-130.49,0.0,0.0,0.0
53.28,-130.497,0.0,0.0,0.0
53.3,-130.504,0.0,0.0,0.0
53.32,-130.509,0.0,0.0,0.0
53.34,-130.516,0.0,0.0,0.0
53.36,-130.521,0.0,0.0,0.0
53.38,-130.528,0.0,0.0,0.0
53.4,-130.533,0.0,0.0,0.0
53.42,-130.54,0.0,0.0,0.0
53.44,-130.545,0.0,0.0,0.0
53.46,-130.551,0.0,0.0,0.0
53.48,-130.558,0.0,0.0,0.0
53.5,-130.563,0.0,0.0,0.0
53.52,-130.568,0.0,0.0,0.0
53.54,-130.573,0.0,0.0,0.0
53.56,-130.579,0.0,0.0,0.0
53.58,-130.584,0.0,0.0,0.0
53.6,-130.589,0.0,0.0,0.0
53.62,-130.594,0.0,0.0,0.0
53.64,-130.6,0.0,0.0,0.0
53.66,-130.605,0.0,0.0,0.0
53.68,-130.61,0.0,0.0,0.0
53.7,-130.614,0.0,0.0,0.0
53.72,-130.619,0.0,0.0,0.0
53.74,-130.624,0.0,0.0,0.0
53.76,-130.627,0.0,0.0,0.0
53.78,-130.633,0.0,0.0,0.0
53.8,-130.636,0.0,0.0,0.0
53.82,-130.641,0.0,0.0,0.0
53.84,-130.645,0.0,0.0,0.0
53.86,-130.65,0.0,0.0,0.0
53.88,-130.654,0.0,0.0,0.0
53.9,-130.657,0.0,0.0,0.0
53.92,-130.661,0.0,0.0,0.0
53.94,-130.664,0.0,0.0,0.0
53.96,-130.669,0.0,0.0,0.0
53.98,-130.673,0.0,0.0,0.0
54.0,-130.676,0.0,0.0,0.0
54.02,-130.68,0.0,0.0,0.0
54.04,-130.682,0.0,0.0,0.0
54.06,-130.685,0.0,0.0,0.0
54.08,-130.689,0.0,0.0,0.0
54.1,-130.692,0.0,0.0,0.0
54.12,-130.694,0.0,0.0,0.0
54.14,-130.697,0.0,0.0,0.0
54.16,-130.701,0.0,0.0,0.0
54.18,-130.703,0.0,0.0,0.0
54.2,-130.706,0.0,0.0,0.0
54.22,-130.708,0.0,0.0,0.0
54.24,-130.71,0.0,0.0,0.0
54.26,-130.713,0.0,0.0,0.0
54.28,-130.715,0.0,0.0,0.0
54.3,-130.716,0.0,0.0,0.0
54.32,-130.718,0.0,0.0,0.0
54.34,-130.722,0.0,0.0,0.0
54.36,-130.723,0.0,0.0,0.0
54.38,-130.725,0.0,0.0,0.0
54.4,-130.725,0.0,0.0,0.0
54.42,-130.727,0.0,0.0,0.0
54.44,-130.729,0.0,0.0,0.0
54.46,-130.73,0.0,0.0,0.0
54.48,-130.732,0.0,0.0,0.0
54.5,-130.732,0.0,0.0,0.0
54.52,-130.734,0.0,0.0,0.0
54.54,-130.734,0.0,0.0,0.0
54.56,-130.736,0.0,0.0,0.0
54.58,-130.736,0.0,0.0,0.0
54.6,-130.737,0.0,0.0,0.0
54.62,-130.737,0.0,0.0,0.0
54.64,-130.737,0.0,0.0,0.0
54.66,-130.737,0.0,0.0,0.0
54.68,-130.737,0.0,0.0,0.0
54.7,-130.737,0.0,0.0,0.0
54.72,-130.737,0.0,0.0,0.0
54.74,-130.737,0.0,0.0,0.0
54.76,-130.737,0.0,0.0,0.0
54.78,-130.737,0.0,0.0,0.0
54.8,-130.737,0.0,0.0,0.0
54.82,-130.736,0.0,0.0,0.0
54.84,-130.736,0.0,0.0,0.0
54.86,-130.736,0.0,0.0,0.0
54.88,-130.736,0.0,0.0,0.0
54.9,-130.734,0.0,0.0,0.0
54.92,-130.734,0.0,0.0,0.0
54.94,-130.732,0.0,0.0,0.0
54.96,-130.732,0.0,0.0,0.0
54.98,-130.732,0.0,0.0,0.0
55.0,-130.732,0.0,0.0,0.0
55.02,-130.73,0.0,0.0,0.0
55.04,-130.73,0.0,0.0,0.0
55.06,-130.73,0.0,0.0,0.0
55.08,-130.73,0.0,0.0,0.0
55.1,-130.729,0.0,0.0,0.0
55.12,-130.729,0.0,0.0,0.0
55.14,-130.729,0.0,0.0,0.0
55.16,-130.729,0.0,0.0,0.0
55.18,-130.729,0.0,0.0,0.0
55.2,-130.729,0.0,0.0,0.0
55.22,-130.729,0.0,0.0,0.0
55.24,-130.729,0.0,0.0,0.0
55.26,-130.729,0.0,0.0,0.0
55.28,-130.73,0.0,0.0,0.0
55.3,-130.73,0.0,0.0,0.0
55.32,-130.73,0.0,0.0,0.0
55.34,-130.73,0.0,0.0,0.0
55.36,-130.73,0.0,0.0,0.0
55.38,-130.73,0.0,0.0,0.0
55.4,-130.732,0.0,0.0,0.0
55.42,-130.732,0.0,0.0,0.0
55.44,-130.732,0.0,0.0,0.0
55.46,-130.732,0.0,0.0,0.0
55.48,-130.732,0.0,0.0,0.0
55.5,-130.732,0.0,0.0,0.0
55.52,-130.732,0.0,0.0,0.0
55.54,-130.732,0.0,0.0,0.0
55.56,-130.732,0.0,0.0,0.0
55.58,-130.732,0.0,0.0,0.0
55.6,-130.732,0.0,0.0,0.0
55.62,-130.732,0.0,0.0,0.0
55.64,-130.732,0.0,0.0,0.0
55.66,-130.732,0.0,0.0,0.0
55.68,-130.732,0.0,0.0,0.0
55.7,-130.732,0.0,0.0,0.0
55.72,-130.73,0.0,0.0,0.0
55.74,-130.73,0.0,0.0,0.0
55.76,-130.73,0.0,0.0,0.0
55.78,-130.73,0.0,0.0,0.0
55.8,-130.73,0.0,0.0,0.0
55.82,-130.73,0.0,0.0,0.0
55.84,-130.73,0.0,0.0,0.0
55.86,-130.73,0.0,0.0,0.0
55.88,-130.73,0.0,0.0,0.0
55.9,-130.73,0.0,0.0,0.0
55.92,-130.73,0.0,0.0,0.0
55.94,-130.73,0.0,0.0,0.0
55.96,-130.73,0.0,0.0,0.0
55.98,-130.73,0.0,0.0,0.0
56.0,-130.73,0.0,0.0,0.0
56.02,-130.73,0.0,0.0,0.0
56.04,-130.73,0.0,0.0,0.0
56.06,-130.73,0.0,0.0,0.0
56.08,-130.732,0.0,0.0,0.0
56.1,-130.732,0.0,0.0,0.0
56.12,-130.732,0.0,0.0,0.0
56.14,-130.732,0.0,0.0,0.0
56.16,-130.732,0.0,0.0,0.0
56.18,-130.732,0.0,0.0,0.0
56.2,-130.732,0.0,0.0,0.0
56.22,-130.732,0.0,0.0,0.0
56.24,-130.732,0.0,0.0,0.0
56.26,-130.732,0.0,0.0,0.0
56.28,-130.732,0.0,0.0,0.0
56.3,-130.732,0.0,0.0,0.0
56.32,-130.732,0.0,0.0,0.0
56.34,-130.73,0.0,0.0,0.0
56.36,-130.73,0.0,0.0,0.0
56.38,-130.73,0.0,0.0,0.0
56.4,-130.73,0.0,0.0,0.0
56.42,-130.73,0.0,0.0,0.0
56.44,-130.73,0.0,0.0,0.0
56.46,-130.73,0.0,0.0,0.0
56.48,-130.73,0.0,0.0,0.0
56.5,-130.73,0.0,0.0,0.0
56.52,-130.73,0.0,0.0,0.0
56.54,-130.73,0.0,0.0,0.0
56.56,-130.73,0.0,0.0,0.0
56.58,-130.73,0.0,0.0,0.0
56.6,-130.73,0.0,0.0,0.0
56.62,-130.73,0.0,0.0,0.0
56.64,-130.73,0.0,0.0,0.0
56.66,-130.73,0.0,0.0,0.0
56.68,-130.73,0.0,0.0,0.0
56.7,-130.73,0.0,0.0,0.0
56.72,-130.732,0.0,0.0,0.0
56.74,-130.732,0.0,0.0,0.0
56.76,-130.732,0.0,0.0,0.0
56.78,-130.732,0.0,0.0,0.0
56.8,-130.732,0.0,0.0,0.0
56.82,-130.732,0.0,0.0,0.0
56.84,-130.732,0.0,0.0,0.0
56.86,-130.732,0.0,0.0,0.0
56.88,-130.732,0.0,0.0,0.0
56.9,-130.732,0.0,0.0,0.0
56.92,-130.732,0.0,0.0,0.0
56.94,-130.732,0.0,0.0,0.0
56.96,-130.73,0.0,0.0,0.0
56.98,-130.73,0.0,0.0,0.0
57.0,-130.73,0.0,0.0,0.0
57.02,-130.73,0.0,0.0,0.0
57.04,-130.73,0.0,0.0,0.0
57.06,-130.73,0.0,0.0,0.0
57.08,-130.73,0.0,0.0,0.0
57.1,-130.73,0.0,0.0,0.0
57.12,-130.73,0.0,0.0,0.0
57.14,-130.73,0.0,0.0,0.0
57.16,-130.73,0.0,0.0,0.0
57.18,-130.73,0.0,0.0,0.0
57.2,-130.73,0.0,0.0,0.0
57.22,-130.73,0.0,0.0,0.0
57.24,-130.73,0.0,0.0,0.0
57.26,-130.73,0.0,0.0,0.0
57.28,-130.73,0.0,0.0,0.0
57.3,-130.73,0.0,0.0,0.0
57.32,-130.73,0.0,0.0,0.0
57.34,-130.732,0.0,0.0,0.0
57.36,-130.732,0.0,0.0,0.0
57.38,-130.732,0.0,0.0,0.0
57.4,-130.732,0.0,0.0,0.0
57.42,-130.732,0.0,0.0,0.0
57.44,-130.732,0.0,0.0,0.0
57.46,-130.732,0.0,0.0,0.0
57.48,-130.732,0.0,0.0,0.0
57.5,-130.732,0.0,0.0,0.0
57.52,-130.732,0.0,0.0,0.0
57.54,-130.73,0.0,0.0,0.0
57.56,-130.73,0.0,0.0,0.0
57.58,-130.73,0.0,0.0,0.0
57.6,-130.73,0.0,0.0,0.0
57.62,-130.73,0.0,0.0,0.0
57.64,-130.73,0.0,0.0,0.0
57.66,-130.73,0.0,0.0,0.0
57.68,-130.73,0.0,0.0,0.0
57.7,-130.73,0.0,0.0,0.0
57.72,-130.73,0.0,0.0,0.0
57.74,-130.73,0.0,0.0,0.0
57.76,-130.73,0.0,0.0,0.0
57.78,-130.73,0.0,0.0,0.0
57.8,-130.73,0.0,0.0,0.0
57.82,-130.73,0.0,0.0,0.0
57.84,-130.73,0.0,0.0,0.0
57.86,-130.73,0.0,0.0,0.0
