Tiempo ,YAW,PITCH,E_YAW,E_PITCH
-0.4,0.0,0.0,0.0,0.0
-0.38,0.0,0.0,0.0,0.0
-0.36,0.0,0.0,0.0,0.0
-0.34,0.0,0.0,0.0,0.0
-0.32,0.0,0.0,0.0,0.0
-0.3,0.0,0.0,0.0,0.0
-0.28,0.0,0.0,0.0,0.0
-0.26,0.0,0.0,0.0,0.0
-0.24,0.0,0.0,0.0,0.0
-0.22,0.0,0.0,0.0,0.0
-0.2,0.0,0.0,0.0,0.0
-0.18,0.0,0.0,0.0,0.0
-0.16,0.0,0.0,0.0,0.0
-0.14,0.0,0.0,0.0,0.0
-0.12,0.0,0.0,0.0,0.0
-0.1,0.0,0.0,0.0,0.0
-0.08,0.0,0.0,0.0,0.0
-0.06,0.0,0.0,0.0,0.0
-0.04,0.0,0.0,0.0,0.0
-0.02,0.0,0.0,0.0,0.0
0.0,0.0,0.0,0.0,0.0
0.02,0.0,0.0,0.0,0.0
0.04,0.0,0.0,0.0,18.7
0.06,0.0,0.0,0.0,18.7
0.08,0.002,0.0,0.0,18.7
0.1,0.002,0.0,0.0,18.7
0.12,0.003,0.0,0.0,18.7
0.14,0.005,0.0,0.0,18.7
0.16,0.007,0.0,0.0,18.7
0.18,0.01,0.0,0.0,18.7
0.2,0.012,0.0,0.0,18.7
0.22,0.014,0.0,0.0,18.7
0.24,0.016,0.0,0.0,18.7
0.26,0.019,0.0,0.0,18.7
0.28,0.021,0.0,0.0,18.7
0.3,0.024,0.0,0.0,18.7
0.32,0.026,0.0,0.0,18.7
0.34,0.028,0.0,0.0,18.7
0.36,0.031,0.009,0.0,18.7
0.38,0.035,0.021,0.0,18.7
0.4,0.037,0.028,0.0,18.7
0.42,0.04,0.033,0.0,18.7
0.44,0.044,0.038,0.0,18.7
0.46,0.045,0.042,0.0,18.7
0.48,0.049,0.047,0.0,18.7
0.5,0.052,0.054,0.0,18.7
0.52,0.056,0.059,0.0,18.7
0.54,0.059,0.066,0.0,18.7
0.56,0.063,0.073,0.0,18.7
0.58,0.066,0.08,0.0,18.7
0.6,0.07,0.089,0.0,18.7
0.62,0.073,0.096,0.0,18.7
0.64,0.077,0.105,0.0,18.7
0.66,0.08,0.113,0.0,18.7
0.68,0.084,0.122,0.0,18.7
0.7,0.087,0.131,0.0,18.7
0.72,0.091,0.14,0.0,18.7
0.74,0.094,0.15,0.0,18.7
0.76,0.098,0.159,0.0,18.7
0.78,0.101,0.169,0.0,18.7
0.8,0.105,0.18,0.0,18.7
0.82,0.11,0.19,0.0,18.7
0.84,0.113,0.199,0.0,18.7
0.86,0.117,0.211,0.0,18.7
0.88,0.12,0.222,0.0,18.7
0.9,0.124,0.232,0.0,18.7
0.92,0.129,0.243,0.0,18.7
0.94,0.133,0.255,0.0,18.7
0.96,0.136,0.265,0.0,18.7
0.98,0.141,0.278,0.0,18.7
1.0,0.145,0.29,0.0,18.7
1.02,0.148,0.3,0.0,18.7
1.04,0.154,0.312,0.0,18.7
1.06,0.157,0.325,0.0,18.7
1.08,0.161,0.337,0.0,18.7
1.1,0.166,0.347,0.0,18.7
1.12,0.169,0.36,0.0,18.7
1.14,0.175,0.372,0.0,18.7
1.16,0.178,0.384,0.0,18.7
1.18,0.182,0.396,0.0,18.7
1.2,0.187,0.405,0.0,18.7
1.22,0.19,0.421,0.0,18.7
1.24,0.195,0.433,0.0,18.7
1.26,0.199,0.443,0.0,18.7
1.28,0.204,0.456,0.0,18.7
1.3,0.209,0.463,0.0,18.7
1.32,0.213,0.475,0.0,18.7
1.34,0.218,0.492,0.0,18.7
1.36,0.222,0.503,0.0,18.7
1.38,0.227,0.51,0.0,18.7
1.4,0.232,0.52,0.0,18.7
1.42,0.236,0.536,0.0,18.7
1.44,0.241,0.55,0.0,18.7
1.46,0.246,0.555,0.0,18.7
1.48,0.25,0.567,0.0,18.7
1.5,0.255,0.578,0.0,18.7
1.52,0.26,0.588,0.0,18.7
1.54,0.265,0.599,0.0,18.7
1.56,0.271,0.616,0.0,18.7
1.58,0.276,0.627,0.0,18.7
1.6,0.281,0.632,0.0,18.7
1.62,0.286,0.642,0.0,18.7
1.64,0.291,0.658,0.0,18.7
1.66,0.297,0.661,0.0,18.7
1.68,0.302,0.672,0.0,18.7
1.7,0.307,0.682,0.0,18.7
1.72,0.312,0.691,0.0,18.7
1.74,0.318,0.702,0.0,18.7
1.76,0.323,0.71,0.0,18.7
1.78,0.33,0.719,0.0,18.7
1.8,0.335,0.733,0.0,18.7
1.82,0.34,0.737,0.0,18.7
1.84,0.347,0.745,0.0,18.7
1.86,0.353,0.754,0.0,18.7
1.88,0.358,0.763,0.0,18.7
1.9,0.365,0.77,0.0,18.7
1.92,0.37,0.778,0.0,18.7
1.94,0.377,0.785,0.0,18.7
1.96,0.382,0.792,0.0,18.7
1.98,0.389,0.799,0.0,18.7
2.0,0.394,0.806,0.0,18.7
2.02,0.401,0.815,0.0,18.7
2.04,0.408,0.819,0.0,18.7
2.06,0.414,0.826,0.0,18.7
2.08,0.421,0.831,0.0,18.7
2.1,0.428,0.838,0.0,18.7
2.12,0.435,0.843,0.0,18.7
2.14,0.442,0.848,0.0,18.7
2.16,0.449,0.853,0.0,18.7
2.18,0.456,0.859,0.0,18.7
2.2,0.461,0.864,0.0,18.7
2.22,0.468,0.867,0.0,18.7
2.24,0.475,0.871,0.0,18.7
2.26,0.482,0.876,0.0,18.7
2.28,0.49,0.878,0.0,18.7
2.3,0.497,0.881,0.0,18.7
2.32,0.504,0.887,0.0,18.7
2.34,0.511,0.888,0.0,18.7
2.36,0.518,0.89,0.0,18.7
2.38,0.525,0.894,0.0,18.7
2.4,0.534,0.895,0.0,18.7
2.42,0.541,0.897,0.0,18.7
2.44,0.548,0.899,0.0,18.7
2.46,0.557,0.901,0.0,18.7
2.48,0.564,0.902,0.0,18.7
2.5,0.571,0.904,0.0,18.7
2.52,0.579,0.904,0.0,18.7
2.54,0.588,0.904,0.0,18.7
2.56,0.595,0.906,0.0,18.7
2.58,0.604,0.906,0.0,18.7
2.6,0.611,0.906,0.0,18.7
2.62,0.62,0.906,0.0,18.7
2.64,0.628,0.908,0.0,18.7
2.66,0.635,0.908,0.0,18.7
2.68,0.644,0.908,0.0,18.7
2.7,0.653,0.906,0.0,18.7
2.72,0.661,0.904,0.0,18.7
2.74,0.668,0.904,0.0,18.7
2.76,0.677,0.902,0.0,18.7
2.78,0.686,0.901,0.0,18.7
2.8,0.695,0.897,0.0,18.7
2.82,0.703,0.895,0.0,18.7
2.84,0.712,0.894,0.0,18.7
2.86,0.721,0.892,0.0,18.7
2.88,0.73,0.888,0.0,18.7
2.9,0.738,0.888,0.0,18.7
2.92,0.747,0.883,0.0,18.7
2.94,0.756,0.88,0.0,18.7
2.96,0.764,0.876,0.0,18.7
2.98,0.773,0.874,0.0,18.7
3.0,0.782,0.871,0.0,18.7
3.02,0.791,0.867,0.0,18.7
3.04,0.801,0.864,0.0,18.7
3.06,0.81,0.862,0.0,18.7
3.08,0.819,0.859,0.0,18.7
3.1,0.827,0.853,0.0,18.7
3.12,0.838,0.848,0.0,18.7
3.14,0.846,0.845,0.0,18.7
3.16,0.855,0.841,0.0,18.7
3.18,0.864,0.838,0.0,18.7
3.2,0.874,0.834,0.0,18.7
3.22,0.883,0.827,0.0,18.7
3.24,0.894,0.826,0.0,18.7
3.26,0.902,0.82,0.0,18.7
3.28,0.913,0.815,0.0,18.7
3.3,0.922,0.81,0.0,18.7
3.32,0.93,0.806,0.0,18.7
3.34,0.941,0.801,0.0,18.7
3.36,0.949,0.798,0.0,18.7
3.38,0.96,0.789,0.0,18.7
3.4,0.97,0.787,0.0,18.7
3.42,0.979,0.782,0.0,18.7
3.44,0.99,0.777,0.0,18.7
3.46,0.998,0.771,0.0,18.7
3.48,1.009,0.766,0.0,18.7
3.5,1.019,0.763,0.0,18.7
3.52,1.028,0.756,0.0,18.7
3.54,1.038,0.75,0.0,18.7
3.56,1.049,0.745,0.0,18.7
3.58,1.059,0.74,0.0,18.7
3.6,1.068,0.733,0.0,18.7
3.62,1.079,0.728,0.0,18.7
3.64,1.089,0.723,0.0,18.7
3.66,1.1,0.719,0.0,18.7
3.68,1.11,0.714,0.0,18.7
3.7,1.121,0.705,0.0,18.7
3.72,1.129,0.7,0.0,18.7
3.74,1.14,0.696,0.0,18.7
3.76,1.15,0.691,0.0,18.7
3.78,1.161,0.682,0.0,18.7
3.8,1.171,0.677,0.0,18.7
3.82,1.182,0.674,0.0,18.7
3.84,1.192,0.667,0.0,18.7
3.86,1.204,0.663,0.0,18.7
3.88,1.215,0.654,0.0,18.7
3.9,1.225,0.649,0.0,18.7
3.92,1.236,0.646,0.0,18.7
3.94,1.246,0.639,0.0,18.7
3.96,1.258,0.632,0.0,18.7
3.98,1.269,0.628,0.0,18.7
4.0,1.279,0.621,0.0,18.7
4.02,1.292,0.614,0.0,18.7
4.04,1.302,0.613,0.0,18.7
4.06,1.314,0.607,0.0,18.7
4.08,1.325,0.602,0.0,18.7
4.1,1.337,0.593,0.0,18.7
4.12,1.347,0.588,0.0,18.7
4.14,1.36,0.585,0.0,18.7
4.16,1.37,0.579,0.0,18.7
4.18,1.382,0.574,0.0,18.7
4.2,1.395,0.569,0.0,18.7
4.22,1.405,0.564,0.0,18.7
4.24,1.417,0.559,0.0,18.7
4.26,1.429,0.553,0.0,18.7
4.28,1.442,0.548,0.0,18.7
4.3,1.454,0.545,0.0,18.7
4.32,1.464,0.539,0.0,18.7
4.34,1.477,0.532,0.0,18.7
4.36,1.489,0.531,0.0,18.7
4.38,1.503,0.524,0.0,18.7
4.4,1.515,0.52,0.0,18.7
4.42,1.527,0.518,0.0,18.7
4.44,1.539,0.511,0.0,18.7
4.46,1.552,0.506,0.0,18.7
4.48,1.564,0.501,0.0,18.7
4.5,1.578,0.496,0.0,18.7
4.52,1.59,0.492,0.0,18.7
4.54,1.604,0.489,0.0,18.7
4.56,1.616,0.483,0.0,18.7
4.58,1.63,0.478,0.0,18.7
4.6,1.642,0.475,0.0,18.7
4.62,1.656,0.471,0.0,18.7
4.64,1.67,0.466,0.0,18.7
4.66,1.682,0.463,0.0,18.7
4.68,1.696,0.459,0.0,18.7
4.7,1.71,0.456,0.0,18.7
4.72,1.724,0.452,0.0,18.7
4.74,1.738,0.449,0.0,18.7
4.76,1.752,0.445,0.0,18.7
4.78,1.766,0.442,0.0,18.7
4.8,1.78,0.44,0.0,18.7
4.82,1.794,0.436,0.0,18.7
4.84,1.808,0.433,0.0,18.7
4.86,1.824,0.431,0.0,18.7
4.88,1.838,0.429,0.0,18.7
4.9,1.852,0.426,0.0,18.7
4.92,1.868,0.424,0.0,18.7
4.94,1.881,0.422,0.0,18.7
4.96,1.897,0.421,0.0,18.7
4.98,1.911,0.419,0.0,18.7
5.0,1.927,0.417,0.0,18.7
5.02,1.941,0.415,0.0,18.7
5.04,1.957,0.414,0.0,18.7
5.06,1.972,0.412,0.0,18.7
5.08,1.986,0.41,0.0,18.7
5.1,2.002,0.41,0.0,18.7
5.12,2.018,0.408,0.0,18.7
5.14,2.033,0.408,0.0,18.7
5.16,2.049,0.408,0.0,18.7
5.18,2.065,0.407,0.0,18.7
5.2,2.08,0.407,0.0,18.7
5.22,2.096,0.407,0.0,18.7
5.24,2.112,0.407,0.0,18.7
5.26,2.128,0.407,0.0,18.7
5.28,2.143,0.407,0.0,18.7
5.3,2.161,0.407,0.0,18.7
5.32,2.176,0.405,0.0,18.7
5.34,2.192,0.405,0.0,18.7
5.36,2.21,0.405,0.0,18.7
5.38,2.225,0.407,0.0,18.7
5.4,2.243,0.407,0.0,18.7
5.42,2.258,0.408,0.0,18.7
5.44,2.276,0.41,0.0,18.7
5.46,2.292,0.412,0.0,18.7
5.48,2.309,0.414,0.0,18.7
5.5,2.325,0.414,0.0,18.7
5.52,2.342,0.417,0.0,18.7
5.54,2.358,0.419,0.0,18.7
5.56,2.375,0.419,0.0,18.7
5.58,2.393,0.422,0.0,18.7
5.6,2.41,0.426,0.0,18.7
5.62,2.426,0.428,0.0,18.7
5.64,2.443,0.431,0.0,18.7
5.66,2.461,0.431,0.0,18.7
5.68,2.478,0.435,0.0,18.7
5.7,2.496,0.438,0.0,18.7
5.72,2.513,0.442,0.0,18.7
5.74,2.531,0.442,0.0,18.7
5.76,2.548,0.447,0.0,18.7
5.78,2.566,0.45,0.0,18.7
5.8,2.583,0.454,0.0,18.7
5.82,2.601,0.456,0.0,18.7
5.84,2.618,0.461,0.0,18.7
5.86,2.635,0.464,0.0,18.7
5.88,2.653,0.468,0.0,18.7
5.9,2.672,0.471,0.0,18.7
5.92,2.69,0.473,0.0,18.7
5.94,2.707,0.476,0.0,18.7
5.96,2.724,0.48,0.0,18.7
5.98,2.742,0.483,0.0,18.7
6.0,2.761,0.49,0.0,18.7
6.02,2.779,0.492,0.0,18.7
6.04,2.798,0.496,0.0,18.7
6.06,2.815,0.499,0.0,18.7
6.08,2.833,0.504,0.0,18.7
6.1,2.852,0.508,0.0,18.7
6.12,2.871,0.511,0.0,18.7
6.14,2.889,0.518,0.0,18.7
6.16,2.908,0.522,0.0,18.7
6.18,2.925,0.524,0.0,18.7
6.2,2.944,0.527,0.0,18.7
6.22,2.964,0.532,0.0,18.7
6.24,2.981,0.536,0.0,18.7
6.26,3.0,0.539,0.0,18.7
6.28,3.019,0.545,0.0,18.7
6.3,3.039,0.548,0.0,18.7
6.32,3.056,0.552,0.0,18.7
6.34,3.075,0.555,0.0,18.7
6.36,3.094,0.56,0.0,18.7
6.38,3.114,0.564,0.0,18.7
6.4,3.133,0.567,0.0,18.7
6.42,3.152,0.571,0.0,18.7
6.44,3.171,0.576,0.0,18.7
6.46,3.19,0.579,0.0,18.7
6.48,3.21,0.583,0.0,18.7
6.5,3.229,0.585,0.0,18.7
6.52,3.248,0.588,0.0,18.7
6.54,3.269,0.592,0.0,18.7
6.56,3.288,0.595,0.0,18.7
6.58,3.307,0.599,0.0,18.7
6.6,3.328,0.6,0.0,18.7
6.62,3.348,0.606,0.0,18.7
6.64,3.367,0.609,0.0,18.7
6.66,3.388,0.609,0.0,18.7
6.68,3.407,0.614,0.0,18.7
6.7,3.428,0.618,0.0,18.7
6.72,3.447,0.621,0.0,18.7
6.74,3.468,0.623,0.0,18.7
6.76,3.487,0.627,0.0,18.7
6.78,3.508,0.63,0.0,18.7
6.8,3.527,0.63,0.0,18.7
6.82,3.548,0.634,0.0,18.7
6.84,3.569,0.637,0.0,18.7
6.86,3.588,0.637,0.0,18.7
6.88,3.609,0.641,0.0,18.7
6.9,3.63,0.642,0.0,18.7
6.92,3.651,0.644,0.0,18.7
6.94,3.672,0.648,0.0,18.7
6.96,3.693,0.649,0.0,18.7
6.98,3.714,0.649,0.0,18.7
7.0,3.735,0.651,0.0,18.7
7.02,3.756,0.654,0.0,18.7
7.04,3.777,0.654,0.0,18.7
7.06,3.798,0.656,0.0,18.7
7.08,3.819,0.658,0.0,18.7
7.1,3.84,0.658,0.0,18.7
7.12,3.861,0.66,0.0,18.7
7.14,3.882,0.66,0.0,18.7
7.16,3.903,0.661,0.0,18.7
7.18,3.924,0.663,0.0,18.7
7.2,3.944,0.663,0.0,18.7
7.22,3.965,0.663,0.0,18.7
7.24,3.986,0.663,0.0,18.7
7.26,4.007,0.665,0.0,18.7
7.28,4.028,0.665,0.0,18.7
7.3,4.051,0.665,0.0,18.7
7.32,4.072,0.665,0.0,18.7
7.34,4.093,0.667,0.0,18.7
7.36,4.115,0.667,0.0,18.7
7.38,4.136,0.667,0.0,18.7
7.4,4.157,0.667,0.0,18.7
7.42,4.18,0.665,0.0,18.7
7.44,4.201,0.665,0.0,18.7
7.46,4.222,0.665,0.0,18.7
7.48,4.245,0.663,0.0,18.7
7.5,4.266,0.661,0.0,18.7
7.52,4.288,0.661,0.0,18.7
7.54,4.309,0.661,0.0,18.7
7.56,4.332,0.658,0.0,18.7
7.58,4.353,0.658,0.0,18.7
7.6,4.376,0.656,0.0,18.7
7.62,4.396,0.654,0.0,18.7
7.64,4.419,0.653,0.0,18.7
7.66,4.44,0.651,0.0,18.7
7.68,4.463,0.649,0.0,18.7
7.7,4.484,0.648,0.0,18.7
7.72,4.506,0.646,0.0,18.7
7.74,4.529,0.644,0.0,18.7
7.76,4.55,0.642,0.0,18.7
7.78,4.573,0.641,0.0,18.7
7.8,4.594,0.639,0.0,18.7
7.82,4.616,0.635,0.0,18.7
7.84,4.639,0.634,0.0,18.7
7.86,4.66,0.632,0.0,18.7
7.88,4.683,0.63,0.0,18.7
7.9,4.704,0.628,0.0,18.7
7.92,4.726,0.625,0.0,18.7
7.94,4.749,0.625,0.0,18.7
7.96,4.77,0.621,0.0,18.7
7.98,4.793,0.62,0.0,18.7
8.0,4.815,0.618,0.0,18.7
8.02,4.838,0.614,0.0,18.7
8.04,4.859,0.613,0.0,18.7
8.06,4.882,0.611,0.0,18.7
8.08,4.904,0.607,0.0,18.7
8.1,4.925,0.607,0.0,18.7
8.12,4.948,0.606,0.0,18.7
8.14,4.971,0.602,0.0,18.7
8.16,4.993,0.6,0.0,18.7
8.18,5.014,0.599,0.0,18.7
8.2,5.037,0.597,0.0,18.7
8.22,5.06,0.595,0.0,18.7
8.24,5.082,0.595,0.0,18.7
8.26,5.105,0.592,0.0,18.7
8.28,5.126,0.59,0.0,18.7
8.3,5.149,0.588,0.0,18.7
8.32,5.171,0.586,0.0,18.7
8.34,5.194,0.585,0.0,18.7
8.36,5.217,0.583,0.0,18.7
8.38,5.239,0.581,0.0,18.7
8.4,5.262,0.579,0.0,18.7
8.42,5.285,0.579,0.0,18.7
8.44,5.308,0.578,0.0,18.7
8.46,5.33,0.576,0.0,18.7
8.48,5.353,0.574,0.0,18.7
8.5,5.374,0.572,0.0,18.7
8.52,5.397,0.572,0.0,18.7
8.54,5.419,0.571,0.0,18.7
8.56,5.444,0.569,0.0,18.7
8.58,5.466,0.567,0.0,18.7
8.6,5.489,0.567,0.0,18.7
8.62,5.512,0.565,0.0,18.7
8.64,5.534,0.565,0.0,18.7
8.66,5.557,0.564,0.0,18.7
8.68,5.58,0.564,0.0,18.7
8.7,5.603,0.562,0.0,18.7
8.72,5.625,0.562,0.0,18.7
8.74,5.648,0.562,0.0,18.7
8.76,5.671,0.56,0.0,18.7
8.78,5.693,0.56,0.0,18.7
8.8,5.716,0.56,0.0,18.7
8.82,5.739,0.56,0.0,18.7
8.84,5.763,0.559,0.0,18.7
8.86,5.786,0.559,0.0,18.7
8.88,5.808,0.559,0.0,18.7
8.9,5.831,0.559,0.0,18.7
8.92,5.854,0.559,0.0,18.7
8.94,5.877,0.559,0.0,18.7
8.96,5.901,0.559,0.0,18.7
8.98,5.924,0.559,0.0,18.7
9.0,5.946,0.559,0.0,18.7
9.02,5.969,0.559,0.0,18.7
9.04,5.992,0.559,0.0,18.7
9.06,6.016,0.559,0.0,18.7
9.08,6.039,0.557,0.0,18.7
9.1,6.062,0.557,0.0,18.7
9.12,6.084,0.557,0.0,18.7
9.14,6.107,0.557,0.0,18.7
9.16,6.131,0.559,0.0,18.7
9.18,6.154,0.559,0.0,18.7
9.2,6.177,0.559,0.0,18.7
9.22,6.201,0.56,0.0,18.7
9.24,6.224,0.56,0.0,18.7
9.26,6.247,0.56,0.0,18.7
9.28,6.269,0.562,0.0,18.7
9.3,6.294,0.562,0.0,18.7
9.32,6.316,0.562,0.0,18.7
9.34,6.339,0.564,0.0,18.7
9.36,6.363,0.564,0.0,18.7
9.38,6.386,0.565,0.0,18.7
9.4,6.411,0.565,0.0,18.7
9.42,6.433,0.567,0.0,18.7
9.44,6.456,0.567,0.0,18.7
9.46,6.48,0.569,0.0,18.7
9.48,6.503,0.569,0.0,18.7
9.5,6.528,0.571,0.0,18.7
9.52,6.55,0.571,0.0,18.7
9.54,6.575,0.571,0.0,18.7
9.56,6.597,0.572,0.0,18.7
9.58,6.622,0.572,0.0,18.7
9.6,6.644,0.574,0.0,18.7
9.62,6.669,0.574,0.0,18.7
9.64,6.693,0.576,0.0,18.7
9.66,6.716,0.576,0.0,18.7
9.68,6.74,0.578,0.0,18.7
9.7,6.763,0.578,0.0,18.7
9.72,6.788,0.579,0.0,18.7
9.74,6.812,0.579,0.0,18.7
9.76,6.836,0.581,0.0,18.7
9.78,6.859,0.581,0.0,18.7
9.8,6.884,0.581,0.0,18.7
9.82,6.908,0.583,0.0,18.7
9.84,6.932,0.583,0.0,18.7
9.86,6.957,0.585,0.0,18.7
9.88,6.981,0.585,0.0,18.7
9.9,7.004,0.585,0.0,18.7
9.92,7.028,0.586,0.0,18.7
9.94,7.053,0.586,0.0,18.7
9.96,7.077,0.586,0.0,18.7
9.98,7.102,0.586,0.0,18.7
10.0,7.126,0.588,0.0,18.7
10.02,7.152,0.588,0.0,18.7
10.04,7.177,0.588,0.0,18.7
10.06,7.201,0.588,0.0,18.7
10.08,7.226,0.59,0.0,18.7
10.1,7.25,0.59,0.0,18.7
10.12,7.275,0.59,0.0,18.7
10.14,7.301,0.59,0.0,18.7
10.16,7.325,0.59,0.0,18.7
10.18,7.35,0.59,0.0,18.7
10.2,7.374,0.59,0.0,18.7
10.22,7.4,0.59,0.0,18.7
10.24,7.425,0.59,0.0,18.7
10.26,7.449,0.59,0.0,18.7
10.28,7.475,0.592,0.0,18.7
10.3,7.5,0.592,0.0,18.7
10.32,7.524,0.592,0.0,18.7
10.34,7.55,0.592,0.0,18.7
10.36,7.575,0.592,0.0,18.7
10.38,7.601,0.592,0.0,18.7
10.4,7.625,0.592,0.0,18.7
10.42,7.65,0.592,0.0,18.7
10.44,7.676,0.593,0.0,18.7
10.46,7.7,0.593,0.0,18.7
10.48,7.727,0.593,0.0,18.7
10.5,7.753,0.593,0.0,18.7
10.52,7.777,0.593,0.0,18.7
10.54,7.803,0.593,0.0,18.7
10.56,7.828,0.593,0.0,18.7
10.58,7.854,0.593,0.0,18.7
10.6,7.88,0.592,0.0,18.7
10.62,7.905,0.592,0.0,18.7
10.64,7.931,0.592,0.0,18.7
10.66,7.957,0.592,0.0,18.7
10.68,7.981,0.592,0.0,18.7
10.7,8.008,0.59,0.0,18.7
10.72,8.034,0.59,0.0,18.7
10.74,8.058,0.59,0.0,18.7
10.76,8.084,0.59,0.0,18.7
10.78,8.111,0.59,0.0,18.7
10.8,8.137,0.588,0.0,18.7
10.82,8.163,0.588,0.0,18.7
10.84,8.187,0.588,0.0,18.7
10.86,8.214,0.588,0.0,18.7
10.88,8.24,0.588,0.0,18.7
10.9,8.266,0.586,0.0,18.7
10.92,8.292,0.586,0.0,18.7
10.94,8.318,0.586,0.0,18.7
10.96,8.344,0.586,0.0,18.7
10.98,8.371,0.586,0.0,18.7
11.0,8.397,0.586,0.0,18.7
11.02,8.425,0.586,0.0,18.7
11.04,8.451,0.586,0.0,18.7
11.06,8.477,0.585,0.0,18.7
11.08,8.503,0.585,0.0,18.7
11.1,8.529,0.585,0.0,18.7
11.12,8.556,0.585,0.0,18.7
11.14,8.582,0.585,0.0,18.7
11.16,8.61,0.585,0.0,18.7
11.18,8.636,0.585,0.0,18.7
11.2,8.662,0.585,0.0,18.7
11.22,8.69,0.585,0.0,18.7
11.24,8.716,0.585,0.0,18.7
11.26,8.744,0.585,0.0,18.7
11.28,8.77,0.585,0.0,18.7
11.3,8.796,0.585,0.0,18.7
11.32,8.824,0.585,0.0,18.7
11.34,8.851,0.585,0.0,18.7
11.36,8.878,0.585,0.0,18.7
11.38,8.905,0.585,0.0,18.7
11.4,8.933,0.583,0.0,18.7
11.42,8.959,0.583,0.0,18.7
11.44,8.987,0.583,0.0,18.7
11.46,9.015,0.583,0.0,18.7
11.48,9.041,0.583,0.0,18.7
11.5,9.069,0.583,0.0,18.7
11.52,9.097,0.583,0.0,18.7
11.54,9.123,0.583,0.0,18.7
11.56,9.151,0.583,0.0,18.7
11.58,9.179,0.583,0.0,18.7
11.6,9.207,0.583,0.0,18.7
11.62,9.235,0.583,0.0,18.7
11.64,9.262,0.583,0.0,18.7
11.66,9.29,0.583,0.0,18.7
11.68,9.318,0.583,0.0,18.7
11.7,9.346,0.583,0.0,18.7
11.72,9.372,0.583,0.0,18.7
11.74,9.4,0.583,0.0,18.7
11.76,9.428,0.583,0.0,18.7
11.78,9.456,0.583,0.0,18.7
11.8,9.484,0.583,0.0,18.7
11.82,9.512,0.583,0.0,18.7
11.84,9.54,0.583,0.0,18.7
11.86,9.568,0.583,0.0,18.7
11.88,9.596,0.583,0.0,18.7
11.9,9.625,0.583,0.0,18.7
11.92,9.653,0.583,0.0,18.7
11.94,9.681,0.583,0.0,18.7
11.96,9.709,0.583,0.0,18.7
11.98,9.737,0.583,0.0,18.7
12.0,9.765,0.583,0.0,18.7
12.02,9.795,0.583,0.0,18.7
12.04,9.823,0.583,6.0,18.7
12.06,9.851,0.583,6.0,18.7
12.08,9.88,0.581,6.0,18.7
12.1,9.908,0.581,6.0,18.7
12.12,9.936,0.583,6.0,18.7
12.14,9.964,0.583,6.0,18.7
12.16,9.994,0.583,6.0,18.7
12.18,10.022,0.583,6.0,18.7
12.2,10.05,0.583,6.0,18.7
12.22,10.078,0.583,6.0,18.7
12.24,10.105,0.583,6.0,18.7
12.26,10.133,0.581,6.0,18.7
12.28,10.161,0.581,6.0,18.7
12.3,10.189,0.581,6.0,18.7
12.32,10.217,0.581,6.0,18.7
12.34,10.245,0.579,6.0,18.7
12.36,10.273,0.579,6.0,18.7
12.38,10.301,0.579,6.0,18.7
12.4,10.327,0.579,6.0,18.7
12.42,10.355,0.579,6.0,18.7
12.44,10.383,0.578,6.0,18.7
12.46,10.409,0.578,6.0,18.7
12.48,10.437,0.578,6.0,18.7
12.5,10.463,0.578,6.0,18.7
12.52,10.491,0.576,6.0,18.7
12.54,10.517,0.576,6.0,18.7
12.56,10.544,0.576,6.0,18.7
12.58,10.571,0.576,6.0,18.7
12.6,10.598,0.576,6.0,18.7
12.62,10.624,0.576,6.0,18.7
12.64,10.65,0.572,6.0,18.7
12.66,10.676,0.574,6.0,18.7
12.68,10.702,0.574,6.0,18.7
12.7,10.727,0.574,6.0,18.7
12.72,10.753,0.574,6.0,18.7
12.74,10.779,0.574,6.0,18.7
12.76,10.804,0.574,6.0,18.7
12.78,10.828,0.574,6.0,18.7
12.8,10.854,0.572,6.0,18.7
12.82,10.879,0.572,6.0,18.7
12.84,10.903,0.572,6.0,18.7
12.86,10.928,0.572,6.0,18.7
12.88,10.952,0.572,6.0,18.7
12.9,10.976,0.572,6.0,18.7
12.92,11.001,0.572,6.0,18.7
12.94,11.025,0.572,6.0,18.7
12.96,11.048,0.571,6.0,18.7
12.98,11.072,0.571,6.0,18.7
13.0,11.095,0.571,6.0,18.7
13.02,11.119,0.571,6.0,18.7
13.04,11.142,0.571,6.0,18.7
13.06,11.165,0.571,6.0,18.7
13.08,11.188,0.571,6.0,18.7
13.1,11.212,0.571,6.0,18.7
13.12,11.235,0.572,6.0,18.7
13.14,11.256,0.572,6.0,18.7
13.16,11.278,0.572,6.0,18.7
13.18,11.301,0.572,6.0,18.7
13.2,11.324,0.572,6.0,18.7
13.22,11.345,0.572,6.0,18.7
13.24,11.367,0.574,6.0,18.7
13.26,11.388,0.574,6.0,18.7
13.28,11.409,0.574,6.0,18.7
13.3,11.432,0.574,6.0,18.7
13.32,11.453,0.576,6.0,18.7
13.34,11.474,0.576,6.0,18.7
13.36,11.495,0.576,6.0,18.7
13.38,11.516,0.576,6.0,18.7
13.4,11.537,0.576,6.0,18.7
13.42,11.558,0.578,6.0,18.7
13.44,11.577,0.578,6.0,18.7
13.46,11.598,0.578,6.0,18.7
13.48,11.619,0.578,6.0,18.7
13.5,11.638,0.578,6.0,18.7
13.52,11.659,0.578,6.0,18.7
13.54,11.678,0.579,6.0,18.7
13.56,11.697,0.579,6.0,18.7
13.58,11.718,0.579,6.0,18.7
13.6,11.737,0.579,6.0,18.7
13.62,11.757,0.579,6.0,18.7
13.64,11.776,0.579,6.0,18.7
13.66,11.795,0.579,6.0,18.7
13.68,11.814,0.579,6.0,18.7
13.7,11.832,0.579,6.0,18.7
13.72,11.851,0.579,6.0,18.7
13.74,11.87,0.579,6.0,18.7
13.76,11.887,0.579,6.0,18.7
13.78,11.907,0.579,6.0,18.7
13.8,11.924,0.579,6.0,18.7
13.82,11.943,0.579,6.0,18.7
13.84,11.961,0.579,6.0,18.7
13.86,11.978,0.579,6.0,18.7
13.88,11.996,0.579,6.0,18.7
13.9,12.013,0.579,6.0,18.7
13.92,12.031,0.579,6.0,18.7
13.94,12.048,0.579,6.0,18.7
13.96,12.065,0.579,6.0,18.7
13.98,12.083,0.579,6.0,18.7
14.0,12.1,0.579,6.0,18.7
14.02,12.116,0.581,6.0,18.7
14.04,12.134,0.581,6.0,18.7
14.06,12.149,0.581,6.0,18.7
14.08,12.167,0.581,6.0,18.7
14.1,12.182,0.581,6.0,18.7
14.12,12.198,0.581,6.0,18.7
14.14,12.214,0.581,6.0,18.7
14.16,12.23,0.581,6.0,18.7
14.18,12.245,0.581,6.0,18.7
14.2,12.261,0.581,6.0,18.7
14.22,12.277,0.581,6.0,18.7
14.24,12.291,0.581,6.0,18.7
14.26,12.306,0.579,6.0,18.7
14.28,12.32,0.579,6.0,18.7
14.3,12.336,0.579,6.0,18.7
14.32,12.35,0.579,6.0,18.7
14.34,12.364,0.579,6.0,18.7
14.36,12.378,0.579,6.0,18.7
14.38,12.392,0.579,6.0,18.7
14.4,12.406,0.579,6.0,18.7
14.42,12.42,0.578,6.0,18.7
14.44,12.434,0.578,6.0,18.7
14.46,12.446,0.578,6.0,18.7
14.48,12.46,0.578,6.0,18.7
14.5,12.474,0.578,6.0,18.7
14.52,12.486,0.578,6.0,18.7
14.54,12.5,0.578,6.0,18.7
14.56,12.512,0.576,6.0,18.7
14.58,12.526,0.576,6.0,18.7
14.6,12.538,0.576,6.0,18.7
14.62,12.551,0.576,6.0,18.7
14.64,12.563,0.574,6.0,18.7
14.66,12.577,0.574,6.0,18.7
14.68,12.589,0.574,6.0,18.7
14.7,12.601,0.574,6.0,18.7
14.72,12.614,0.572,6.0,18.7
14.74,12.624,0.572,6.0,18.7
14.76,12.636,0.572,6.0,18.7
14.78,12.648,0.572,6.0,18.7
14.8,12.661,0.571,6.0,18.7
14.82,12.673,0.571,6.0,18.7
14.84,12.683,0.571,6.0,18.7
14.86,12.696,0.571,6.0,18.7
14.88,12.706,0.571,6.0,18.7
14.9,12.718,0.571,6.0,18.7
14.92,12.729,0.569,6.0,18.7
14.94,12.741,0.569,6.0,18.7
14.96,12.751,0.569,6.0,18.7
14.98,12.762,0.569,6.0,18.7
15.0,12.772,0.569,6.0,18.7
15.02,12.785,0.569,6.0,18.7
15.04,12.795,0.569,6.0,18.7
15.06,12.805,0.569,6.0,18.7
15.08,12.816,0.569,6.0,18.7
15.1,12.825,0.569,6.0,18.7
15.12,12.835,0.569,6.0,18.7
15.14,12.846,0.569,6.0,18.7
15.16,12.856,0.569,6.0,18.7
15.18,12.865,0.569,6.0,18.7
15.2,12.875,0.569,6.0,18.7
15.22,12.884,0.569,6.0,18.7
15.24,12.894,0.569,6.0,18.7
15.26,12.903,0.569,6.0,18.7
15.28,12.912,0.569,6.0,18.7
15.3,12.922,0.569,6.0,18.7
15.32,12.931,0.569,6.0,18.7
15.34,12.94,0.569,6.0,18.7
15.36,12.949,0.569,6.0,18.7
15.38,12.957,0.569,6.0,18.7
15.4,12.966,0.567,6.0,18.7
15.42,12.975,0.567,6.0,18.7
15.44,12.984,0.567,6.0,18.7
15.46,12.99,0.567,6.0,18.7
15.48,12.999,0.567,6.0,18.7
15.5,13.008,0.567,6.0,18.7
15.52,13.015,0.567,6.0,18.7
15.54,13.022,0.567,6.0,18.7
15.56,13.031,0.567,6.0,18.7
15.58,13.038,0.567,6.0,18.7
15.6,13.045,0.567,6.0,18.7
15.62,13.053,0.567,6.0,18.7
15.64,13.06,0.565,6.0,18.7
15.66,13.067,0.565,6.0,18.7
15.68,13.074,0.565,6.0,18.7
15.7,13.081,0.565,6.0,18.7
15.72,13.088,0.565,6.0,18.7
15.74,13.093,0.565,6.0,18.7
15.76,13.1,0.565,6.0,18.7
15.78,13.107,0.565,6.0,18.7
15.8,13.114,0.564,6.0,18.7
15.82,13.12,0.564,6.0,18.7
15.84,13.127,0.564,6.0,18.7
15.86,13.132,0.564,6.0,18.7
15.88,13.139,0.564,6.0,18.7
15.9,13.144,0.564,6.0,18.7
15.92,13.149,0.562,6.0,18.7
15.94,13.156,0.562,6.0,18.7
15.96,13.162,0.562,6.0,18.7
15.98,13.167,0.562,6.0,18.7
16.0,13.172,0.562,6.0,18.7
16.02,13.177,0.56,6.0,18.7
16.04,13.182,0.56,6.0,18.7
16.06,13.188,0.56,6.0,18.7
16.08,13.193,0.56,6.0,18.7
16.1,13.196,0.559,6.0,18.7
16.12,13.202,0.559,6.0,18.7
16.14,13.207,0.559,6.0,18.7
16.16,13.21,0.559,6.0,18.7
16.18,13.216,0.557,6.0,18.7
16.2,13.221,0.557,6.0,18.7
16.22,13.224,0.557,6.0,18.7
16.24,13.228,0.557,6.0,18.7
16.26,13.233,0.555,6.0,18.7
16.28,13.237,0.555,6.0,18.7
16.3,13.24,0.555,6.0,18.7
16.32,13.244,0.553,6.0,18.7
16.34,13.247,0.553,6.0,18.7
16.36,13.251,0.553,6.0,18.7
16.38,13.254,0.553,6.0,18.7
16.4,13.258,0.552,6.0,18.7
16.42,13.259,0.552,6.0,18.7
16.44,13.263,0.552,6.0,18.7
16.46,13.266,0.55,6.0,18.7
16.48,13.268,0.55,6.0,18.7
16.5,13.271,0.55,6.0,18.7
16.52,13.273,0.55,6.0,18.7
16.54,13.275,0.548,6.0,18.7
16.56,13.277,0.548,6.0,18.7
16.58,13.28,0.546,6.0,18.7
16.6,13.282,0.546,6.0,18.7
16.62,13.282,0.546,6.0,18.7
16.64,13.284,0.545,6.0,18.7
16.66,13.285,0.545,6.0,18.7
16.68,13.287,0.545,6.0,18.7
16.7,13.287,0.545,6.0,18.7
16.72,13.289,0.543,6.0,18.7
16.74,13.289,0.543,6.0,18.7
16.76,13.291,0.543,6.0,18.7
16.78,13.291,0.541,6.0,18.7
16.8,13.291,0.541,6.0,18.7
16.82,13.291,0.541,6.0,18.7
16.84,13.291,0.539,6.0,18.7
16.86,13.291,0.539,6.0,18.7
16.88,13.291,0.538,6.0,18.7
16.9,13.291,0.538,6.0,18.7
16.92,13.291,0.538,6.0,18.7
16.94,13.291,0.538,6.0,18.7
16.96,13.289,0.536,6.0,18.7
16.98,13.289,0.536,6.0,18.7
17.0,13.287,0.536,6.0,18.7
17.02,13.287,0.534,6.0,18.7
17.04,13.285,0.534,6.0,18.7
17.06,13.285,0.534,6.0,18.7
17.08,13.284,0.534,6.0,18.7
17.1,13.284,0.532,6.0,18.7
17.12,13.282,0.532,6.0,18.7
17.14,13.28,0.532,6.0,18.7
17.16,13.28,0.531,6.0,18.7
17.18,13.278,0.531,6.0,18.7
17.2,13.277,0.531,6.0,18.7
17.22,13.277,0.531,6.0,18.7
17.24,13.275,0.529,6.0,18.7
17.26,13.275,0.529,6.0,18.7
17.28,13.273,0.529,6.0,18.7
17.3,13.271,0.529,6.0,18.7
17.32,13.271,0.529,6.0,18.7
17.34,13.27,0.529,6.0,18.7
17.36,13.27,0.529,6.0,18.7
17.38,13.268,0.529,6.0,18.7
17.4,13.268,0.529,6.0,18.7
17.42,13.266,0.529,6.0,18.7
17.44,13.266,0.529,6.0,18.7
17.46,13.265,0.529,6.0,18.7
17.48,13.265,0.529,6.0,18.7
17.5,13.263,0.529,6.0,18.7
17.52,13.263,0.529,6.0,18.7
17.54,13.261,0.529,6.0,18.7
17.56,13.259,0.529,6.0,18.7
17.58,13.259,0.529,6.0,18.7
17.6,13.258,0.529,6.0,18.7
17.62,13.258,0.529,6.0,18.7
17.64,13.256,0.529,6.0,18.7
17.66,13.256,0.529,6.0,18.7
17.68,13.254,0.527,6.0,18.7
17.7,13.254,0.527,6.0,18.7
17.72,13.252,0.527,6.0,18.7
17.74,13.252,0.527,6.0,18.7
17.76,13.251,0.527,6.0,18.7
17.78,13.249,0.527,6.0,18.7
17.8,13.249,0.527,6.0,18.7
17.82,13.247,0.527,6.0,18.7
17.84,13.247,0.529,6.0,18.7
17.86,13.245,0.529,6.0,18.7
17.88,13.245,0.529,6.0,18.7
17.9,13.244,0.529,6.0,18.7
17.92,13.242,0.529,6.0,18.7
17.94,13.242,0.529,6.0,18.7
17.96,13.24,0.531,6.0,18.7
17.98,13.24,0.531,6.0,18.7
18.0,13.238,0.531,6.0,18.7
18.02,13.237,0.531,6.0,18.7
18.04,13.237,0.531,6.0,18.7
18.06,13.235,0.531,6.0,18.7
18.08,13.233,0.532,6.0,18.7
18.1,13.233,0.532,6.0,18.7
18.12,13.231,0.532,6.0,18.7
18.14,13.23,0.532,6.0,18.7
18.16,13.23,0.532,6.0,18.7
18.18,13.228,0.532,6.0,18.7
18.2,13.228,0.532,6.0,18.7
18.22,13.226,0.534,6.0,18.7
18.24,13.224,0.534,6.0,18.7
18.26,13.223,0.534,6.0,18.7
18.28,13.223,0.534,6.0,18.7
18.3,13.221,0.534,6.0,18.7
18.32,13.219,0.534,6.0,18.7
18.34,13.217,0.536,6.0,18.7
18.36,13.217,0.536,6.0,18.7
18.38,13.216,0.536,6.0,18.7
18.4,13.214,0.536,6.0,18.7
18.42,13.212,0.536,6.0,18.7
18.44,13.21,0.538,6.0,18.7
18.46,13.21,0.538,6.0,18.7
18.48,13.209,0.538,6.0,18.7
18.5,13.207,0.538,6.0,18.7
18.52,13.205,0.538,6.0,18.7
18.54,13.203,0.539,6.0,18.7
18.56,13.203,0.539,6.0,18.7
18.58,13.202,0.539,6.0,18.7
18.6,13.2,0.539,6.0,18.7
18.62,13.198,0.539,6.0,18.7
18.64,13.196,0.539,6.0,18.7
18.66,13.195,0.541,6.0,18.7
18.68,13.193,0.541,6.0,18.7
18.7,13.191,0.541,6.0,18.7
18.72,13.189,0.541,6.0,18.7
18.74,13.188,0.541,6.0,18.7
18.76,13.186,0.543,6.0,18.7
18.78,13.184,0.543,6.0,18.7
18.8,13.182,0.543,6.0,18.7
18.82,13.181,0.543,6.0,18.7
18.84,13.179,0.545,6.0,18.7
18.86,13.177,0.545,6.0,18.7
18.88,13.175,0.545,6.0,18.7
18.9,13.174,0.545,6.0,18.7
18.92,13.172,0.546,6.0,18.7
18.94,13.17,0.546,6.0,18.7
18.96,13.169,0.546,6.0,18.7
18.98,13.167,0.546,6.0,18.7
19.0,13.165,0.548,6.0,18.7
19.02,13.163,0.548,6.0,18.7
19.04,13.162,0.548,6.0,18.7
19.06,13.158,0.548,6.0,18.7
19.08,13.156,0.55,6.0,18.7
19.1,13.155,0.55,6.0,18.7
19.12,13.153,0.55,6.0,18.7
19.14,13.151,0.55,6.0,18.7
19.16,13.148,0.552,6.0,18.7
19.18,13.146,0.552,6.0,18.7
19.2,13.144,0.552,6.0,18.7
19.22,13.142,0.552,6.0,18.7
19.24,13.139,0.553,6.0,18.7
19.26,13.137,0.553,6.0,18.7
19.28,13.135,0.553,6.0,18.7
19.3,13.132,0.553,6.0,18.7
19.32,13.13,0.553,6.0,18.7
19.34,13.128,0.555,6.0,18.7
19.36,13.125,0.555,6.0,18.7
19.38,13.123,0.555,6.0,18.7
19.4,13.121,0.555,6.0,18.7
19.42,13.118,0.555,6.0,18.7
19.44,13.116,0.555,6.0,18.7
19.46,13.113,0.557,6.0,18.7
19.48,13.111,0.557,6.0,18.7
19.5,13.107,0.557,6.0,18.7
19.52,13.106,0.557,6.0,18.7
19.54,13.102,0.557,6.0,18.7
19.56,13.1,0.557,6.0,18.7
19.58,13.097,0.559,6.0,18.7
19.6,13.095,0.559,6.0,18.7
19.62,13.092,0.559,6.0,18.7
19.64,13.088,0.559,6.0,18.7
19.66,13.086,0.559,6.0,18.7
19.68,13.083,0.559,6.0,18.7
19.7,13.08,0.559,6.0,18.7
19.72,13.078,0.559,6.0,18.7
19.74,13.074,0.559,6.0,18.7
19.76,13.071,0.559,6.0,18.7
19.78,13.069,0.559,6.0,18.7
19.8,13.066,0.559,6.0,18.7
19.82,13.062,0.559,6.0,18.7
19.84,13.059,0.559,6.0,18.7
19.86,13.055,0.559,6.0,18.7
19.88,13.053,0.559,6.0,18.7
19.9,13.05,0.559,6.0,18.7
19.92,13.046,0.559,6.0,18.7
19.94,13.043,0.559,6.0,18.7
19.96,13.039,0.559,6.0,18.7
19.98,13.036,0.559,6.0,18.7
20.0,13.032,0.559,6.0,18.7
20.02,13.029,0.559,0.0,18.7
20.04,13.025,0.559,0.0,18.687
20.06,13.022,0.559,0.0,18.673
20.08,13.018,0.559,0.0,18.66
20.1,13.015,0.559,0.0,18.647
20.12,13.011,0.559,0.0,18.633
20.14,13.008,0.559,0.0,18.62
20.16,13.004,0.559,0.0,18.607
20.18,13.001,0.559,0.0,18.593
20.2,12.997,0.559,0.0,18.58
20.22,12.996,0.559,0.0,18.567
20.24,12.992,0.56,0.0,18.553
20.26,12.989,0.56,0.0,18.54
20.28,12.985,0.56,0.0,18.527
20.3,12.984,0.56,0.0,18.513
20.32,12.98,0.56,0.0,18.5
20.34,12.977,0.56,0.0,18.487
20.36,12.975,0.56,0.0,18.473
20.38,12.973,0.56,0.0,18.46
20.4,12.97,0.562,0.0,18.447
20.42,12.968,0.562,0.0,18.433
20.44,12.966,0.562,0.0,18.42
20.46,12.964,0.562,0.0,18.407
20.48,12.963,0.562,0.0,18.393
20.5,12.961,0.562,0.0,18.38
20.52,12.959,0.562,0.0,18.367
20.54,12.957,0.562,0.0,18.353
20.56,12.956,0.562,0.0,18.34
20.58,12.954,0.562,0.0,18.327
20.6,12.954,0.562,0.0,18.313
20.62,12.952,0.562,0.0,18.3
20.64,12.952,0.562,0.0,18.287
20.66,12.95,0.562,0.0,18.273
20.68,12.95,0.562,0.0,18.26
20.7,12.95,0.562,0.0,18.247
20.72,12.95,0.564,0.0,18.233
20.74,12.95,0.564,0.0,18.22
20.76,12.95,0.564,0.0,18.207
20.78,12.95,0.564,0.0,18.193
20.8,12.95,0.564,0.0,18.18
20.82,12.952,0.564,0.0,18.167
20.84,12.952,0.562,0.0,18.153
20.86,12.952,0.562,0.0,18.14
20.88,12.954,0.562,0.0,18.127
20.9,12.954,0.562,0.0,18.113
20.92,12.956,0.56,0.0,18.1
20.94,12.956,0.56,0.0,18.087
20.96,12.957,0.56,0.0,18.073
20.98,12.959,0.559,0.0,18.06
21.0,12.959,0.559,0.0,18.047
21.02,12.961,0.559,0.0,18.033
21.04,12.963,0.559,0.0,18.02
21.06,12.964,0.557,0.0,18.007
21.08,12.964,0.557,0.0,17.993
21.1,12.966,0.557,0.0,17.98
21.12,12.968,0.555,0.0,17.967
21.14,12.97,0.553,0.0,17.953
21.16,12.971,0.553,0.0,17.94
21.18,12.971,0.552,0.0,17.927
21.2,12.973,0.552,0.0,17.913
21.22,12.975,0.552,0.0,17.9
21.24,12.977,0.55,0.0,17.887
21.26,12.978,0.548,0.0,17.873
21.28,12.98,0.548,0.0,17.86
21.3,12.982,0.546,0.0,17.847
21.32,12.984,0.546,0.0,17.833
21.34,12.985,0.545,0.0,17.82
21.36,12.987,0.543,0.0,17.807
21.38,12.989,0.543,0.0,17.793
21.4,12.99,0.541,0.0,17.78
21.42,12.992,0.539,0.0,17.767
21.44,12.994,0.538,0.0,17.753
21.46,12.996,0.538,0.0,17.74
21.48,12.997,0.536,0.0,17.727
21.5,12.999,0.534,0.0,17.713
21.52,13.001,0.532,0.0,17.7
21.54,13.004,0.532,0.0,17.687
21.56,13.006,0.531,0.0,17.673
21.58,13.008,0.531,0.0,17.66
21.6,13.01,0.527,0.0,17.647
21.62,13.011,0.525,0.0,17.633
21.64,13.013,0.525,0.0,17.62
21.66,13.015,0.524,0.0,17.607
21.68,13.018,0.522,0.0,17.593
21.7,13.02,0.52,0.0,17.58
21.72,13.022,0.52,0.0,17.567
21.74,13.024,0.518,0.0,17.553
21.76,13.027,0.517,0.0,17.54
21.78,13.029,0.515,0.0,17.527
21.8,13.032,0.515,0.0,17.513
21.82,13.034,0.511,0.0,17.5
21.84,13.036,0.51,0.0,17.487
21.86,13.038,0.51,0.0,17.473
21.88,13.041,0.506,0.0,17.46
21.9,13.043,0.506,0.0,17.447
21.92,13.046,0.503,0.0,17.433
21.94,13.048,0.503,0.0,17.42
21.96,13.052,0.499,0.0,17.407
21.98,13.053,0.499,0.0,17.393
22.0,13.057,0.497,0.0,17.38
22.02,13.059,0.494,0.0,17.367
22.04,13.062,0.494,0.0,17.353
22.06,13.064,0.49,0.0,17.34
22.08,13.067,0.489,0.0,17.327
22.1,13.069,0.489,0.0,17.313
22.12,13.073,0.485,0.0,17.3
22.14,13.076,0.483,0.0,17.287
22.16,13.078,0.482,0.0,17.273
22.18,13.081,0.48,0.0,17.26
22.2,13.085,0.478,0.0,17.247
22.22,13.086,0.476,0.0,17.233
22.24,13.09,0.475,0.0,17.22
22.26,13.093,0.471,0.0,17.207
22.28,13.095,0.469,0.0,17.193
22.3,13.099,0.468,0.0,17.18
22.32,13.102,0.464,0.0,17.167
22.34,13.106,0.464,0.0,17.153
22.36,13.109,0.461,0.0,17.14
22.38,13.113,0.457,0.0,17.127
22.4,13.116,0.457,0.0,17.113
22.42,13.118,0.454,0.0,17.1
22.44,13.121,0.45,0.0,17.087
22.46,13.125,0.45,0.0,17.073
22.48,13.128,0.447,0.0,17.06
22.5,13.132,0.445,0.0,17.047
22.52,13.135,0.443,0.0,17.033
22.54,13.139,0.44,0.0,17.02
22.56,13.142,0.438,0.0,17.007
22.58,13.146,0.435,0.0,16.993
22.6,13.149,0.433,0.0,16.98
22.62,13.153,0.429,0.0,16.967
22.64,13.156,0.429,0.0,16.953
22.66,13.16,0.426,0.0,16.94
22.68,13.163,0.422,0.0,16.927
22.7,13.167,0.421,0.0,16.913
22.72,13.172,0.417,0.0,16.9
22.74,13.175,0.415,0.0,16.887
22.76,13.179,0.412,0.0,16.873
22.78,13.182,0.41,0.0,16.86
22.8,13.186,0.408,0.0,16.847
22.82,13.191,0.405,0.0,16.833
22.84,13.195,0.403,0.0,16.82
22.86,13.198,0.4,0.0,16.807
22.88,13.203,0.398,0.0,16.793
22.9,13.207,0.394,0.0,16.78
22.92,13.21,0.393,0.0,16.767
22.94,13.216,0.389,0.0,16.753
22.96,13.219,0.386,0.0,16.74
22.98,13.224,0.384,0.0,16.727
23.0,13.228,0.38,0.0,16.713
23.02,13.231,0.379,0.0,16.7
23.04,13.237,0.377,0.0,16.687
23.06,13.24,0.374,0.0,16.673
23.08,13.245,0.372,0.0,16.66
23.1,13.251,0.368,0.0,16.647
23.12,13.254,0.367,0.0,16.633
23.14,13.259,0.363,0.0,16.62
23.16,13.263,0.361,0.0,16.607
23.18,13.268,0.36,0.0,16.593
23.2,13.273,0.356,0.0,16.58
23.22,13.277,0.354,0.0,16.567
23.24,13.282,0.349,0.0,16.553
23.26,13.287,0.349,0.0,16.54
23.28,13.292,0.346,0.0,16.527
23.3,13.296,0.342,0.0,16.513
23.32,13.301,0.34,0.0,16.5
23.34,13.306,0.339,0.0,16.487
23.36,13.312,0.335,0.0,16.473
23.38,13.317,0.333,0.0,16.46
23.4,13.322,0.33,0.0,16.447
23.42,13.327,0.326,0.0,16.433
23.44,13.333,0.325,0.0,16.42
23.46,13.338,0.323,0.0,16.407
23.48,13.343,0.319,0.0,16.393
23.5,13.348,0.318,0.0,16.38
23.52,13.354,0.316,0.0,16.367
23.54,13.359,0.312,0.0,16.353
23.56,13.364,0.312,0.0,16.34
23.58,13.371,0.307,0.0,16.327
23.6,13.376,0.307,0.0,16.313
23.62,13.381,0.304,0.0,16.3
23.64,13.388,0.3,0.0,16.287
23.66,13.394,0.298,0.0,16.273
23.68,13.399,0.295,0.0,16.26
23.7,13.406,0.295,0.0,16.247
23.72,13.411,0.291,0.0,16.233
23.74,13.418,0.29,0.0,16.22
23.76,13.423,0.286,0.0,16.207
23.78,13.43,0.286,0.0,16.193
23.8,13.436,0.284,0.0,16.18
23.82,13.443,0.283,0.0,16.167
23.84,13.448,0.279,0.0,16.153
23.86,13.455,0.278,0.0,16.14
23.88,13.462,0.276,0.0,16.127
23.9,13.469,0.276,0.0,16.113
23.92,13.474,0.272,0.0,16.1
23.94,13.481,0.271,0.0,16.087
23.96,13.488,0.269,0.0,16.073
23.98,13.495,0.267,0.0,16.06
24.0,13.502,0.265,0.0,16.047
24.02,13.509,0.264,0.0,16.033
24.04,13.516,0.262,0.0,16.02
24.06,13.521,0.262,0.0,16.007
24.08,13.528,0.258,0.0,15.993
24.1,13.535,0.258,0.0,15.98
24.12,13.542,0.255,0.0,15.967
24.14,13.551,0.255,0.0,15.953
24.16,13.558,0.253,0.0,15.94
24.18,13.565,0.251,0.0,15.927
24.2,13.572,0.25,0.0,15.913
24.22,13.579,0.25,0.0,15.9
24.24,13.587,0.248,0.0,15.887
24.26,13.594,0.248,0.0,15.873
24.28,13.601,0.246,0.0,15.86
24.3,13.608,0.244,0.0,15.847
24.32,13.617,0.244,0.0,15.833
24.34,13.624,0.243,0.0,15.82
24.36,13.631,0.241,0.0,15.807
24.38,13.64,0.241,0.0,15.793
24.4,13.647,0.237,0.0,15.78
24.42,13.655,0.239,0.0,15.767
24.44,13.662,0.237,0.0,15.753
24.46,13.671,0.237,0.0,15.74
24.48,13.678,0.236,0.0,15.727
24.5,13.687,0.236,0.0,15.713
24.52,13.694,0.236,0.0,15.7
24.54,13.703,0.234,0.0,15.687
24.56,13.711,0.234,0.0,15.673
24.58,13.718,0.234,0.0,15.66
24.6,13.727,0.232,0.0,15.647
24.62,13.736,0.232,0.0,15.633
24.64,13.743,0.232,0.0,15.62
24.66,13.751,0.232,0.0,15.607
24.68,13.76,0.23,0.0,15.593
24.7,13.769,0.23,0.0,15.58
24.72,13.778,0.23,0.0,15.567
24.74,13.785,0.23,0.0,15.553
24.76,13.793,0.23,0.0,15.54
24.78,13.802,0.229,0.0,15.527
24.8,13.811,0.229,0.0,15.513
24.82,13.82,0.229,0.0,15.5
24.84,13.828,0.229,0.0,15.487
24.86,13.837,0.229,0.0,15.473
24.88,13.846,0.229,0.0,15.46
24.9,13.854,0.229,0.0,15.447
24.92,13.865,0.229,0.0,15.433
24.94,13.874,0.227,0.0,15.42
24.96,13.882,0.227,0.0,15.407
24.98,13.891,0.227,0.0,15.393
25.0,13.9,0.227,0.0,15.38
25.02,13.91,0.227,0.0,15.367
25.04,13.919,0.227,0.0,15.353
25.06,13.928,0.227,0.0,15.34
25.08,13.936,0.227,0.0,15.327
25.1,13.947,0.227,0.0,15.313
25.12,13.956,0.227,0.0,15.3
25.14,13.966,0.227,0.0,15.287
25.16,13.975,0.227,0.0,15.273
25.18,13.984,0.227,0.0,15.26
25.2,13.994,0.227,0.0,15.247
25.22,14.005,0.227,0.0,15.233
25.24,14.013,0.227,0.0,15.22
25.26,14.024,0.227,0.0,15.207
25.28,14.032,0.227,0.0,15.193
25.3,14.043,0.227,0.0,15.18
25.32,14.053,0.227,0.0,15.167
25.34,14.062,0.227,0.0,15.153
25.36,14.073,0.227,0.0,15.14
25.38,14.083,0.227,0.0,15.127
25.4,14.094,0.227,0.0,15.113
25.42,14.102,0.227,0.0,15.1
25.44,14.113,0.227,0.0,15.087
25.46,14.123,0.227,0.0,15.073
25.48,14.134,0.227,0.0,15.06
25.5,14.144,0.227,0.0,15.047
25.52,14.155,0.227,0.0,15.033
25.54,14.165,0.227,0.0,15.02
25.56,14.176,0.227,0.0,15.007
25.58,14.186,0.227,0.0,14.993
25.6,14.197,0.227,0.0,14.98
25.62,14.207,0.227,0.0,14.967
25.64,14.217,0.227,0.0,14.953
25.66,14.228,0.227,0.0,14.94
25.68,14.238,0.227,0.0,14.927
25.7,14.251,0.225,0.0,14.913
25.72,14.261,0.225,0.0,14.9
25.74,14.272,0.225,0.0,14.887
25.76,14.284,0.225,0.0,14.873
25.78,14.294,0.225,0.0,14.86
25.8,14.305,0.225,0.0,14.847
25.82,14.317,0.225,0.0,14.833
25.84,14.327,0.225,0.0,14.82
25.86,14.34,0.225,0.0,14.807
25.88,14.35,0.225,0.0,14.793
25.9,14.362,0.223,0.0,14.78
25.92,14.373,0.223,0.0,14.767
25.94,14.385,0.223,0.0,14.753
25.96,14.397,0.223,0.0,14.74
25.98,14.408,0.223,0.0,14.727
26.0,14.42,0.223,0.0,14.713
26.02,14.432,0.223,0.0,14.7
26.04,14.443,0.222,0.0,14.687
26.06,14.455,0.222,0.0,14.673
26.08,14.467,0.222,0.0,14.66
26.1,14.479,0.222,0.0,14.647
26.12,14.491,0.222,0.0,14.633
26.14,14.504,0.22,0.0,14.62
26.16,14.516,0.22,0.0,14.607
26.18,14.528,0.22,0.0,14.593
26.2,14.54,0.22,0.0,14.58
26.22,14.553,0.22,0.0,14.567
26.24,14.567,0.218,0.0,14.553
26.26,14.579,0.218,0.0,14.54
26.28,14.591,0.218,0.0,14.527
26.3,14.603,0.218,0.0,14.513
26.32,14.617,0.216,0.0,14.5
26.34,14.629,0.216,0.0,14.487
26.36,14.642,0.216,0.0,14.473
26.38,14.656,0.215,0.0,14.46
26.4,14.668,0.215,0.0,14.447
26.42,14.68,0.215,0.0,14.433
26.44,14.694,0.213,0.0,14.42
26.46,14.708,0.213,0.0,14.407
26.48,14.72,0.213,0.0,14.393
26.5,14.734,0.211,0.0,14.38
26.52,14.748,0.211,0.0,14.367
26.54,14.76,0.211,0.0,14.353
26.56,14.774,0.209,0.0,14.34
26.58,14.788,0.209,0.0,14.327
26.6,14.802,0.209,0.0,14.313
26.62,14.816,0.208,0.0,14.3
26.64,14.828,0.208,0.0,14.287
26.66,14.844,0.208,0.0,14.273
26.68,14.858,0.206,0.0,14.26
26.7,14.87,0.206,0.0,14.247
26.72,14.886,0.206,0.0,14.233
26.74,14.9,0.204,0.0,14.22
26.76,14.914,0.204,0.0,14.207
26.78,14.928,0.204,0.0,14.193
26.8,14.944,0.202,0.0,14.18
26.82,14.957,0.202,0.0,14.167
26.84,14.971,0.202,0.0,14.153
26.86,14.987,0.201,0.0,14.14
26.88,15.001,0.201,0.0,14.127
26.9,15.017,0.201,0.0,14.113
26.92,15.031,0.199,0.0,14.1
26.94,15.046,0.199,0.0,14.087
26.96,15.06,0.199,0.0,14.073
26.98,15.076,0.197,0.0,14.06
27.0,15.092,0.197,0.0,14.047
27.02,15.106,0.197,0.0,14.033
27.04,15.122,0.195,0.0,14.02
27.06,15.137,0.195,0.0,14.007
27.08,15.153,0.195,0.0,13.993
27.1,15.167,0.195,0.0,13.98
27.12,15.183,0.195,0.0,13.967
27.14,15.198,0.195,0.0,13.953
27.16,15.214,0.195,0.0,13.94
27.18,15.23,0.194,0.0,13.927
27.2,15.245,0.194,0.0,13.913
27.22,15.261,0.194,0.0,13.9
27.24,15.277,0.194,0.0,13.887
27.26,15.293,0.194,0.0,13.873
27.28,15.308,0.194,0.0,13.86
27.3,15.324,0.194,0.0,13.847
27.32,15.34,0.194,0.0,13.833
27.34,15.355,0.194,0.0,13.82
27.36,15.371,0.194,0.0,13.807
27.38,15.387,0.194,0.0,13.793
27.4,15.403,0.194,0.0,13.78
27.42,15.418,0.194,0.0,13.767
27.44,15.434,0.194,0.0,13.753
27.46,15.451,0.194,0.0,13.74
27.48,15.467,0.194,0.0,13.727
27.5,15.483,0.192,0.0,13.713
27.52,15.499,0.192,0.0,13.7
27.54,15.514,0.192,0.0,13.687
27.56,15.532,0.192,0.0,13.673
27.58,15.547,0.192,0.0,13.66
27.6,15.563,0.192,0.0,13.647
27.62,15.579,0.194,0.0,13.633
27.64,15.596,0.194,0.0,13.62
27.66,15.612,0.194,0.0,13.607
27.68,15.628,0.194,0.0,13.593
27.7,15.645,0.195,0.0,13.58
27.72,15.661,0.195,0.0,13.567
27.74,15.678,0.195,0.0,13.553
27.76,15.694,0.195,0.0,13.54
27.78,15.71,0.195,0.0,13.527
27.8,15.727,0.197,0.0,13.513
27.82,15.743,0.197,0.0,13.5
27.84,15.759,0.199,0.0,13.487
27.86,15.776,0.199,0.0,13.473
27.88,15.792,0.199,0.0,13.46
27.9,15.807,0.199,0.0,13.447
27.92,15.825,0.201,0.0,13.433
27.94,15.841,0.201,0.0,13.42
27.96,15.858,0.201,0.0,13.407
27.98,15.874,0.202,0.0,13.393
28.0,15.891,0.202,0.0,13.38
28.02,15.907,0.202,0.0,13.367
28.04,15.924,0.204,0.0,13.353
28.06,15.94,0.204,0.0,13.34
28.08,15.956,0.204,0.0,13.327
28.1,15.973,0.206,0.0,13.313
28.12,15.989,0.206,0.0,13.3
28.14,16.006,0.206,0.0,13.287
28.16,16.022,0.208,0.0,13.273
28.18,16.04,0.208,0.0,13.26
28.2,16.055,0.208,0.0,13.247
28.22,16.073,0.209,0.0,13.233
28.24,16.088,0.209,0.0,13.22
28.26,16.106,0.209,0.0,13.207
28.28,16.122,0.209,0.0,13.193
28.3,16.137,0.209,0.0,13.18
28.32,16.155,0.211,0.0,13.167
28.34,16.17,0.211,0.0,13.153
28.36,16.188,0.211,0.0,13.14
28.38,16.204,0.211,0.0,13.127
28.4,16.219,0.211,0.0,13.113
28.42,16.237,0.211,0.0,13.1
28.44,16.253,0.211,0.0,13.087
28.46,16.27,0.213,0.0,13.073
28.48,16.286,0.213,0.0,13.06
28.5,16.303,0.213,0.0,13.047
28.52,16.319,0.213,0.0,13.033
28.54,16.336,0.213,0.0,13.02
28.56,16.352,0.213,0.0,13.007
28.58,16.369,0.213,0.0,12.993
28.6,16.385,0.215,0.0,12.98
28.62,16.403,0.215,0.0,12.967
28.64,16.418,0.215,0.0,12.953
28.66,16.434,0.215,0.0,12.94
28.68,16.451,0.215,0.0,12.927
28.7,16.467,0.215,0.0,12.913
28.72,16.485,0.213,0.0,12.9
28.74,16.502,0.213,0.0,12.887
28.76,16.518,0.213,0.0,12.873
28.78,16.534,0.213,0.0,12.86
28.8,16.551,0.211,0.0,12.847
28.82,16.567,0.211,0.0,12.833
28.84,16.584,0.211,0.0,12.82
28.86,16.6,0.209,0.0,12.807
28.88,16.617,0.209,0.0,12.793
28.9,16.633,0.208,0.0,12.78
28.92,16.65,0.208,0.0,12.767
28.94,16.666,0.208,0.0,12.753
28.96,16.684,0.206,0.0,12.74
28.98,16.699,0.204,0.0,12.727
29.0,16.717,0.204,0.0,12.713
29.02,16.732,0.202,0.0,12.7
29.04,16.75,0.201,0.0,12.687
29.06,16.766,0.201,0.0,12.673
29.08,16.783,0.199,0.0,12.66
29.1,16.801,0.199,0.0,12.647
29.12,16.816,0.197,0.0,12.633
29.14,16.834,0.195,0.0,12.62
29.16,16.849,0.194,0.0,12.607
29.18,16.867,0.194,0.0,12.593
29.2,16.883,0.19,0.0,12.58
29.22,16.9,0.19,0.0,12.567
29.24,16.917,0.188,0.0,12.553
29.26,16.933,0.187,0.0,12.54
29.28,16.951,0.185,0.0,12.527
29.3,16.966,0.185,0.0,12.513
29.32,16.984,0.182,0.0,12.5
29.34,17.001,0.182,0.0,12.487
29.36,17.017,0.178,0.0,12.473
29.38,17.034,0.176,0.0,12.46
29.4,17.05,0.175,0.0,12.447
29.42,17.068,0.173,0.0,12.433
29.44,17.085,0.171,0.0,12.42
29.46,17.101,0.169,0.0,12.407
29.48,17.118,0.169,0.0,12.393
29.5,17.134,0.166,0.0,12.38
29.52,17.151,0.164,0.0,12.367
29.54,17.169,0.162,0.0,12.353
29.56,17.185,0.161,0.0,12.34
29.58,17.202,0.159,0.0,12.327
29.6,17.219,0.157,0.0,12.313
29.62,17.235,0.154,0.0,12.3
29.64,17.253,0.154,0.0,12.287
29.66,17.27,0.15,0.0,12.273
29.68,17.286,0.148,0.0,12.26
29.7,17.303,0.147,0.0,12.247
29.72,17.319,0.143,0.0,12.233
29.74,17.336,0.143,0.0,12.22
29.76,17.354,0.14,0.0,12.207
29.78,17.37,0.138,0.0,12.193
29.8,17.387,0.136,0.0,12.18
29.82,17.404,0.134,0.0,12.167
29.84,17.42,0.133,0.0,12.153
29.86,17.438,0.131,0.0,12.14
29.88,17.455,0.127,0.0,12.127
29.9,17.471,0.126,0.0,12.113
29.92,17.488,0.124,0.0,12.1
29.94,17.506,0.122,0.0,12.087
29.96,17.521,0.12,0.0,12.073
29.98,17.539,0.119,0.0,12.06
30.0,17.556,0.115,0.0,12.047
30.02,17.574,0.113,0.0,12.033
30.04,17.589,0.112,0.0,12.02
30.06,17.607,0.11,0.0,12.007
30.08,17.624,0.11,0.0,11.993
30.1,17.642,0.106,0.0,11.98
30.12,17.658,0.103,0.0,11.967
30.14,17.675,0.101,0.0,11.953
30.16,17.692,0.101,0.0,11.94
30.18,17.71,0.099,0.0,11.927
30.2,17.727,0.096,0.0,11.913
30.22,17.743,0.094,0.0,11.9
30.24,17.76,0.093,0.0,11.887
30.26,17.778,0.091,0.0,11.873
30.28,17.795,0.089,0.0,11.86
30.3,17.811,0.089,0.0,11.847
30.32,17.829,0.086,0.0,11.833
30.34,17.846,0.086,0.0,11.82
30.36,17.863,0.082,0.0,11.807
30.38,17.881,0.082,0.0,11.793
30.4,17.898,0.08,0.0,11.78
30.42,17.916,0.079,0.0,11.767
30.44,17.933,0.077,0.0,11.753
30.46,17.949,0.075,0.0,11.74
30.48,17.966,0.075,0.0,11.727
30.5,17.984,0.073,0.0,11.713
30.52,18.001,0.072,0.0,11.7
30.54,18.019,0.07,0.0,11.687
30.56,18.036,0.068,0.0,11.673
30.58,18.054,0.068,0.0,11.66
30.6,18.069,0.066,0.0,11.647
30.62,18.087,0.066,0.0,11.633
30.64,18.104,0.065,0.0,11.62
30.66,18.122,0.063,0.0,11.607
30.68,18.139,0.063,0.0,11.593
30.7,18.157,0.061,0.0,11.58
30.72,18.174,0.061,0.0,11.567
30.74,18.19,0.061,0.0,11.553
30.76,18.207,0.059,0.0,11.54
30.78,18.225,0.058,0.0,11.527
30.8,18.242,0.058,0.0,11.513
30.82,18.26,0.056,0.0,11.5
30.84,18.275,0.056,0.0,11.487
30.86,18.293,0.056,0.0,11.473
30.88,18.31,0.054,0.0,11.46
30.9,18.328,0.054,0.0,11.447
30.92,18.345,0.054,0.0,11.433
30.94,18.361,0.052,0.0,11.42
30.96,18.378,0.052,0.0,11.407
30.98,18.396,0.052,0.0,11.393
31.0,18.413,0.051,0.0,11.38
31.02,18.429,0.051,0.0,11.367
31.04,18.446,0.051,0.0,11.353
31.06,18.464,0.051,0.0,11.34
31.08,18.48,0.049,0.0,11.327
31.1,18.497,0.049,0.0,11.313
31.12,18.514,0.049,0.0,11.3
31.14,18.53,0.049,0.0,11.287
31.16,18.548,0.047,0.0,11.273
31.18,18.565,0.047,0.0,11.26
31.2,18.581,0.047,0.0,11.247
31.22,18.598,0.047,0.0,11.233
31.24,18.614,0.047,0.0,11.22
31.26,18.631,0.045,0.0,11.207
31.28,18.649,0.045,0.0,11.193
31.3,18.665,0.045,0.0,11.18
31.32,18.682,0.045,0.0,11.167
31.34,18.698,0.044,0.0,11.153
31.36,18.715,0.044,0.0,11.14
31.38,18.731,0.044,0.0,11.127
31.4,18.748,0.044,0.0,11.113
31.42,18.764,0.044,0.0,11.1
31.44,18.781,0.044,0.0,11.087
31.46,18.799,0.042,0.0,11.073
31.48,18.815,0.042,0.0,11.06
31.5,18.83,0.042,0.0,11.047
31.52,18.848,0.042,0.0,11.033
31.54,18.864,0.042,0.0,11.02
31.56,18.881,0.042,0.0,11.007
31.58,18.897,0.042,0.0,10.993
31.6,18.912,0.04,0.0,10.98
31.62,18.93,0.04,0.0,10.967
31.64,18.946,0.04,0.0,10.953
31.66,18.961,0.04,0.0,10.94
31.68,18.979,0.04,0.0,10.927
31.7,18.994,0.04,0.0,10.913
31.72,19.012,0.04,0.0,10.9
31.74,19.028,0.038,0.0,10.887
31.76,19.043,0.038,0.0,10.873
31.78,19.059,0.038,0.0,10.86
31.8,19.076,0.038,0.0,10.847
31.82,19.092,0.038,0.0,10.833
31.84,19.108,0.037,0.0,10.82
31.86,19.125,0.037,0.0,10.807
31.88,19.141,0.037,0.0,10.793
31.9,19.157,0.037,0.0,10.78
31.92,19.172,0.035,0.0,10.767
31.94,19.19,0.035,0.0,10.753
31.96,19.206,0.035,0.0,10.74
31.98,19.221,0.035,0.0,10.727
32.0,19.237,0.033,0.0,10.713
32.02,19.254,0.033,0.0,10.7
32.04,19.27,0.033,0.0,10.687
32.06,19.286,0.031,0.0,10.673
32.08,19.302,0.031,0.0,10.66
32.1,19.317,0.031,0.0,10.647
32.12,19.335,0.03,0.0,10.633
32.14,19.35,0.03,0.0,10.62
32.16,19.366,0.03,0.0,10.607
32.18,19.382,0.028,0.0,10.593
32.2,19.399,0.028,0.0,10.58
32.22,19.415,0.026,0.0,10.567
32.24,19.431,0.026,0.0,10.553
32.26,19.446,0.026,0.0,10.54
32.28,19.462,0.024,0.0,10.527
32.3,19.48,0.024,0.0,10.513
32.32,19.495,0.023,0.0,10.5
32.34,19.511,0.023,0.0,10.487
32.36,19.527,0.021,0.0,10.473
32.38,19.544,0.021,0.0,10.46
32.4,19.56,0.019,0.0,10.447
32.42,19.576,0.019,0.0,10.433
32.44,19.591,0.019,0.0,10.42
32.46,19.609,0.019,0.0,10.407
32.48,19.624,0.017,0.0,10.393
32.5,19.64,0.017,0.0,10.38
32.52,19.658,0.016,0.0,10.367
32.54,19.673,0.016,0.0,10.353
32.56,19.689,0.014,0.0,10.34
32.58,19.707,0.014,0.0,10.327
32.6,19.722,0.014,0.0,10.313
32.62,19.738,0.012,0.0,10.3
32.64,19.755,0.01,0.0,10.287
32.66,19.771,0.01,0.0,10.273
32.68,19.787,0.01,0.0,10.26
32.7,19.804,0.009,0.0,10.247
32.72,19.82,0.009,0.0,10.233
32.74,19.837,0.007,0.0,10.22
32.76,19.853,0.007,0.0,10.207
32.78,19.871,0.007,0.0,10.193
32.8,19.886,0.005,0.0,10.18
32.82,19.902,0.005,0.0,10.167
32.84,19.919,0.005,0.0,10.153
32.86,19.935,0.003,0.0,10.14
32.88,19.953,0.003,0.0,10.127
32.9,19.968,0.003,0.0,10.113
32.92,19.986,0.003,0.0,10.1
32.94,20.001,0.003,0.0,10.087
32.96,20.019,0.003,0.0,10.073
32.98,20.035,0.003,0.0,10.06
33.0,20.052,0.003,0.0,10.047
33.02,20.068,0.003,0.0,10.033
33.04,20.085,0.003,0.0,10.02
33.06,20.101,0.003,0.0,10.007
33.08,20.118,0.002,0.0,9.993
33.1,20.134,0.002,0.0,9.98
33.12,20.152,0.002,0.0,9.967
33.14,20.167,0.002,0.0,9.953
33.16,20.185,0.002,0.0,9.94
33.18,20.2,0.002,0.0,9.927
33.2,20.218,0.002,0.0,9.913
33.22,20.234,0.002,0.0,9.9
33.24,20.251,0.002,0.0,9.887
33.26,20.267,0.002,0.0,9.873
33.28,20.284,0.002,0.0,9.86
33.3,20.3,0.0,0.0,9.847
33.32,20.317,0.0,0.0,9.833
33.34,20.335,0.0,0.0,9.82
33.36,20.351,0.0,0.0,9.807
33.38,20.368,0.0,0.0,9.793
33.4,20.384,0.0,0.0,9.78
33.42,20.401,0.0,0.0,9.767
33.44,20.419,0.0,0.0,9.753
33.46,20.434,0.0,0.0,9.74
33.48,20.452,0.0,0.0,9.727
33.5,20.467,0.0,0.0,9.713
33.52,20.485,0.0,0.0,9.7
33.54,20.502,0.0,0.0,9.687
33.56,20.518,0.0,0.0,9.673
33.58,20.536,0.0,0.0,9.66
33.6,20.553,0.0,0.0,9.647
33.62,20.569,0.0,0.0,9.633
33.64,20.586,0.0,0.0,9.62
33.66,20.604,0.0,0.0,9.607
33.68,20.619,0.0,0.0,9.593
33.7,20.637,0.0,0.0,9.58
33.72,20.654,0.0,0.0,9.567
33.74,20.67,0.0,0.0,9.553
33.76,20.687,0.0,0.0,9.54
33.78,20.705,0.0,0.0,9.527
33.8,20.721,0.0,0.0,9.513
33.82,20.738,0.0,0.0,9.5
33.84,20.755,0.0,0.0,9.487
33.86,20.771,0.0,0.0,9.473
33.88,20.789,0.0,0.0,9.46
33.9,20.806,0.0,0.0,9.447
33.92,20.824,0.0,0.0,9.433
33.94,20.841,0.0,0.0,9.42
33.96,20.857,0.0,0.0,9.407
33.98,20.874,0.0,0.0,9.393
34.0,20.892,0.0,0.0,9.38
34.02,20.907,0.0,0.0,-9.333
34.04,20.925,0.0,0.0,-9.347
34.06,20.94,0.0,0.0,-9.36
34.08,20.956,0.0,0.0,-9.373
34.1,20.972,0.0,0.0,-9.387
34.12,20.986,0.0,0.0,-9.4
34.14,21.002,0.0,0.0,-9.413
34.16,21.016,0.0,0.0,-9.427
34.18,21.029,0.0,0.0,-9.44
34.2,21.043,0.0,0.0,-9.453
34.22,21.059,0.0,0.0,-9.467
34.24,21.073,0.0,0.0,-9.48
34.26,21.087,0.0,0.0,-9.493
34.28,21.101,0.0,0.0,-9.507
34.3,21.115,0.0,0.0,-9.52
34.32,21.129,0.0,0.0,-9.533
34.34,21.141,0.0,0.0,-9.547
34.36,21.155,0.0,0.0,-9.56
34.38,21.169,0.0,0.0,-9.573
34.4,21.183,0.0,0.0,-9.587
34.42,21.195,0.0,0.0,-9.6
34.44,21.209,0.0,0.0,-9.613
34.46,21.221,0.0,0.0,-9.627
34.48,21.235,0.0,0.0,-9.64
34.5,21.248,0.0,0.0,-9.653
34.52,21.26,0.0,0.0,-9.667
34.54,21.274,0.0,0.0,-9.68
34.56,21.286,0.0,0.0,-9.693
34.58,21.298,0.0,0.0,-9.707
34.6,21.31,0.0,0.0,-9.72
34.62,21.323,0.0,0.0,-9.733
34.64,21.335,0.0,0.0,-9.747
34.66,21.347,0.0,0.0,-9.76
34.68,21.359,0.0,0.0,-9.773
34.7,21.372,0.0,0.0,-9.787
34.72,21.384,0.0,0.0,-9.8
34.74,21.396,0.0,0.0,-9.813
34.76,21.406,0.0,0.0,-9.827
34.78,21.419,0.0,0.0,-9.84
34.8,21.431,0.0,0.0,-9.853
34.82,21.441,0.0,0.0,-9.867
34.84,21.454,0.0,0.0,-9.88
34.86,21.464,0.0,0.0,-9.893
34.88,21.476,0.0,0.0,-9.907
34.9,21.487,0.0,0.0,-9.92
34.92,21.497,0.0,0.0,-9.933
34.94,21.508,0.0,0.0,-9.947
34.96,21.52,0.0,0.0,-9.96
34.98,21.53,0.0,0.0,-9.973
35.0,21.541,0.0,0.0,-9.987
35.02,21.551,0.0,0.0,-10.0
35.04,21.562,0.0,0.0,-10.0
35.06,21.571,0.0,0.0,-10.0
35.08,21.581,0.0,0.0,-10.0
35.1,21.591,0.0,0.0,-10.0
35.12,21.602,0.0,0.0,-10.0
35.14,21.611,0.0,0.0,-10.0
35.16,21.621,0.0,0.0,-10.0
35.18,21.63,0.0,0.0,-10.0
35.2,21.64,0.0,0.0,-10.0
35.22,21.649,0.0,0.0,-10.0
35.24,21.658,0.0,0.0,-10.0
35.26,21.668,0.0,0.0,-10.0
35.28,21.677,0.0,0.0,-10.0
35.3,21.686,0.0,0.0,-10.0
35.32,21.694,0.0,0.0,-10.0
35.34,21.703,0.0,0.0,-10.0
35.36,21.712,0.0,0.0,-10.0
35.38,21.721,0.0,0.0,-10.0
35.4,21.729,0.0,0.0,-10.0
35.42,21.736,0.0,0.0,-10.0
35.44,21.745,0.0,0.0,-10.0
35.46,21.754,0.0,0.0,-10.0
35.48,21.761,0.0,0.0,-10.0
35.5,21.77,0.0,0.0,-10.0
35.52,21.776,0.0,0.0,-10.0
35.54,21.785,0.0,0.0,-10.0
35.56,21.792,0.0,0.0,-10.0
35.58,21.799,0.0,0.0,-10.0
35.6,21.808,0.0,0.0,-10.0
35.62,21.815,0.0,0.0,-10.0
35.64,21.822,0.0,0.0,-10.0
35.66,21.829,0.0,0.0,-10.0
35.68,21.836,0.0,0.0,-10.0
35.7,21.843,0.0,0.0,-10.0
35.72,21.85,0.0,0.0,-10.0
35.74,21.855,0.0,0.0,-10.0
35.76,21.862,0.0,0.0,-10.0
35.78,21.869,0.0,0.0,-10.0
35.8,21.874,0.0,0.0,-10.0
35.82,21.881,0.0,0.0,-10.0
35.84,21.886,0.0,0.0,-10.0
35.86,21.892,0.0,0.0,-10.0
35.88,21.899,0.0,0.0,-10.0
35.9,21.904,0.0,0.0,-10.0
35.92,21.909,0.0,0.0,-10.0
35.94,21.914,0.0,0.0,-10.0
35.96,21.92,0.0,0.0,-10.0
35.98,21.925,0.0,0.0,-10.0
36.0,21.93,0.0,0.0,-10.0
36.02,21.935,0.0,0.0,-10.0
36.04,21.941,0.0,0.0,-10.0
36.06,21.944,0.0,0.0,-10.0
36.08,21.949,0.0,0.0,-10.0
36.1,21.955,0.0,0.0,-10.0
36.12,21.958,0.0,0.0,-10.0
36.14,21.961,0.0,0.0,-10.0
36.16,21.967,0.0,0.0,-10.0
36.18,21.97,0.0,0.0,-10.0
36.2,21.974,0.0,0.0,-10.0
36.22,21.977,0.0,0.0,-10.0
36.24,21.981,0.0,0.0,-10.0
36.26,21.984,0.0,0.0,-10.0
36.28,21.988,0.0,0.0,-10.0
36.3,21.991,0.0,0.0,-10.0
36.32,21.995,0.0,0.0,-10.0
36.34,21.998,0.0,0.0,-10.0
36.36,22.0,0.0,0.0,-10.0
36.38,22.003,0.0,0.0,-10.0
36.4,22.005,0.0,0.0,-10.0
36.42,22.009,0.0,0.0,-10.0
36.44,22.01,0.0,0.0,-10.0
36.46,22.012,0.0,0.0,-10.0
36.48,22.016,0.0,0.0,-10.0
36.5,22.017,0.0,0.0,-10.0
36.52,22.019,0.0,0.0,-10.0
36.54,22.021,0.0,0.0,-10.0
36.56,22.023,0.0,0.0,-10.0
36.58,22.024,0.0,0.0,-10.0
36.6,22.024,0.0,0.0,-10.0
36.62,22.026,0.0,0.0,-10.0
36.64,22.028,0.0,0.0,-10.0
36.66,22.03,0.0,0.0,-10.0
36.68,22.03,0.0,0.0,-10.0
36.7,22.031,0.0,0.0,-10.0
36.72,22.031,0.0,0.0,-10.0
36.74,22.031,0.0,0.0,-10.0
36.76,22.033,0.0,0.0,-10.0
36.78,22.033,0.0,0.0,-10.0
36.8,22.033,0.0,0.0,-10.0
36.82,22.033,0.0,0.0,-10.0
36.84,22.033,0.0,0.0,-10.0
36.86,22.033,0.0,0.0,-10.0
36.88,22.031,0.0,0.0,-10.0
36.9,22.031,0.0,0.0,-10.0
36.92,22.031,0.0,0.0,-10.0
36.94,22.031,0.0,0.0,-10.0
36.96,22.03,0.0,0.0,-10.0
36.98,22.03,0.0,0.0,-10.0
37.0,22.03,0.0,0.0,-10.0
37.02,22.028,0.0,0.0,-10.0
37.04,22.028,0.0,0.0,-10.0
37.06,22.026,0.0,0.0,-10.0
37.08,22.026,0.0,0.0,-10.0
37.1,22.026,0.0,0.0,-10.0
37.12,22.024,0.0,0.0,-10.0
37.14,22.024,0.0,0.0,-10.0
37.16,22.024,0.0,0.0,-10.0
37.18,22.023,0.0,0.0,-10.0
37.2,22.023,0.0,0.0,-10.0
37.22,22.023,0.0,0.0,-10.0
37.24,22.023,0.0,0.0,-10.0
37.26,22.023,0.0,0.0,-10.0
37.28,22.023,0.0,0.0,-10.0
37.3,22.023,0.0,0.0,-10.0
37.32,22.023,0.0,0.0,-10.0
37.34,22.023,0.0,0.0,-10.0
37.36,22.023,0.0,0.0,-10.0
37.38,22.023,0.0,0.0,-10.0
37.4,22.023,0.0,0.0,-10.0
37.42,22.023,0.0,0.0,-10.0
37.44,22.023,0.0,0.0,-10.0
37.46,22.024,0.0,0.0,-10.0
37.48,22.024,0.0,0.0,-10.0
37.5,22.024,0.0,0.0,-10.0
37.52,22.024,0.0,0.0,-10.0
37.54,22.024,0.0,0.0,-10.0
37.56,22.024,0.0,0.0,-10.0
37.58,22.024,0.0,0.0,-10.0
37.6,22.024,0.0,0.0,-10.0
37.62,22.026,0.0,0.0,-10.0
37.64,22.024,0.0,0.0,-10.0
37.66,22.026,0.0,0.0,-10.0
37.68,22.026,0.0,0.0,-10.0
37.7,22.024,0.0,0.0,-10.0
37.72,22.024,0.0,0.0,-10.0
37.74,22.024,0.0,0.0,-10.0
37.76,22.024,0.0,0.0,-10.0
37.78,22.024,0.0,0.0,-10.0
37.8,22.024,0.0,0.0,-10.0
37.82,22.024,0.0,0.0,-10.0
37.84,22.024,0.0,0.0,-10.0
37.86,22.024,0.0,0.0,-10.0
37.88,22.024,0.0,0.0,-10.0
37.9,22.024,0.0,0.0,-10.0
37.92,22.024,0.0,0.0,-10.0
37.94,22.024,0.0,0.0,-10.0
37.96,22.024,0.0,0.0,-10.0
37.98,22.023,0.0,0.0,-10.0
38.0,22.024,0.0,0.0,-10.0
38.02,22.024,0.0,0.0,-10.0
38.04,22.024,0.0,0.0,-10.0
38.06,22.024,0.0,0.0,-10.0
38.08,22.024,0.0,0.0,-10.0
38.1,22.024,0.0,0.0,-10.0
38.12,22.024,0.0,0.0,-10.0
38.14,22.024,0.0,0.0,-10.0
38.16,22.024,0.0,0.0,-10.0
38.18,22.024,0.0,0.0,-10.0
38.2,22.024,0.0,0.0,-10.0
38.22,22.024,0.0,0.0,-10.0
38.24,22.024,0.0,0.0,-10.0
38.26,22.024,0.0,0.0,-10.0
38.28,22.024,0.0,0.0,-10.0
38.3,22.024,0.0,0.0,-10.0
38.32,22.024,0.0,0.0,-10.0
38.34,22.024,0.0,0.0,-10.0
38.36,22.024,0.0,0.0,-10.0
38.38,22.024,0.0,0.0,-10.0
38.4,22.024,0.0,0.0,-10.0
38.42,22.024,0.0,0.0,-10.0
38.44,22.024,0.0,0.0,-10.0
38.46,22.024,0.0,0.0,-10.0
38.48,22.024,0.0,0.0,-10.0
38.5,22.024,0.0,0.0,-10.0
38.52,22.024,0.0,0.0,-10.0
38.54,22.024,0.0,0.0,-10.0
38.56,22.024,0.0,0.0,-10.0
38.58,22.024,0.0,0.0,-10.0
38.6,22.024,0.0,0.0,-10.0
38.62,22.024,0.0,0.0,-10.0
38.64,22.024,0.0,0.0,-10.0
38.66,22.024,0.0,0.0,-10.0
38.68,22.024,0.0,0.0,-10.0
38.7,22.024,0.0,0.0,-10.0
38.72,22.024,0.0,0.0,-10.0
38.74,22.024,0.0,0.0,-10.0
38.76,22.024,0.0,0.0,-10.0
38.78,22.024,0.0,0.0,-10.0
38.8,22.024,0.0,0.0,-10.0
38.82,22.024,0.0,0.0,-10.0
38.84,22.024,0.0,0.0,-10.0
38.86,22.024,0.0,0.0,-10.0
38.88,22.024,0.0,0.0,-10.0
38.9,22.024,0.0,0.0,-10.0
38.92,22.024,0.0,0.0,-10.0
38.94,22.024,0.0,0.0,-10.0
38.96,22.024,0.0,0.0,-10.0
38.98,22.024,0.0,0.0,-10.0
39.0,22.024,0.0,0.0,-10.0
39.02,22.024,0.0,0.0,-10.0
39.04,22.024,0.0,0.0,-10.0
39.06,22.024,0.0,0.0,-10.0
39.08,22.024,0.0,0.0,-10.0
39.1,22.024,0.0,0.0,-10.0
39.12,22.024,0.0,0.0,-10.0
39.14,22.024,0.0,0.0,-10.0
39.16,22.024,0.0,0.0,-10.0
39.18,22.024,0.0,0.0,-10.0
39.2,22.024,0.0,0.0,-10.0
39.22,22.024,0.0,0.0,-10.0
39.24,22.024,0.0,0.0,-10.0
39.26,22.024,0.0,0.0,-10.0
39.28,22.024,0.0,0.0,-10.0
39.3,22.024,0.0,0.0,-10.0
39.32,22.024,0.0,0.0,-10.0
39.34,22.024,0.0,0.0,-10.0
39.36,22.024,0.0,0.0,-10.0
39.38,22.024,0.0,0.0,-10.0
39.4,22.024,0.0,0.0,-10.0
39.42,22.024,0.0,0.0,-10.0
39.44,22.024,0.0,0.0,-10.0
39.46,22.024,0.0,0.0,-10.0
39.48,22.024,0.0,0.0,-10.0
39.5,22.024,0.0,0.0,-10.0
39.52,22.024,0.0,0.0,-10.0
39.54,22.024,0.0,0.0,-10.0
39.56,22.024,0.0,0.0,-10.0
39.58,22.024,0.0,0.0,-10.0
39.6,22.024,0.0,0.0,-10.0
39.62,22.024,0.0,0.0,-10.0
39.64,22.024,0.0,0.0,-10.0
39.66,22.024,0.0,0.0,-10.0
39.68,22.024,0.0,0.0,-10.0
39.7,22.024,0.0,0.0,-10.0
39.72,22.024,0.0,0.0,-10.0
39.74,22.024,0.0,0.0,-10.0
39.76,22.024,0.0,0.0,-10.0
39.78,22.024,0.0,0.0,-10.0
39.8,22.024,0.0,0.0,-10.0
39.82,22.024,0.0,0.0,-10.0
39.84,22.024,0.0,0.0,-10.0
39.86,22.024,0.0,0.0,-10.0
39.88,22.024,0.0,0.0,-10.0
39.9,22.024,0.0,0.0,-10.0
39.92,22.024,0.0,0.0,-10.0
39.94,22.024,0.0,0.0,-10.0
39.96,22.024,0.0,0.0,-10.0
39.98,22.024,0.0,0.0,-10.0
40.0,22.024,0.0,0.0,-10.0
40.02,22.024,0.0,0.0,-10.0
40.04,22.024,0.0,0.0,-9.987
40.06,22.024,0.0,0.0,-9.973
40.08,22.024,0.0,0.0,-9.96
40.1,22.024,0.0,0.0,-9.947
40.12,22.024,0.0,0.0,-9.933
40.14,22.024,0.0,0.0,-9.92
40.16,22.024,0.0,0.0,-9.907
40.18,22.024,0.0,0.0,-9.893
40.2,22.024,0.0,0.0,-9.88
40.22,22.024,0.0,0.0,-9.867
40.24,22.024,0.0,0.0,-9.853
40.26,22.024,0.0,0.0,-9.84
40.28,22.024,0.0,0.0,-9.827
40.3,22.024,0.0,0.0,-9.813
40.32,22.024,0.0,0.0,-9.8
40.34,22.024,0.0,0.0,-9.787
40.36,22.024,0.0,0.0,-9.773
40.38,22.024,0.0,0.0,-9.76
40.4,22.024,0.0,0.0,-9.747
40.42,22.024,0.0,0.0,-9.733
40.44,22.024,0.0,0.0,-9.72
40.46,22.024,0.0,0.0,-9.707
40.48,22.024,0.0,0.0,-9.693
40.5,22.024,0.0,0.0,-9.68
40.52,22.024,0.0,0.0,-9.667
40.54,22.024,0.0,0.0,-9.653
40.56,22.024,0.0,0.0,-9.64
40.58,22.024,0.0,0.0,-9.627
40.6,22.024,0.0,0.0,-9.613
40.62,22.024,0.0,0.0,-9.6
40.64,22.024,0.0,0.0,-9.587
40.66,22.024,0.0,0.0,-9.573
40.68,22.024,0.0,0.0,-9.56
40.7,22.024,0.0,0.0,-9.547
40.72,22.024,0.0,0.0,-9.533
40.74,22.024,0.0,0.0,-9.52
40.76,22.024,0.0,0.0,-9.507
40.78,22.024,0.0,0.0,-9.493
40.8,22.024,0.0,0.0,-9.48
40.82,22.024,0.0,0.0,-9.467
40.84,22.024,0.0,0.0,-9.453
40.86,22.024,0.0,0.0,-9.44
40.88,22.024,0.0,0.0,-9.427
40.9,22.024,0.0,0.0,-9.413
40.92,22.024,0.0,0.0,-9.4
40.94,22.024,0.0,0.0,-9.387
40.96,22.024,0.0,0.0,-9.373
40.98,22.024,0.0,0.0,-9.36
41.0,22.024,0.0,0.0,-9.347
41.02,22.024,0.0,0.0,-9.333
41.04,22.024,0.0,0.0,-9.32
41.06,22.024,0.0,0.0,-9.307
41.08,22.024,0.0,0.0,-9.293
41.1,22.024,0.0,0.0,-9.28
41.12,22.024,0.0,0.0,-9.267
41.14,22.024,0.0,0.0,-9.253
41.16,22.024,0.0,0.0,-9.24
41.18,22.024,0.0,0.0,-9.227
41.2,22.024,0.0,0.0,-9.213
41.22,22.024,0.0,0.0,-9.2
41.24,22.024,0.0,0.0,-9.187
41.26,22.024,0.0,0.0,-9.173
41.28,22.024,0.0,0.0,-9.16
41.3,22.024,0.0,0.0,-9.147
41.32,22.024,0.0,0.0,-9.133
41.34,22.024,0.0,0.0,-9.12
41.36,22.024,0.0,0.0,-9.107
41.38,22.024,0.0,0.0,-9.093
41.4,22.024,0.0,0.0,-9.08
41.42,22.024,0.0,0.0,-9.067
41.44,22.024,0.0,0.0,-9.053
41.46,22.024,0.0,0.0,-9.04
41.48,22.024,0.0,0.0,-9.027
41.5,22.024,0.0,0.0,-9.013
41.52,22.024,0.0,0.0,-9.0
41.54,22.024,0.0,0.0,-8.987
41.56,22.024,0.0,0.0,-8.973
41.58,22.024,0.0,0.0,-8.96
41.6,22.024,0.0,0.0,-8.947
41.62,22.024,0.0,0.0,-8.933
41.64,22.024,0.0,0.0,-8.92
41.66,22.024,0.0,0.0,-8.907
41.68,22.024,0.0,0.0,-8.893
41.7,22.024,0.0,0.0,-8.88
41.72,22.024,0.0,0.0,-8.867
41.74,22.024,0.0,0.0,-8.853
41.76,22.024,0.0,0.0,-8.84
41.78,22.024,0.0,0.0,-8.827
41.8,22.024,0.0,0.0,-8.813
