Tiempo ,U_YAW,U_PITCH,W_YAW,W_PITCH,YAW,PITCH
-0.4,0.0,0.0,0.0,0.0,0.0,0.0
-0.38,0.0,0.0,0.0,0.0,0.0,0.0
-0.36,0.0,0.0,0.0,0.0,0.0,0.0
-0.34,0.0,0.0,0.0,0.0,0.0,0.0
-0.32,0.0,0.0,0.0,0.0,0.0,0.0
-0.3,0.0,0.0,0.0,0.0,0.0,0.0
-0.28,0.0,0.0,0.0,0.0,0.0,0.0
-0.26,0.0,0.0,0.0,0.0,0.0,0.0
-0.24,0.0,0.0,0.0,0.0,0.0,0.0
-0.22,0.0,0.0,0.0,0.0,0.0,0.0
-0.2,0.0,0.0,0.0,0.0,0.0,0.0
-0.18,0.0,0.0,0.0,0.0,0.0,0.0
-0.16,0.0,0.0,0.0,0.0,0.0,0.0
-0.14,0.0,0.0,0.0,0.0,0.0,0.0
-0.12,0.0,0.0,0.0,0.0,0.0,0.0
-0.1,0.0,0.0,0.0,0.0,0.0,0.0
-0.08,0.0,0.0,0.0,0.0,0.0,0.0
-0.06,0.0,0.0,0.0,0.0,0.0,0.0
-0.04,0.0,0.0,0.0,0.0,0.0,0.0
-0.02,0.0,0.0,0.0,0.0,0.0,0.0
0.0,12.0,11.988,0.0,0.0,0.0,-0.583
0.02,12.0,12.211,0.0,0.0,0.0,-0.583
0.04,12.0,12.277,0.026,0.0,0.002,-0.583
0.06,12.0,12.429,0.041,0.0,0.002,-0.583
0.08,12.0,12.764,0.018,0.0,0.002,-0.583
0.1,12.0,12.901,0.03,0.0,0.003,-0.583
0.12,12.0,13.074,0.04,0.0,0.003,-0.583
0.14,12.0,13.411,0.017,0.0,0.003,-0.583
0.16,12.0,13.858,-0.023,0.0,0.002,-0.583
0.18,12.0,14.172,-0.041,0.0,0.002,-0.583
0.2,12.0,14.44,-0.045,0.0,0.0,-0.583
0.22,12.0,14.818,-0.071,0.0,-0.002,-0.583
0.24,12.0,15.133,-0.085,0.0,-0.003,-0.583
0.26,12.0,15.399,-0.088,0.0,-0.005,-0.583
0.28,11.474,15.805,-0.115,0.0,-0.009,-0.583
0.3,10.939,16.123,-0.128,0.0,-0.01,-0.583
0.32,10.784,16.416,-0.132,0.0,-0.014,-0.583
0.34,9.494,16.824,-0.158,0.0,-0.017,-0.583
0.36,8.833,17.169,-0.172,0.0,-0.021,-0.583
0.38,8.671,17.464,-0.175,0.0,-0.024,-0.583
0.4,7.254,17.899,-0.202,0.0,-0.03,-0.583
0.42,4.502,18.069,-0.242,0.026,-0.035,-0.581
0.44,3.308,17.476,-0.233,0.093,-0.038,-0.578
0.46,3.57,17.662,-0.223,0.099,-0.044,-0.578
0.48,3.064,18.413,-0.245,0.066,-0.049,-0.576
0.5,2.7,18.995,-0.258,0.048,-0.054,-0.576
0.52,1.797,19.011,-0.262,0.069,-0.059,-0.573
0.54,-1.407,18.648,-0.289,0.136,-0.066,-0.569
0.56,-3.077,18.58,-0.303,0.169,-0.072,-0.566
0.58,-1.714,18.944,-0.28,0.151,-0.077,-0.564
0.6,-0.91,19.273,-0.266,0.136,-0.082,-0.56
0.62,-1.423,19.247,-0.261,0.157,-0.087,-0.557
0.64,-1.835,18.502,-0.235,0.224,-0.091,-0.55
0.66,-2.808,17.963,-0.221,0.283,-0.096,-0.545
0.68,-3.37,17.83,-0.217,0.305,-0.099,-0.538
0.7,-2.331,17.828,-0.191,0.308,-0.103,-0.532
0.72,-1.859,17.908,-0.177,0.307,-0.106,-0.525
0.74,-3.155,17.402,-0.174,0.359,-0.11,-0.517
0.76,-2.618,17.058,-0.147,0.387,-0.112,-0.51
0.78,-2.411,16.994,-0.134,0.394,-0.115,-0.501
0.8,-3.678,16.404,-0.13,0.447,-0.117,-0.49
0.82,-3.969,16.514,-0.13,0.448,-0.12,-0.484
0.84,-4.071,16.619,-0.131,0.441,-0.122,-0.473
0.86,-3.493,16.288,-0.104,0.464,-0.124,-0.464
0.88,-2.691,16.42,-0.09,0.45,-0.126,-0.456
0.9,-1.824,16.902,-0.086,0.414,-0.127,-0.449
0.92,-0.845,16.659,-0.06,0.422,-0.127,-0.438
0.94,-1.222,16.222,-0.046,0.458,-0.129,-0.429
0.96,-1.616,15.977,-0.043,0.477,-0.129,-0.419
0.98,-1.176,15.468,-0.016,0.508,-0.129,-0.408
1.0,-2.413,15.368,-0.029,0.522,-0.131,-0.398
1.02,-1.099,15.531,-0.013,0.498,-0.129,-0.389
1.04,-0.54,15.632,-0.003,0.484,-0.131,-0.379
1.06,-0.288,15.637,0.0,0.479,-0.129,-0.37
1.08,2.819,16.468,0.027,0.4,-0.129,-0.365
1.1,0.429,15.659,0.014,0.463,-0.129,-0.349
1.12,-3.157,14.248,0.004,0.588,-0.129,-0.339
1.14,-0.973,14.629,0.026,0.54,-0.127,-0.33
1.16,0.509,14.993,0.04,0.497,-0.127,-0.319
1.18,1.055,15.108,0.044,0.481,-0.126,-0.311
1.2,0.927,15.069,0.044,0.478,-0.126,-0.3
1.22,0.836,15.001,0.044,0.479,-0.124,-0.292
1.24,2.673,15.095,0.07,0.453,-0.122,-0.283
1.26,2.21,15.271,0.058,0.439,-0.122,-0.274
1.28,1.076,14.96,0.047,0.462,-0.12,-0.264
1.3,2.464,14.946,0.07,0.45,-0.119,-0.257
1.32,2.482,15.366,0.057,0.413,-0.119,-0.248
1.34,1.064,14.902,0.047,0.449,-0.117,-0.237
1.36,2.224,14.765,0.07,0.446,-0.115,-0.23
1.38,3.587,14.977,0.084,0.413,-0.113,-0.222
1.4,4.024,15.92,0.061,0.343,-0.113,-0.218
1.42,4.015,16.269,0.047,0.31,-0.112,-0.209
1.44,3.388,15.252,0.07,0.382,-0.11,-0.201
1.46,4.303,15.261,0.083,0.372,-0.108,-0.196
1.48,4.007,15.801,0.061,0.33,-0.108,-0.189
1.5,3.152,15.74,0.047,0.336,-0.106,-0.182
1.52,4.652,15.79,0.07,0.318,-0.105,-0.176
1.54,5.53,15.759,0.083,0.308,-0.103,-0.169
1.56,5.805,15.728,0.088,0.305,-0.101,-0.164
1.58,4.994,16.137,0.062,0.278,-0.101,-0.159
1.6,4.575,16.319,0.047,0.265,-0.099,-0.154
1.62,6.404,16.533,0.069,0.235,-0.098,-0.15
1.64,7.418,16.571,0.083,0.22,-0.096,-0.145
1.66,7.092,16.234,0.088,0.243,-0.094,-0.14
1.68,5.981,16.503,0.062,0.231,-0.094,-0.136
1.7,5.461,16.628,0.047,0.222,-0.093,-0.131
1.72,6.674,16.531,0.069,0.218,-0.091,-0.127
1.74,6.586,16.896,0.057,0.191,-0.091,-0.124
1.76,7.093,17.409,0.047,0.151,-0.089,-0.122
1.78,8.016,17.133,0.07,0.159,-0.087,-0.117
1.8,7.742,17.443,0.057,0.143,-0.087,-0.117
1.82,8.098,17.873,0.047,0.107,-0.086,-0.114
1.84,7.002,17.479,0.044,0.143,-0.086,-0.11
1.86,7.087,17.507,0.043,0.141,-0.084,-0.108
1.88,7.144,17.565,0.043,0.134,-0.084,-0.105
1.9,6.504,18.088,0.017,0.105,-0.084,-0.105
1.92,8.129,18.494,0.029,0.064,-0.082,-0.103
1.94,8.394,18.37,0.04,0.072,-0.082,-0.101
1.96,6.973,18.387,0.017,0.082,-0.082,-0.1
1.98,6.135,18.426,0.004,0.087,-0.082,-0.098
2.0,6.502,18.792,-0.001,0.061,-0.082,-0.098
2.02,5.329,19.133,-0.027,0.047,-0.084,-0.096
2.04,4.069,18.97,-0.041,0.069,-0.084,-0.094
2.06,5.467,19.051,-0.018,0.057,-0.084,-0.094
2.08,6.339,19.11,-0.004,0.047,-0.084,-0.093
2.1,5.186,19.34,-0.026,0.044,-0.086,-0.093
2.12,5.093,19.769,-0.04,0.017,-0.086,-0.093
2.14,5.841,19.537,-0.018,0.029,-0.086,-0.091
2.16,4.832,19.56,-0.03,0.04,-0.087,-0.091
2.18,4.184,19.584,-0.04,0.044,-0.087,-0.089
2.2,3.85,19.674,-0.044,0.044,-0.089,-0.089
2.22,3.763,19.698,-0.044,0.044,-0.089,-0.087
2.24,5.065,19.621,-0.018,0.044,-0.089,-0.087
2.26,4.282,19.725,-0.03,0.044,-0.091,-0.086
2.28,3.742,19.83,-0.04,0.044,-0.091,-0.086
2.3,5.444,20.07,-0.017,0.017,-0.091,-0.086
2.32,3.686,19.704,-0.03,0.056,-0.093,-0.082
2.34,2.586,19.529,-0.04,0.08,-0.093,-0.082
2.36,4.076,19.644,-0.017,0.062,-0.093,-0.08
2.38,5.037,19.781,-0.004,0.048,-0.093,-0.08
2.4,5.272,19.83,0.001,0.043,-0.093,-0.079
2.42,3.181,19.708,-0.026,0.069,-0.094,-0.077
2.44,2.039,19.632,-0.04,0.084,-0.094,-0.075
2.46,3.621,19.823,-0.018,0.062,-0.094,-0.075
2.48,4.565,19.926,-0.004,0.048,-0.094,-0.073
2.5,5.628,19.512,0.027,0.07,-0.093,-0.072
2.52,5.953,19.296,0.041,0.083,-0.093,-0.07
2.54,4.631,19.374,0.018,0.088,-0.093,-0.068
2.56,3.824,19.454,0.004,0.088,-0.093,-0.066
2.58,3.529,19.493,-0.0,0.088,-0.093,-0.065
2.6,4.868,19.351,0.026,0.087,-0.091,-0.063
2.62,5.516,19.288,0.04,0.087,-0.091,-0.061
2.64,4.327,19.408,0.018,0.087,-0.091,-0.059
2.66,3.544,19.486,0.004,0.087,-0.091,-0.058
2.68,4.673,19.358,0.026,0.087,-0.089,-0.056
2.7,5.278,19.295,0.04,0.087,-0.089,-0.054
2.72,4.094,19.411,0.018,0.087,-0.089,-0.052
2.74,4.751,19.328,0.03,0.087,-0.087,-0.051
2.76,5.158,19.282,0.04,0.087,-0.087,-0.049
2.78,3.935,19.4,0.017,0.087,-0.087,-0.047
2.8,4.598,19.314,0.03,0.087,-0.086,-0.045
2.82,5.014,19.265,0.04,0.087,-0.086,-0.044
2.84,3.793,19.379,0.017,0.087,-0.086,-0.042
2.86,3.675,19.783,0.004,0.061,-0.086,-0.042
2.88,5.141,19.807,0.026,0.047,-0.084,-0.04
2.9,4.578,19.146,0.04,0.096,-0.084,-0.037
2.92,2.738,18.933,0.018,0.124,-0.084,-0.035
2.94,2.376,19.205,0.004,0.106,-0.084,-0.033
2.96,2.39,19.379,-0.0,0.092,-0.084,-0.031
2.98,3.825,19.274,0.026,0.087,-0.082,-0.03
3.0,4.476,19.203,0.04,0.087,-0.082,-0.028
3.02,3.27,19.304,0.018,0.087,-0.082,-0.026
3.04,2.472,19.364,0.004,0.087,-0.082,-0.024
3.06,2.158,19.377,-0.0,0.087,-0.082,-0.023
3.08,2.697,19.706,-0.001,0.061,-0.082,-0.023
3.1,4.384,19.699,0.026,0.047,-0.08,-0.021
3.12,4.491,19.362,0.041,0.069,-0.08,-0.019
3.14,2.955,19.305,0.018,0.083,-0.08,-0.018
3.16,2.055,19.315,0.004,0.088,-0.08,-0.016
3.18,1.733,19.322,-0.0,0.088,-0.08,-0.014
3.2,1.629,19.317,-0.001,0.088,-0.08,-0.012
3.22,1.56,19.305,-0.0,0.087,-0.08,-0.011
3.24,1.478,19.292,-0.0,0.087,-0.08,-0.009
3.26,3.465,19.455,0.026,0.061,-0.079,-0.009
3.28,3.751,19.196,0.041,0.073,-0.079,-0.005
3.3,1.684,18.877,0.018,0.11,-0.079,-0.004
3.32,1.073,19.026,0.004,0.101,-0.079,-0.002
3.34,1.628,19.476,-0.0,0.065,-0.079,-0.002
3.36,3.362,19.511,0.026,0.047,-0.077,-0.0
3.38,3.489,19.173,0.04,0.069,-0.077,0.002
3.4,1.952,19.104,0.018,0.083,-0.077,0.003
3.42,1.695,19.438,0.004,0.061,-0.077,0.003
3.44,3.124,19.439,0.026,0.047,-0.075,0.005
3.46,3.202,19.099,0.04,0.07,-0.075,0.007
3.48,1.681,19.032,0.018,0.083,-0.075,0.009
3.5,2.221,18.874,0.03,0.088,-0.073,0.01
3.52,3.253,19.133,0.04,0.062,-0.073,0.01
3.54,2.35,19.39,0.017,0.047,-0.073,0.012
3.56,2.484,19.026,0.03,0.069,-0.072,0.014
3.58,3.209,19.126,0.04,0.057,-0.072,0.014
3.6,3.631,19.17,0.044,0.047,-0.07,0.016
3.62,3.026,18.883,0.044,0.07,-0.07,0.017
3.64,3.363,19.013,0.044,0.057,-0.068,0.017
3.66,3.484,19.101,0.044,0.047,-0.068,0.019
3.68,3.621,19.126,0.044,0.044,-0.066,0.019
3.7,3.531,19.104,0.044,0.043,-0.066,0.021
3.72,3.584,19.084,0.044,0.043,-0.065,0.021
3.74,5.56,19.23,0.07,0.017,-0.063,0.021
3.76,4.571,19.123,0.058,0.029,-0.063,0.023
3.78,3.879,19.039,0.047,0.04,-0.061,0.023
3.8,5.585,19.162,0.07,0.017,-0.059,0.023
3.82,5.989,18.894,0.084,0.03,-0.058,0.024
3.84,4.592,18.895,0.061,0.04,-0.058,0.024
3.86,4.487,19.202,0.047,0.017,-0.056,0.024
3.88,5.966,19.226,0.07,0.004,-0.054,0.024
3.9,5.385,19.338,0.057,-0.001,-0.054,0.024
3.92,4.315,19.034,0.047,0.026,-0.052,0.026
3.94,5.182,18.732,0.07,0.04,-0.051,0.026
3.96,5.663,19.383,0.057,-0.008,-0.051,0.024
3.98,5.881,19.731,0.047,-0.037,-0.049,0.024
4.0,6.666,19.389,0.07,-0.019,-0.047,0.024
4.02,5.669,19.298,0.057,-0.005,-0.047,0.024
4.04,5.128,19.271,0.047,0.0,-0.045,0.024
4.06,6.32,19.126,0.07,0.001,-0.044,0.024
4.08,5.651,19.194,0.057,0.0,-0.044,0.024
4.1,5.881,19.559,0.047,-0.026,-0.042,0.023
4.12,5.988,19.74,0.044,-0.041,-0.042,0.023
4.14,5.52,19.464,0.043,-0.018,-0.04,0.023
4.16,5.165,19.303,0.043,-0.004,-0.04,0.023
4.18,4.37,19.719,0.017,-0.026,-0.04,0.021
4.2,5.378,19.791,0.029,-0.04,-0.038,0.021
4.22,5.345,19.491,0.04,-0.018,-0.038,0.021
4.24,3.863,19.448,0.017,-0.004,-0.038,0.021
4.26,5.129,19.646,0.03,-0.026,-0.037,0.019
4.28,5.914,19.754,0.04,-0.04,-0.037,0.019
4.3,4.234,19.618,0.017,-0.018,-0.037,0.019
4.32,3.196,19.531,0.004,-0.004,-0.037,0.019
4.34,3.506,19.839,-0.001,-0.026,-0.037,0.017
4.36,3.777,19.999,-0.001,-0.04,-0.037,0.017
4.38,4.686,19.592,0.026,-0.018,-0.035,0.017
4.4,5.051,19.364,0.041,-0.004,-0.035,0.017
4.42,3.801,19.429,0.018,0.0,-0.035,0.017
4.44,3.055,19.497,0.004,0.001,-0.035,0.017
4.46,2.812,19.526,-0.0,0.0,-0.035,0.017
4.48,2.766,19.532,-0.001,0.0,-0.035,0.017
4.5,2.756,19.532,-0.0,-0.0,-0.035,0.017
4.52,2.735,19.532,-0.0,-0.0,-0.035,0.017
4.54,1.273,19.69,-0.026,-0.0,-0.037,0.017
4.56,0.531,19.763,-0.041,-0.0,-0.037,0.017
4.58,1.615,19.652,-0.018,0.0,-0.037,0.017
4.6,2.283,19.583,-0.004,0.0,-0.037,0.017
4.62,2.465,19.563,0.0,0.0,-0.037,0.017
4.64,1.795,19.228,0.001,0.026,-0.037,0.019
4.66,1.409,19.071,0.0,0.041,-0.037,0.019
4.68,1.877,19.329,0.0,0.018,-0.037,0.019
4.7,2.162,19.49,-0.0,0.004,-0.037,0.019
4.72,2.226,19.541,-0.0,-0.0,-0.037,0.019
4.74,2.979,19.055,0.026,0.026,-0.035,0.021
4.76,3.311,18.818,0.041,0.04,-0.035,0.021
4.78,2.667,19.183,0.018,0.018,-0.035,0.021
4.8,2.251,19.413,0.004,0.004,-0.035,0.021
4.82,2.097,19.484,-0.0,-0.0,-0.035,0.021
4.84,1.402,19.155,-0.001,0.026,-0.035,0.023
4.86,2.481,18.83,0.026,0.04,-0.033,0.023
4.88,3.678,19.008,0.041,0.018,-0.033,0.023
4.9,2.85,19.279,0.018,0.004,-0.033,0.023
4.92,2.212,19.398,0.004,-0.0,-0.033,0.023
4.94,1.966,19.423,-0.0,-0.001,-0.033,0.023
4.96,3.334,19.262,0.026,-0.0,-0.031,0.023
4.98,4.021,19.184,0.04,-0.0,-0.031,0.023
5.0,2.878,19.293,0.018,0.0,-0.031,0.023
5.02,3.576,19.205,0.03,0.0,-0.03,0.023
5.04,3.381,18.82,0.04,0.026,-0.03,0.024
5.06,2.532,19.106,0.017,0.014,-0.03,0.023
5.08,4.096,19.432,0.03,-0.023,-0.028,0.023
5.1,4.372,19.284,0.04,-0.014,-0.028,0.023
5.12,4.414,19.128,0.044,-0.004,-0.026,0.023
5.14,4.316,19.078,0.044,-0.0,-0.026,0.023
5.16,2.942,19.199,0.018,0.0,-0.026,0.023
5.18,3.63,19.114,0.03,0.0,-0.024,0.023
5.2,4.116,19.062,0.04,0.0,-0.024,0.023
5.22,4.397,19.016,0.044,0.0,-0.023,0.023
5.24,4.398,19.01,0.044,-0.0,-0.023,0.023
5.26,5.128,19.317,0.044,-0.026,-0.021,0.021
5.28,5.419,19.476,0.044,-0.041,-0.021,0.021
5.3,4.989,19.193,0.044,-0.018,-0.019,0.021
5.32,6.07,18.873,0.07,-0.004,-0.017,0.021
5.34,5.339,18.88,0.058,0.0,-0.017,0.021
5.36,5.563,19.234,0.047,-0.026,-0.016,0.019
5.38,5.69,19.415,0.044,-0.04,-0.016,0.019
5.4,5.247,19.138,0.043,-0.018,-0.014,0.019
5.42,5.565,19.308,0.043,-0.03,-0.014,0.017
5.44,5.902,19.39,0.044,-0.04,-0.012,0.017
5.46,5.361,19.127,0.044,-0.017,-0.012,0.017
5.48,5.148,18.943,0.044,-0.004,-0.01,0.017
5.5,5.687,19.227,0.044,-0.026,-0.01,0.016
5.52,4.68,19.514,0.017,-0.04,-0.01,0.016
5.54,5.531,19.509,0.029,-0.044,-0.009,0.014
5.56,6.04,19.458,0.04,-0.044,-0.009,0.014
5.58,4.285,19.264,0.017,-0.018,-0.009,0.014
5.6,4.693,19.008,0.03,-0.003,-0.007,0.014
5.62,5.742,19.243,0.04,-0.026,-0.007,0.012
5.64,4.923,19.514,0.017,-0.04,-0.007,0.012
5.66,3.724,19.331,0.004,-0.018,-0.007,0.012
5.68,4.621,19.035,0.026,-0.004,-0.005,0.012
5.7,5.856,19.248,0.04,-0.026,-0.005,0.01
5.72,5.068,19.512,0.018,-0.04,-0.005,0.01
5.74,3.86,19.329,0.004,-0.018,-0.005,0.01
5.76,3.318,19.19,-0.0,-0.004,-0.005,0.01
5.78,3.843,19.475,-0.001,-0.026,-0.005,0.009
5.8,4.177,19.628,-0.0,-0.04,-0.005,0.009
5.82,3.673,19.374,-0.0,-0.018,-0.005,0.009
5.84,3.35,19.215,0.0,-0.004,-0.005,0.009
5.86,3.244,19.164,0.0,0.0,-0.005,0.009
5.88,3.228,19.158,0.0,0.001,-0.005,0.009
5.9,3.229,19.161,0.0,0.0,-0.005,0.009
5.92,3.228,19.162,-0.0,0.0,-0.005,0.009
5.94,3.222,19.161,-0.0,-0.0,-0.005,0.009
5.96,1.782,19.316,-0.026,-0.0,-0.007,0.009
5.98,1.066,19.385,-0.041,-0.0,-0.007,0.009
6.0,2.178,19.271,-0.018,-0.0,-0.007,0.009
6.02,2.872,19.198,-0.004,0.0,-0.007,0.009
6.04,3.081,19.174,0.0,0.0,-0.007,0.009
6.06,3.088,19.171,0.001,0.0,-0.007,0.009
6.08,3.057,19.172,0.0,0.0,-0.007,0.009
6.1,3.033,19.171,0.0,0.0,-0.007,0.009
6.12,3.019,19.17,-0.0,0.0,-0.007,0.009
6.14,4.441,19.012,0.026,0.0,-0.005,0.009
6.16,5.14,18.938,0.041,0.0,-0.005,0.009
6.18,3.361,18.714,0.018,0.026,-0.005,0.01
6.2,2.322,18.622,0.004,0.041,-0.005,0.01
6.22,2.614,18.896,-0.0,0.018,-0.005,0.01
6.24,2.914,19.055,-0.001,0.004,-0.005,0.01
6.26,3.029,19.1,-0.0,-0.0,-0.005,0.01
6.28,3.042,19.099,-0.0,-0.001,-0.005,0.01
6.3,3.027,19.091,0.0,-0.0,-0.005,0.01
6.32,4.444,18.928,0.026,-0.0,-0.003,0.01
6.34,5.14,18.853,0.041,0.0,-0.003,0.01
6.36,4.011,18.962,0.018,0.0,-0.003,0.01
6.38,3.3,19.03,0.004,0.0,-0.003,0.01
6.4,3.075,19.049,-0.0,0.0,-0.003,0.01
6.42,3.05,19.047,-0.001,0.0,-0.003,0.01
6.44,3.065,19.042,-0.0,0.0,-0.003,0.01
6.46,3.072,19.037,-0.0,0.0,-0.003,0.01
6.48,4.501,18.877,0.026,0.0,-0.002,0.01
6.5,5.201,18.802,0.041,0.0,-0.002,0.01
6.52,5.505,18.755,0.044,0.0,0.0,0.01
6.54,9.798,18.28,0.124,0.0,0.005,0.01
6.56,12.0,17.413,0.271,0.0,0.014,0.01
6.58,12.0,17.326,0.339,-0.026,0.019,0.009
6.6,12.0,17.591,0.302,-0.041,0.024,0.009
6.62,12.0,17.579,0.299,-0.044,0.031,0.007
6.64,12.0,17.813,0.302,-0.071,0.037,0.005
6.66,12.0,18.374,0.278,-0.111,0.042,0.002
6.68,12.0,18.593,0.265,-0.129,0.047,-0.0
6.7,12.0,17.973,0.261,-0.08,0.052,-0.0
6.72,12.0,17.262,0.261,-0.025,0.058,-0.0
6.74,12.0,17.74,0.235,-0.055,0.061,-0.004
6.76,12.0,19.156,0.195,-0.158,0.065,-0.009
6.78,12.0,19.502,0.177,-0.183,0.068,-0.011
6.8,12.0,18.548,0.173,-0.102,0.072,-0.011
6.82,12.0,18.324,0.173,-0.082,0.075,-0.014
6.84,12.0,19.09,0.148,-0.135,0.077,-0.018
6.86,12.0,19.685,0.107,-0.166,0.079,-0.021
6.88,12.0,19.248,0.09,-0.123,0.08,-0.021
6.9,12.0,18.989,0.086,-0.095,0.082,-0.024
6.92,12.0,19.679,0.06,-0.139,0.082,-0.028
6.94,12.0,20.254,0.02,-0.167,0.082,-0.031
6.96,12.0,20.505,0.002,-0.175,0.082,-0.035
6.98,12.0,20.263,-0.002,-0.15,0.082,-0.037
7.0,12.0,19.979,-0.028,-0.108,0.08,-0.038
7.02,9.749,20.024,-0.067,-0.09,0.079,-0.04
7.04,9.426,20.459,-0.085,-0.112,0.077,-0.044
7.06,11.657,20.881,-0.063,-0.153,0.077,-0.047
7.08,10.785,20.941,-0.074,-0.145,0.073,-0.049
7.1,6.732,20.928,-0.137,-0.109,0.07,-0.051
7.12,5.386,20.476,-0.142,-0.064,0.068,-0.051
7.14,5.126,20.321,-0.136,-0.045,0.065,-0.052
7.16,5.061,21.114,-0.158,-0.094,0.061,-0.056
7.18,4.315,21.266,-0.171,-0.097,0.058,-0.056
7.2,3.267,21.016,-0.175,-0.065,0.054,-0.058
7.22,2.684,20.877,-0.175,-0.048,0.051,-0.058
7.24,1.813,20.58,-0.175,-0.016,0.047,-0.058
7.26,1.321,20.478,-0.175,-0.002,0.044,-0.058
7.28,-0.359,20.659,-0.201,0.001,0.038,-0.058
7.3,-1.239,20.796,-0.215,0.001,0.035,-0.058
7.32,-0.939,20.419,-0.193,0.027,0.031,-0.056
7.34,-1.394,19.92,-0.178,0.067,0.028,-0.054
7.36,-1.173,20.057,-0.174,0.059,0.024,-0.054
7.38,-1.805,19.866,-0.174,0.075,0.021,-0.051
7.4,-2.903,19.485,-0.174,0.111,0.017,-0.049
7.42,-3.599,19.284,-0.174,0.128,0.014,-0.045
7.44,-2.514,19.11,-0.148,0.132,0.012,-0.044
7.46,-2.094,19.033,-0.134,0.132,0.009,-0.04
7.48,-2.02,19.025,-0.13,0.131,0.007,-0.038
7.5,-0.876,18.862,-0.104,0.131,0.005,-0.035
7.52,-0.984,18.461,-0.09,0.157,0.003,-0.031
7.54,-1.319,18.247,-0.086,0.171,0.002,-0.028
7.56,-1.598,18.166,-0.086,0.175,0.0,-0.024
7.58,-1.167,18.465,-0.087,0.149,-0.002,-0.023
7.6,-1.685,18.261,-0.087,0.161,-0.003,-0.018
7.62,-0.644,17.987,-0.061,0.171,-0.003,-0.016
7.64,0.387,18.132,-0.047,0.148,-0.005,-0.012
7.66,0.853,18.237,-0.043,0.134,-0.005,-0.011
7.68,0.749,18.242,-0.043,0.13,-0.007,-0.007
7.7,0.034,17.881,-0.043,0.156,-0.007,-0.004
7.72,2.208,18.185,-0.017,0.118,-0.007,-0.004
7.74,2.732,17.986,-0.003,0.12,-0.007,0.002
7.76,1.465,17.223,0.001,0.18,-0.007,0.005
7.78,1.906,17.426,0.001,0.159,-0.007,0.007
7.8,4.328,17.759,0.027,0.112,-0.005,0.009
7.82,5.473,17.898,0.041,0.091,-0.005,0.01
7.84,3.766,17.696,0.018,0.112,-0.005,0.014
7.86,4.757,17.74,0.03,0.1,-0.003,0.014
7.88,6.019,18.056,0.04,0.064,-0.003,0.016
7.9,6.058,17.873,0.044,0.073,-0.002,0.017
7.92,6.455,18.051,0.044,0.057,-0.002,0.017
7.94,6.744,18.1,0.044,0.046,0.0,0.019
7.96,7.579,17.638,0.07,0.07,0.002,0.021
7.98,7.246,17.831,0.058,0.057,0.002,0.021
8.0,7.681,18.262,0.047,0.021,0.003,0.021
8.02,7.895,18.474,0.044,0.003,0.003,0.021
8.04,7.429,18.158,0.043,0.025,0.005,0.023
8.06,8.534,17.827,0.07,0.039,0.007,0.023
8.08,9.085,18.458,0.058,-0.009,0.007,0.021
8.1,7.903,18.949,0.021,-0.037,0.007,0.021
8.12,8.015,18.666,0.029,-0.019,0.009,0.021
8.14,8.179,18.451,0.039,-0.005,0.009,0.021
8.16,7.603,18.833,0.017,-0.026,0.009,0.019
8.18,7.897,19.379,0.003,-0.066,0.009,0.017
8.2,7.512,19.3,-0.001,-0.058,0.009,0.017
8.22,7.309,19.215,-0.001,-0.048,0.009,0.016
8.24,7.233,19.157,-0.0,-0.044,0.009,0.016
8.26,6.618,18.839,-0.0,-0.017,0.009,0.016
8.28,6.948,19.007,0.0,-0.029,0.009,0.014
8.3,7.842,19.453,0.0,-0.066,0.009,0.012
8.32,6.869,19.844,-0.026,-0.084,0.007,0.01
8.34,5.658,19.661,-0.041,-0.062,0.007,0.01
8.36,5.058,19.573,-0.044,-0.048,0.005,0.009
8.38,5.599,19.851,-0.045,-0.07,0.005,0.007
8.4,5.216,19.726,-0.044,-0.057,0.003,0.007
8.42,5.044,19.645,-0.044,-0.047,0.003,0.005
8.44,4.848,19.627,-0.044,-0.044,0.002,0.005
8.46,4.878,19.655,-0.044,-0.043,0.002,0.003
8.48,4.764,19.681,-0.044,-0.043,0.0,0.003
8.5,2.727,19.54,-0.07,-0.017,-0.002,0.003
8.52,3.655,19.653,-0.058,-0.029,-0.002,0.002
8.54,4.286,19.743,-0.047,-0.04,-0.003,0.002
8.56,3.952,19.468,-0.044,-0.017,-0.003,0.002
8.58,4.195,19.671,-0.043,-0.03,-0.005,-0.0
8.6,4.412,19.787,-0.043,-0.04,-0.005,-0.0
8.62,3.753,19.556,-0.044,-0.017,-0.007,-0.0
8.64,3.428,19.403,-0.044,-0.004,-0.007,-0.0
8.66,4.64,19.226,-0.017,0.001,-0.007,-0.0
8.68,3.904,19.311,-0.029,0.001,-0.009,-0.0
8.7,3.394,19.37,-0.04,0.0,-0.009,-0.0
8.72,4.517,19.262,-0.017,0.0,-0.009,-0.0
8.74,5.19,19.197,-0.004,-0.0,-0.009,-0.0
8.76,3.955,19.335,-0.026,-0.0,-0.01,-0.0
8.78,3.254,19.407,-0.04,-0.0,-0.01,-0.0
8.8,4.344,19.299,-0.018,-0.0,-0.01,-0.0
8.82,5.026,19.232,-0.004,0.0,-0.01,-0.0
8.84,4.582,18.878,0.0,0.026,-0.01,0.002
8.86,4.263,18.718,0.001,0.041,-0.01,0.002
8.88,4.751,18.977,0.0,0.018,-0.01,0.002
8.9,6.486,18.983,0.026,0.004,-0.009,0.002
8.92,7.282,18.964,0.041,-0.0,-0.009,0.002
8.94,5.511,18.747,0.018,0.026,-0.009,0.003
8.96,4.462,18.653,0.004,0.04,-0.009,0.003
8.98,6.18,18.771,0.026,0.018,-0.007,0.003
9.0,7.186,18.861,0.04,0.004,-0.007,0.003
9.02,6.182,19.021,0.018,-0.0,-0.007,0.003
9.04,5.494,19.095,0.004,-0.001,-0.007,0.003
9.06,5.263,19.111,-0.0,-0.0,-0.007,0.003
9.08,6.665,18.953,0.026,-0.0,-0.005,0.003
9.1,7.385,18.879,0.04,0.0,-0.005,0.003
9.12,6.272,18.99,0.018,0.0,-0.005,0.003
9.14,5.568,19.061,0.004,0.0,-0.005,0.003
9.16,6.776,18.926,0.026,0.0,-0.003,0.003
9.18,7.461,18.856,0.04,0.0,-0.003,0.003
9.2,6.357,18.966,0.018,0.0,-0.003,0.003
9.22,5.664,19.035,0.004,0.0,-0.003,0.003
9.24,5.446,19.056,-0.0,0.0,-0.003,0.003
9.26,5.425,19.057,-0.001,0.0,-0.003,0.003
9.28,5.442,19.054,-0.0,0.0,-0.003,0.003
9.3,5.452,19.052,-0.0,0.0,-0.003,0.003
9.32,6.102,19.386,0.0,-0.026,-0.003,0.002
9.34,4.995,19.704,-0.026,-0.041,-0.005,0.002
9.36,3.764,19.52,-0.041,-0.018,-0.005,0.002
9.38,4.554,19.248,-0.018,-0.004,-0.005,0.002
9.4,5.151,19.128,-0.004,0.0,-0.005,0.002
9.42,3.925,19.26,-0.026,0.001,-0.007,0.002
9.44,3.24,19.335,-0.04,0.0,-0.007,0.002
9.46,4.339,19.229,-0.018,0.0,-0.007,0.002
9.48,5.025,19.161,-0.004,-0.0,-0.007,0.002
9.5,5.232,19.141,0.0,-0.0,-0.007,0.002
9.52,5.243,19.14,0.001,-0.0,-0.007,0.002
9.54,3.783,19.3,-0.026,-0.0,-0.009,0.002
9.56,3.055,19.374,-0.041,0.0,-0.009,0.002
9.58,4.164,19.263,-0.018,0.0,-0.009,0.002
9.6,4.86,19.194,-0.004,0.0,-0.009,0.002
9.62,5.071,19.173,0.0,0.0,-0.009,0.002
9.64,5.081,19.173,0.001,0.0,-0.009,0.002
9.66,5.051,19.176,0.0,0.0,-0.009,0.002
9.68,5.03,19.179,0.0,0.0,-0.009,0.002
9.7,4.368,18.846,-0.0,0.026,-0.009,0.003
9.72,4.032,18.686,-0.0,0.041,-0.009,0.003
9.74,4.543,18.942,-0.0,0.018,-0.009,0.003
9.76,6.293,18.946,0.026,0.004,-0.007,0.003
9.78,7.093,18.925,0.041,-0.0,-0.007,0.003
9.8,5.974,19.042,0.018,-0.001,-0.007,0.003
9.82,5.253,19.108,0.004,-0.0,-0.007,0.003
9.84,5.021,19.127,-0.0,-0.0,-0.007,0.003
9.86,6.427,18.971,0.026,0.0,-0.005,0.003
9.88,7.149,18.898,0.04,0.0,-0.005,0.003
9.9,6.037,19.009,0.018,0.0,-0.005,0.003
9.92,5.333,19.079,0.004,0.0,-0.005,0.003
9.94,5.109,19.101,-0.0,0.0,-0.005,0.003
9.96,5.086,19.103,-0.001,0.0,-0.005,0.003
9.98,5.103,19.1,-0.0,0.0,-0.005,0.003
10.0,5.111,19.099,-0.0,0.0,-0.005,0.003
10.02,6.542,18.941,0.026,0.0,-0.003,0.003
10.04,7.244,18.87,0.041,0.0,-0.003,0.003
10.06,6.119,18.982,0.018,0.0,-0.003,0.003
10.08,6.061,19.387,0.004,-0.026,-0.003,0.002
10.1,4.734,19.727,-0.027,-0.041,-0.005,0.002
10.12,3.487,19.545,-0.041,-0.018,-0.005,0.002
10.14,4.299,19.27,-0.018,-0.004,-0.005,0.002
10.16,4.911,19.149,-0.004,0.0,-0.005,0.002
10.18,5.122,19.123,0.0,0.001,-0.005,0.002
10.2,5.144,19.127,0.001,0.0,-0.005,0.002
10.22,5.124,19.133,0.0,0.0,-0.005,0.002
10.24,5.106,19.136,0.0,-0.0,-0.005,0.002
10.26,3.665,19.294,-0.026,-0.0,-0.007,0.002
10.28,2.953,19.366,-0.041,-0.0,-0.007,0.002
10.3,4.067,19.254,-0.018,-0.0,-0.007,0.002
10.32,4.765,19.185,-0.004,0.0,-0.007,0.002
10.34,4.977,19.164,0.0,0.0,-0.007,0.002
10.36,4.988,19.163,0.001,0.0,-0.007,0.002
10.38,4.96,19.166,0.0,0.0,-0.007,0.002
10.4,4.939,19.168,0.0,0.0,-0.007,0.002
10.42,4.929,19.17,-0.0,0.0,-0.007,0.002
10.44,4.272,18.836,-0.0,0.026,-0.007,0.003
10.46,3.939,18.676,-0.0,0.041,-0.007,0.003
10.48,4.451,18.931,-0.0,0.018,-0.007,0.003
10.5,4.77,19.092,0.0,0.004,-0.007,0.003
10.52,4.865,19.142,0.0,-0.0,-0.007,0.003
10.54,4.865,19.146,0.0,-0.001,-0.007,0.003
10.56,4.848,19.141,0.0,-0.0,-0.007,0.003
10.58,4.835,19.138,0.0,-0.0,-0.007,0.003
10.6,6.257,18.981,0.026,0.0,-0.005,0.003
10.62,6.958,18.909,0.041,0.0,-0.005,0.003
10.64,5.832,19.022,0.018,0.0,-0.005,0.003
10.66,5.123,19.093,0.004,0.0,-0.005,0.003
10.68,4.899,19.115,-0.0,0.0,-0.005,0.003
10.7,4.876,19.116,-0.001,0.0,-0.005,0.003
10.72,4.893,19.114,-0.0,0.0,-0.005,0.003
10.74,6.333,18.956,0.026,0.0,-0.003,0.003
10.76,7.04,18.884,0.041,0.0,-0.003,0.003
10.78,5.915,18.996,0.018,0.0,-0.003,0.003
10.8,5.207,19.066,0.004,0.0,-0.003,0.003
10.82,5.634,19.422,-0.0,-0.026,-0.003,0.002
10.84,5.941,19.585,-0.001,-0.041,-0.003,0.002
10.86,5.44,19.328,-0.0,-0.018,-0.003,0.002
10.88,5.125,19.166,-0.0,-0.004,-0.003,0.002
10.9,5.025,19.116,0.0,0.0,-0.003,0.002
10.92,5.014,19.113,0.0,0.001,-0.003,0.002
10.94,3.589,19.275,-0.026,0.0,-0.005,0.002
10.96,2.884,19.349,-0.041,0.0,-0.005,0.002
10.98,4.002,19.238,-0.018,-0.0,-0.005,0.002
11.0,4.701,19.168,-0.004,-0.0,-0.005,0.002
11.02,4.914,19.147,0.0,-0.0,-0.005,0.002
11.04,4.926,19.146,0.001,-0.0,-0.005,0.002
11.06,4.899,19.148,0.0,0.0,-0.005,0.002
11.08,4.88,19.15,0.0,0.0,-0.005,0.002
11.1,4.871,19.151,-0.0,0.0,-0.005,0.002
11.12,4.866,19.152,-0.0,0.0,-0.005,0.002
11.14,3.43,19.309,-0.026,0.0,-0.007,0.002
11.16,2.718,19.381,-0.041,0.0,-0.007,0.002
11.18,3.832,19.269,-0.018,0.0,-0.007,0.002
11.2,4.53,19.2,-0.004,0.0,-0.007,0.002
11.22,4.742,19.179,0.0,0.0,-0.007,0.002
11.24,4.753,19.178,0.001,0.0,-0.007,0.002
11.26,4.725,19.181,0.0,0.0,-0.007,0.002
11.28,6.136,19.027,0.026,0.0,-0.005,0.002
11.3,6.833,18.957,0.041,0.0,-0.005,0.002
11.32,5.707,19.07,0.018,0.0,-0.005,0.002
11.34,4.999,19.141,0.004,0.0,-0.005,0.002
11.36,4.776,19.164,-0.0,0.0,-0.005,0.002
11.38,4.104,18.831,-0.001,0.026,-0.005,0.003
11.4,3.794,18.668,-0.0,0.041,-0.005,0.003
11.42,4.322,18.922,-0.0,0.018,-0.005,0.003
11.44,4.647,19.082,0.0,0.004,-0.005,0.003
11.46,4.743,19.131,0.0,-0.0,-0.005,0.003
11.48,4.744,19.135,0.0,-0.001,-0.005,0.003
11.5,4.728,19.13,0.0,-0.0,-0.005,0.003
11.52,6.148,18.97,0.026,-0.0,-0.003,0.003
11.54,6.847,18.897,0.041,0.0,-0.003,0.003
11.56,5.722,19.009,0.018,0.0,-0.003,0.003
11.58,5.015,19.08,0.004,0.0,-0.003,0.003
11.6,4.792,19.101,-0.0,0.0,-0.003,0.003
11.62,5.421,19.437,-0.001,-0.026,-0.003,0.002
11.64,5.767,19.596,-0.0,-0.041,-0.003,0.002
11.66,5.259,19.339,-0.0,-0.018,-0.003,0.002
11.68,4.934,19.179,0.0,-0.004,-0.003,0.002
11.7,4.829,19.129,0.0,0.0,-0.003,0.002
11.72,4.818,19.126,0.0,0.001,-0.003,0.002
11.74,4.824,19.131,0.0,0.0,-0.003,0.002
11.76,4.827,19.134,-0.0,0.0,-0.003,0.002
11.78,4.826,19.136,-0.0,-0.0,-0.003,0.002
11.8,4.823,19.136,-0.0,-0.0,-0.003,0.002
11.82,3.387,19.293,-0.026,-0.0,-0.005,0.002
11.84,2.676,19.364,-0.041,-0.0,-0.005,0.002
11.86,3.792,19.252,-0.018,0.0,-0.005,0.002
11.88,4.491,19.182,-0.004,0.0,-0.005,0.002
11.9,4.704,19.16,0.0,0.0,-0.005,0.002
11.92,4.717,19.159,0.001,0.0,-0.005,0.002
11.94,4.69,19.162,0.0,0.0,-0.005,0.002
11.96,4.671,19.164,0.0,0.0,-0.005,0.002
11.98,4.661,19.165,-0.0,0.0,-0.005,0.002
12.0,4.006,18.831,-0.0,0.026,-0.005,0.003
12.02,3.674,18.67,-0.0,0.041,-0.005,0.003
12.04,4.188,18.925,-0.0,0.018,-0.005,0.003
12.06,4.508,19.085,0.0,0.004,-0.005,0.003
12.08,4.604,19.135,0.0,-0.0,-0.005,0.003
12.1,4.606,19.139,0.0,-0.001,-0.005,0.003
12.12,4.59,19.133,0.0,-0.0,-0.005,0.003
12.14,4.578,19.13,0.0,-0.0,-0.005,0.003
12.16,3.92,18.794,-0.0,0.026,-0.005,0.005
12.18,5.018,18.476,0.026,0.041,-0.003,0.005
12.2,6.238,18.659,0.041,0.018,-0.003,0.005
12.22,5.439,18.931,0.018,0.004,-0.003,0.005
12.24,4.831,19.05,0.004,-0.0,-0.003,0.005
12.26,4.616,19.074,-0.0,-0.001,-0.003,0.005
12.28,4.584,19.07,-0.001,-0.0,-0.003,0.005
12.3,4.594,19.063,-0.0,-0.0,-0.003,0.005
12.32,4.601,19.06,-0.0,0.0,-0.003,0.005
12.34,4.6,19.058,0.0,0.0,-0.003,0.005
12.36,6.028,18.9,0.026,0.0,-0.002,0.005
12.38,6.73,18.828,0.041,0.0,-0.002,0.005
12.4,5.605,18.939,0.018,0.0,-0.002,0.005
12.42,4.898,19.008,0.004,0.0,-0.002,0.005
12.44,4.676,19.028,-0.0,0.0,-0.002,0.005
12.46,4.655,19.028,-0.001,0.0,-0.002,0.005
12.48,4.673,19.025,-0.0,0.0,-0.002,0.005
12.5,4.684,19.022,-0.0,0.0,-0.002,0.005
12.52,4.685,19.02,0.0,0.0,-0.002,0.005
12.54,3.25,19.175,-0.026,0.0,-0.003,0.005
12.56,2.538,19.245,-0.041,0.0,-0.003,0.005
12.58,3.653,19.131,-0.018,0.0,-0.003,0.005
12.6,4.352,19.059,-0.004,0.0,-0.003,0.005
12.62,4.565,19.036,0.0,0.0,-0.003,0.005
12.64,4.577,19.033,0.001,0.0,-0.003,0.005
12.66,4.55,19.034,0.0,0.0,-0.003,0.005
12.68,4.53,19.034,0.0,0.0,-0.003,0.005
12.7,4.521,19.034,-0.0,0.0,-0.003,0.005
12.72,4.515,19.032,-0.0,0.0,-0.003,0.005
12.74,4.511,19.031,-0.0,0.0,-0.003,0.005
12.76,4.506,19.03,-0.0,0.0,-0.003,0.005
12.78,4.501,19.029,0.0,0.0,-0.003,0.005
12.8,4.496,19.028,0.0,0.0,-0.003,0.005
12.82,4.491,19.026,0.0,0.0,-0.003,0.005
12.84,4.486,19.025,0.0,0.0,-0.003,0.005
12.86,4.481,19.024,-0.0,0.0,-0.003,0.005
12.88,4.476,19.023,-0.0,0.0,-0.003,0.005
12.9,4.47,19.022,-0.0,0.0,-0.003,0.005
12.92,4.465,19.021,0.0,0.0,-0.003,0.005
12.94,4.46,19.019,0.0,0.0,-0.003,0.005
12.96,4.455,19.018,0.0,0.0,-0.003,0.005
12.98,4.45,19.017,0.0,0.0,-0.003,0.005
13.0,4.445,19.016,0.0,0.0,-0.003,0.005
13.02,4.44,19.015,0.0,0.0,-0.003,0.005
13.04,4.435,19.014,0.0,0.0,-0.003,0.005
13.06,4.43,19.012,0.0,0.0,-0.003,0.005
13.08,5.857,18.854,0.026,0.0,-0.002,0.005
13.1,5.777,19.273,0.014,-0.026,-0.003,0.003
13.12,8.824,21.96,-0.023,-0.225,-0.003,-0.009
13.14,12.0,22.0,-0.014,-0.434,-0.003,-0.018
13.16,12.0,22.0,-0.004,-0.386,-0.003,-0.021
13.18,12.0,22.0,-0.0,-0.383,-0.003,-0.033
13.2,12.0,22.0,0.0,-0.362,-0.003,-0.035
13.22,12.0,22.0,0.0,-0.378,-0.003,-0.049
13.24,12.0,22.0,0.0,-0.442,-0.003,-0.054
13.26,12.0,22.0,0.0,-0.421,-0.003,-0.065
13.28,12.0,22.0,-0.026,-0.427,-0.005,-0.072
13.3,11.902,22.0,-0.041,-0.328,-0.005,-0.075
13.32,9.888,22.0,-0.044,-0.247,-0.007,-0.08
13.34,9.196,22.0,-0.071,-0.271,-0.009,-0.087
13.36,9.115,22.0,-0.085,-0.295,-0.01,-0.093
13.38,10.024,22.0,-0.062,-0.278,-0.01,-0.098
13.4,7.757,22.0,-0.074,-0.213,-0.014,-0.1
13.42,5.895,22.0,-0.11,-0.207,-0.016,-0.107
13.44,7.073,22.0,-0.101,-0.239,-0.017,-0.11
13.46,6.119,22.0,-0.092,-0.178,-0.019,-0.112
13.48,3.379,22.0,-0.114,-0.115,-0.023,-0.114
13.5,2.73,22.0,-0.127,-0.115,-0.024,-0.117
13.52,1.939,22.0,-0.131,-0.098,-0.028,-0.117
13.54,1.063,22.0,-0.132,-0.063,-0.03,-0.119
13.56,0.494,22.0,-0.131,-0.046,-0.033,-0.119
13.58,-0.28,22.0,-0.131,-0.016,-0.035,-0.119
13.6,-0.806,22.0,-0.131,-0.002,-0.038,-0.119
13.62,-0.972,22.0,-0.131,0.001,-0.04,-0.119
13.64,-1.829,22.0,-0.131,0.027,-0.044,-0.117
13.66,-3.541,22.0,-0.131,0.094,-0.045,-0.114
13.68,-3.758,21.822,-0.104,0.152,-0.047,-0.11
13.7,-2.444,22.0,-0.09,0.121,-0.049,-0.11
13.72,-3.166,21.779,-0.086,0.149,-0.051,-0.103
13.74,-5.02,20.965,-0.086,0.221,-0.052,-0.1
13.76,-4.048,20.683,-0.061,0.23,-0.052,-0.094
13.78,-4.072,20.345,-0.047,0.25,-0.054,-0.089
13.8,-4.887,19.819,-0.043,0.287,-0.054,-0.082
13.82,-4.083,19.435,-0.016,0.303,-0.054,-0.077
13.84,-3.661,19.223,-0.003,0.307,-0.054,-0.07
13.86,-4.26,18.806,0.001,0.333,-0.054,-0.063
13.88,-4.101,18.881,0.001,0.32,-0.054,-0.058
13.9,-4.063,18.896,0.0,0.309,-0.054,-0.051
13.92,-5.431,18.196,0.0,0.358,-0.054,-0.042
13.94,-4.834,17.61,0.026,0.386,-0.052,-0.035
13.96,-3.894,17.629,0.041,0.368,-0.052,-0.028
13.98,-2.807,17.956,0.044,0.327,-0.051,-0.023
14.0,-2.562,18.048,0.045,0.308,-0.051,-0.016
14.02,-3.173,17.652,0.044,0.33,-0.049,-0.009
14.04,-2.29,17.204,0.07,0.345,-0.047,-0.002
14.06,-3.211,17.08,0.058,0.349,-0.047,0.005
14.08,-3.822,16.968,0.047,0.35,-0.045,0.012
14.1,-2.777,16.697,0.07,0.349,-0.044,0.019
14.12,-2.184,16.467,0.084,0.349,-0.042,0.026
14.14,-2.07,16.279,0.088,0.349,-0.04,0.033
14.16,-0.851,16.775,0.088,0.296,-0.038,0.037
14.18,-0.964,16.591,0.088,0.294,-0.037,0.045
14.2,-1.791,16.079,0.087,0.327,-0.035,0.051
14.22,-2.481,16.487,0.061,0.292,-0.035,0.056
14.24,-2.707,16.677,0.047,0.269,-0.033,0.061
14.26,-0.039,16.346,0.096,0.261,-0.03,0.066
14.28,1.328,16.062,0.124,0.26,-0.028,0.071
14.3,0.349,15.992,0.106,0.261,-0.026,0.077
14.32,-0.411,15.9,0.092,0.262,-0.024,0.082
14.34,-0.068,16.099,0.087,0.235,-0.023,0.085
14.36,0.814,16.437,0.087,0.195,-0.021,0.089
14.38,1.226,16.514,0.087,0.177,-0.019,0.092
14.4,2.74,16.273,0.114,0.173,-0.016,0.096
14.42,3.419,16.067,0.128,0.173,-0.014,0.099
14.44,3.559,16.708,0.105,0.121,-0.012,0.099
14.46,3.48,16.964,0.091,0.093,-0.01,0.103
14.48,4.283,16.52,0.113,0.112,-0.007,0.105
14.5,5.279,16.491,0.127,0.1,-0.005,0.106
14.52,6.5,16.784,0.131,0.064,-0.002,0.106
14.54,6.945,16.879,0.132,0.047,0.0,0.108
14.56,5.128,16.661,0.105,0.069,0.002,0.11
14.58,6.186,16.645,0.117,0.057,0.005,0.11
14.6,7.597,16.934,0.127,0.021,0.007,0.11
14.62,9.035,17.356,0.131,-0.023,0.01,0.108
14.64,9.569,17.495,0.131,-0.042,0.012,0.108
14.66,8.449,17.637,0.105,-0.046,0.014,0.106
14.68,7.798,17.632,0.09,-0.045,0.016,0.106
14.7,7.705,17.609,0.086,-0.044,0.017,0.105
14.72,9.858,17.714,0.113,-0.07,0.021,0.103
14.74,10.395,17.432,0.128,-0.058,0.023,0.103
14.76,9.832,17.728,0.105,-0.074,0.024,0.099
14.78,8.682,18.339,0.065,-0.111,0.024,0.098
14.8,8.337,18.634,0.046,-0.128,0.026,0.094
14.82,9.673,18.539,0.068,-0.132,0.028,0.092
14.84,10.573,18.468,0.083,-0.132,0.03,0.089
14.86,10.149,18.898,0.061,-0.158,0.03,0.085
14.88,8.537,19.288,0.021,-0.172,0.03,0.082
14.9,6.473,18.787,0.003,-0.123,0.03,0.082
14.92,6.329,18.856,-0.002,-0.121,0.03,0.077
14.94,7.772,19.555,-0.001,-0.179,0.03,0.073
14.96,8.011,19.65,-0.0,-0.185,0.03,0.07
14.98,8.628,19.959,-0.0,-0.206,0.03,0.065
15.0,6.869,19.939,-0.026,-0.19,0.028,0.063
15.02,6.014,19.957,-0.041,-0.178,0.028,0.058
15.04,4.998,19.629,-0.044,-0.148,0.026,0.058
15.06,3.344,19.7,-0.071,-0.133,0.024,0.052
15.08,5.19,20.24,-0.058,-0.183,0.024,0.049
15.1,5.729,20.283,-0.048,-0.185,0.023,0.045
15.12,3.786,20.069,-0.07,-0.152,0.021,0.044
15.14,1.362,19.343,-0.084,-0.082,0.019,0.044
15.16,1.609,19.695,-0.088,-0.102,0.017,0.038
15.18,4.028,20.113,-0.062,-0.148,0.017,0.037
15.2,4.627,20.074,-0.047,-0.145,0.016,0.033
15.22,2.586,19.795,-0.069,-0.109,0.014,0.033
15.24,1.423,19.738,-0.083,-0.091,0.012,0.03
15.26,3.052,19.894,-0.061,-0.112,0.012,0.028
15.28,3.379,19.733,-0.047,-0.1,0.01,0.026
15.3,1.978,19.783,-0.07,-0.091,0.009,0.024
15.32,2.559,19.706,-0.057,-0.087,0.009,0.023
15.34,2.96,19.701,-0.047,-0.087,0.007,0.021
15.36,3.178,19.712,-0.044,-0.087,0.007,0.019
15.38,3.126,19.764,-0.043,-0.087,0.005,0.017
15.4,2.504,19.459,-0.043,-0.061,0.005,0.017
15.42,2.086,19.352,-0.044,-0.047,0.003,0.016
15.44,1.988,19.302,-0.044,-0.043,0.003,0.016
15.46,3.337,19.199,-0.017,-0.043,0.003,0.014
15.48,4.051,19.128,-0.003,-0.043,0.003,0.014
15.5,3.638,18.806,0.001,-0.017,0.003,0.014
15.52,1.88,18.797,-0.026,-0.003,0.002,0.014
15.54,3.136,18.999,-0.014,-0.026,0.003,0.012
15.56,5.271,18.972,0.023,-0.04,0.003,0.012
15.58,4.339,18.759,0.014,-0.018,0.003,0.012
15.6,3.532,18.646,0.004,-0.004,0.003,0.012
15.62,3.229,18.612,0.0,0.0,0.003,0.012
15.64,3.179,18.606,-0.0,0.001,0.003,0.012
15.66,4.626,18.448,0.026,0.0,0.005,0.012
15.68,5.347,18.373,0.041,0.0,0.005,0.012
15.7,5.662,18.324,0.044,-0.0,0.007,0.012
15.72,5.665,18.318,0.045,-0.0,0.007,0.012
15.74,5.758,18.289,0.044,-0.0,0.009,0.012
15.76,5.744,18.284,0.044,-0.0,0.009,0.012
15.78,5.86,18.253,0.044,0.0,0.01,0.012
15.8,5.862,18.246,0.044,0.0,0.01,0.012
15.82,4.552,18.371,0.017,0.0,0.01,0.012
15.84,5.28,18.278,0.029,0.0,0.012,0.012
15.86,5.798,18.219,0.04,0.0,0.012,0.012
15.88,6.11,18.167,0.044,0.0,0.014,0.012
15.9,6.794,18.491,0.044,-0.026,0.014,0.01
15.92,5.802,18.778,0.018,-0.041,0.014,0.01
15.94,6.004,18.431,0.03,-0.018,0.016,0.01
15.96,6.196,18.212,0.04,-0.004,0.016,0.01
15.98,4.978,18.268,0.017,0.0,0.016,0.01
16.0,4.3,18.324,0.004,0.001,0.016,0.01
16.02,4.764,18.677,-0.001,-0.026,0.016,0.009
16.04,6.524,18.678,0.026,-0.041,0.017,0.009
16.06,6.745,18.344,0.04,-0.018,0.017,0.009
16.08,5.322,18.288,0.018,-0.004,0.017,0.009
16.1,4.53,18.301,0.004,0.0,0.017,0.009
16.12,4.964,18.646,-0.0,-0.026,0.017,0.007
16.14,3.862,18.964,-0.027,-0.04,0.016,0.007
16.16,2.674,18.774,-0.041,-0.018,0.016,0.007
16.18,4.144,18.83,-0.018,-0.03,0.016,0.005
16.2,5.088,18.864,-0.004,-0.04,0.016,0.005
16.22,4.789,18.577,0.0,-0.017,0.016,0.005
16.24,3.068,18.571,-0.026,-0.004,0.014,0.005
16.26,2.903,18.928,-0.04,-0.026,0.014,0.003
16.28,4.34,18.97,-0.018,-0.04,0.014,0.003
16.3,4.539,18.645,-0.004,-0.018,0.014,0.003
16.32,4.446,18.462,0.0,-0.004,0.014,0.003
16.34,5.024,18.741,0.001,-0.026,0.014,0.002
16.36,3.9,19.053,-0.026,-0.04,0.012,0.002
16.38,2.679,18.872,-0.041,-0.018,0.012,0.002
16.4,3.484,18.6,-0.018,-0.004,0.012,0.002
16.42,4.097,18.477,-0.004,0.0,0.012,0.002
16.44,4.316,18.447,0.0,0.001,0.012,0.002
16.46,4.352,18.447,0.001,0.0,0.012,0.002
16.48,4.345,18.449,0.0,0.0,0.012,0.002
16.5,4.992,18.783,0.0,-0.026,0.012,-0.0
16.52,5.324,18.941,-0.0,-0.041,0.012,-0.0
16.54,4.813,18.683,-0.0,-0.018,0.012,-0.0
16.56,4.497,18.52,-0.0,-0.004,0.012,-0.0
16.58,4.405,18.468,-0.0,0.0,0.012,-0.0
16.6,4.407,18.461,0.0,0.001,0.012,-0.0
16.62,4.427,18.463,0.0,0.0,0.012,-0.0
16.64,4.443,18.464,0.0,0.0,0.012,-0.0
16.66,4.454,18.462,0.0,-0.0,0.012,-0.0
16.68,5.895,18.302,0.026,-0.0,0.014,-0.0
16.7,6.612,18.228,0.041,-0.0,0.014,-0.0
16.72,5.502,18.338,0.018,-0.0,0.014,-0.0
16.74,4.809,18.405,0.004,0.0,0.014,-0.0
16.76,4.601,18.424,-0.0,0.0,0.014,-0.0
16.78,4.595,18.422,-0.001,0.0,0.014,-0.0
16.8,4.628,18.417,-0.0,0.0,0.014,-0.0
16.82,4.653,18.412,-0.0,0.0,0.014,-0.0
16.84,6.75,18.587,0.026,-0.026,0.016,-0.002
16.86,7.797,18.673,0.041,-0.041,0.016,-0.002
16.88,6.169,18.528,0.018,-0.018,0.016,-0.002
16.9,5.152,18.436,0.004,-0.004,0.016,-0.002
16.92,4.846,18.405,-0.0,0.0,0.016,-0.002
16.94,4.834,18.4,-0.001,0.001,0.016,-0.002
16.96,4.879,18.4,-0.0,0.0,0.016,-0.002
16.98,4.913,18.399,-0.0,0.0,0.016,-0.002
17.0,4.932,18.396,0.0,-0.0,0.016,-0.002
17.02,4.946,18.393,0.0,-0.0,0.016,-0.002
17.04,5.608,18.725,0.0,-0.026,0.016,-0.004
17.06,4.516,19.04,-0.026,-0.041,0.014,-0.004
17.08,3.303,18.854,-0.041,-0.018,0.014,-0.004
17.1,4.11,18.58,-0.018,-0.004,0.014,-0.004
17.12,4.725,18.457,-0.004,0.0,0.014,-0.004
17.14,4.948,18.43,0.0,0.001,0.014,-0.004
17.16,5.638,18.766,0.001,-0.026,0.014,-0.005
17.18,5.962,18.931,0.0,-0.041,0.014,-0.005
17.2,5.444,18.677,0.0,-0.018,0.014,-0.005
17.22,3.695,18.673,-0.026,-0.004,0.012,-0.005
17.24,2.899,18.693,-0.041,0.0,0.012,-0.005
17.26,4.024,18.576,-0.018,0.001,0.012,-0.005
17.28,4.75,18.509,-0.004,0.0,0.012,-0.005
17.3,4.987,18.49,0.0,0.0,0.012,-0.005
17.32,5.018,18.488,0.001,-0.0,0.012,-0.005
17.34,5.007,18.49,0.0,-0.0,0.012,-0.005
17.36,5.005,18.49,0.0,-0.0,0.012,-0.005
17.38,5.012,18.49,-0.0,-0.0,0.012,-0.005
17.4,5.673,18.824,-0.0,-0.026,0.012,-0.007
17.42,6.014,18.984,-0.0,-0.041,0.012,-0.007
17.44,5.507,18.729,-0.0,-0.018,0.012,-0.007
17.46,5.194,18.569,0.0,-0.004,0.012,-0.007
17.48,5.105,18.519,0.0,0.0,0.012,-0.007
17.5,5.11,18.515,0.0,0.001,0.012,-0.007
17.52,5.133,18.52,0.0,0.0,0.012,-0.007
17.54,6.584,18.366,0.026,0.0,0.014,-0.007
17.56,7.306,18.296,0.041,-0.0,0.014,-0.007
17.58,6.2,18.408,0.018,-0.0,0.014,-0.007
17.6,5.51,18.478,0.004,-0.0,0.014,-0.007
17.62,5.305,18.499,-0.0,-0.0,0.014,-0.007
17.64,5.302,18.501,-0.001,0.0,0.014,-0.007
17.66,5.988,18.833,-0.0,-0.026,0.014,-0.009
17.68,6.345,18.992,-0.0,-0.041,0.014,-0.009
17.7,5.845,18.737,0.0,-0.018,0.014,-0.009
17.72,5.534,18.577,0.0,-0.004,0.014,-0.009
17.74,4.015,18.684,-0.026,0.0,0.012,-0.009
17.76,3.315,18.751,-0.041,0.001,0.012,-0.009
17.78,4.459,18.644,-0.018,0.0,0.012,-0.009
17.8,5.182,18.577,-0.004,0.0,0.012,-0.009
17.82,6.066,18.892,0.0,-0.026,0.012,-0.011
17.84,6.425,19.052,0.001,-0.041,0.012,-0.011
17.86,5.897,18.8,0.0,-0.018,0.012,-0.011
17.88,5.571,18.643,0.0,-0.004,0.012,-0.011
17.9,5.48,18.595,-0.0,0.0,0.012,-0.011
17.92,5.486,18.592,-0.0,0.001,0.012,-0.011
17.94,5.511,18.598,-0.0,0.0,0.012,-0.011
17.96,4.1,18.759,-0.026,0.0,0.01,-0.011
17.98,3.409,18.833,-0.041,-0.0,0.01,-0.011
18.0,4.543,18.722,-0.018,-0.0,0.01,-0.011
18.02,5.909,18.988,-0.004,-0.026,0.01,-0.012
18.04,6.468,19.129,0.0,-0.041,0.01,-0.012
18.06,5.98,18.874,0.001,-0.018,0.01,-0.012
18.08,5.645,18.718,0.0,-0.004,0.01,-0.012
18.1,5.543,18.672,0.0,0.0,0.01,-0.012
18.12,5.545,18.671,-0.0,0.001,0.01,-0.012
18.14,5.568,18.679,-0.0,0.0,0.01,-0.012
18.16,5.589,18.684,-0.0,0.0,0.01,-0.012
18.18,5.605,18.687,-0.0,-0.0,0.01,-0.012
18.2,5.619,18.69,0.0,-0.0,0.01,-0.012
18.22,5.633,18.692,0.0,-0.0,0.01,-0.012
18.24,5.646,18.694,0.0,-0.0,0.01,-0.012
18.26,5.66,18.696,0.0,0.0,0.01,-0.012
18.28,5.674,18.699,0.0,0.0,0.01,-0.012
18.3,5.687,18.701,0.0,0.0,0.01,-0.012
18.32,5.701,18.703,0.0,0.0,0.01,-0.012
18.34,5.715,18.705,0.0,0.0,0.01,-0.012
18.36,5.728,18.708,0.0,0.0,0.01,-0.012
18.38,5.742,18.71,0.0,0.0,0.01,-0.012
18.4,5.756,18.712,0.0,0.0,0.01,-0.012
18.42,5.769,18.714,0.0,0.0,0.01,-0.012
18.44,7.215,18.56,0.026,0.0,0.012,-0.012
18.46,6.504,18.648,0.014,0.0,0.01,-0.012
18.48,4.691,18.834,-0.023,0.0,0.01,-0.012
18.5,5.122,18.794,-0.014,0.0,0.01,-0.012
18.52,5.621,18.747,-0.004,0.0,0.01,-0.012
18.54,5.836,18.729,-0.0,0.0,0.01,-0.012
18.56,5.889,18.728,0.0,0.0,0.01,-0.012
18.58,5.895,18.731,0.0,0.0,0.01,-0.012
18.6,5.899,18.734,0.0,0.0,0.01,-0.012
18.62,5.908,18.737,0.0,0.0,0.01,-0.012
18.64,5.921,18.739,-0.0,0.0,0.01,-0.012
18.66,5.935,18.741,-0.0,0.0,0.01,-0.012
18.68,5.949,18.744,-0.0,0.0,0.01,-0.012
18.7,5.963,18.746,-0.0,0.0,0.01,-0.012
18.72,5.976,18.748,0.0,0.0,0.01,-0.012
18.74,5.99,18.75,0.0,0.0,0.01,-0.012
18.76,4.572,18.909,-0.026,0.0,0.009,-0.012
18.78,3.878,18.983,-0.041,0.0,0.009,-0.012
18.8,5.011,18.873,-0.018,0.0,0.009,-0.012
18.82,5.727,18.805,-0.004,0.0,0.009,-0.012
18.84,5.958,18.786,0.0,0.0,0.009,-0.012
18.86,5.987,18.787,0.001,0.0,0.009,-0.012
18.88,5.977,18.792,0.0,0.0,0.009,-0.012
18.9,5.975,18.796,0.0,0.0,0.009,-0.012
18.92,5.983,18.799,-0.0,0.0,0.009,-0.012
18.94,5.995,18.802,-0.0,0.0,0.009,-0.012
18.96,6.008,18.804,-0.0,0.0,0.009,-0.012
18.98,6.021,18.807,-0.0,0.0,0.009,-0.012
19.0,6.033,18.81,0.0,0.0,0.009,-0.012
19.02,6.046,18.812,0.0,0.0,0.009,-0.012
19.04,6.058,18.815,0.0,0.0,0.009,-0.012
19.06,6.07,18.818,0.0,0.0,0.009,-0.012
19.08,6.083,18.82,0.0,0.0,0.009,-0.012
19.1,6.095,18.823,0.0,0.0,0.009,-0.012
19.12,6.107,18.826,0.0,0.0,0.009,-0.012
19.14,6.12,18.828,0.0,0.0,0.009,-0.012
19.16,6.132,18.831,0.0,0.0,0.009,-0.012
19.18,6.144,18.834,0.0,0.0,0.009,-0.012
19.2,5.507,18.502,0.0,0.026,0.009,-0.011
19.22,5.191,18.343,0.0,0.041,0.009,-0.011
19.24,5.722,18.6,0.0,0.018,0.009,-0.011
19.26,6.059,18.762,0.0,0.004,0.009,-0.011
19.28,6.172,18.814,0.0,-0.0,0.009,-0.011
19.3,6.192,18.82,0.0,-0.001,0.009,-0.011
19.32,6.193,18.817,0.0,-0.0,0.009,-0.011
19.34,6.198,18.815,0.0,-0.0,0.009,-0.011
19.36,6.207,18.816,0.0,0.0,0.009,-0.011
19.38,6.219,18.818,0.0,0.0,0.009,-0.011
19.4,6.23,18.82,0.0,0.0,0.009,-0.011
19.42,6.242,18.822,0.0,0.0,0.009,-0.011
19.44,6.254,18.825,0.0,0.0,0.009,-0.011
19.46,6.265,18.827,0.0,0.0,0.009,-0.011
19.48,6.277,18.829,0.0,0.0,0.009,-0.011
19.5,6.288,18.831,0.0,0.0,0.009,-0.011
19.52,4.868,18.989,-0.026,0.0,0.007,-0.011
19.54,4.172,19.063,-0.041,0.0,0.007,-0.011
19.56,5.303,18.952,-0.018,0.0,0.007,-0.011
19.58,6.017,18.884,-0.004,0.0,0.007,-0.011
19.6,6.246,18.865,0.0,0.0,0.007,-0.011
19.62,6.273,18.865,0.001,0.0,0.007,-0.011
19.64,6.261,18.87,0.0,0.0,0.007,-0.011
19.66,6.257,18.874,0.0,0.0,0.007,-0.011
19.68,6.262,18.877,-0.0,0.0,0.007,-0.011
19.7,6.272,18.879,-0.0,0.0,0.007,-0.011
19.72,6.283,18.881,-0.0,0.0,0.007,-0.011
19.74,6.293,18.884,-0.0,0.0,0.007,-0.011
19.76,6.304,18.886,0.0,0.0,0.007,-0.011
19.78,6.314,18.889,0.0,0.0,0.007,-0.011
19.8,6.324,18.891,0.0,0.0,0.007,-0.011
19.82,6.334,18.893,0.0,0.0,0.007,-0.011
19.84,6.345,18.896,0.0,0.0,0.007,-0.011
19.86,6.355,18.898,-0.0,0.0,0.007,-0.011
19.88,6.365,18.901,-0.0,0.0,0.007,-0.011
19.9,6.375,18.903,0.0,0.0,0.007,-0.011
19.92,6.385,18.906,0.0,0.0,0.007,-0.011
19.94,6.396,18.908,0.0,0.0,0.007,-0.011
19.96,6.406,18.91,0.0,0.0,0.007,-0.011
19.98,6.416,18.913,0.0,0.0,0.007,-0.011
20.0,4.995,19.072,-0.026,0.0,0.005,-0.011
20.02,4.297,19.146,-0.041,0.0,0.005,-0.011
20.04,5.427,19.036,-0.018,0.0,0.005,-0.011
20.06,6.139,18.968,-0.004,0.0,0.005,-0.011
20.08,6.367,18.949,0.0,0.0,0.005,-0.011
20.1,6.392,18.95,0.001,0.0,0.005,-0.011
20.12,6.379,18.955,0.0,0.0,0.005,-0.011
20.14,6.374,18.959,0.0,0.0,0.005,-0.011
20.16,6.378,18.963,-0.0,0.0,0.005,-0.011
20.18,6.387,18.965,-0.0,0.0,0.005,-0.011
20.2,6.396,18.968,-0.0,0.0,0.005,-0.011
20.22,6.405,18.971,-0.0,0.0,0.005,-0.011
20.24,5.764,18.639,0.0,0.026,0.005,-0.009
20.26,5.445,18.48,0.0,0.041,0.005,-0.009
20.28,4.54,18.894,-0.026,0.018,0.003,-0.009
20.3,4.167,19.128,-0.041,0.004,0.003,-0.009
20.32,5.396,19.068,-0.018,-0.0,0.003,-0.009
20.34,6.114,19.003,-0.004,-0.001,0.003,-0.009
20.36,6.329,18.979,0.0,-0.0,0.003,-0.009
20.38,6.346,18.977,0.001,-0.0,0.003,-0.009
20.4,6.328,18.98,0.0,0.0,0.003,-0.009
20.42,6.32,18.984,0.0,0.0,0.003,-0.009
20.44,6.323,18.987,-0.0,0.0,0.003,-0.009
20.46,6.329,18.99,-0.0,0.0,0.003,-0.009
20.48,6.336,18.992,-0.0,0.0,0.003,-0.009
20.5,6.344,18.995,-0.0,0.0,0.003,-0.009
20.52,6.35,18.998,0.0,0.0,0.003,-0.009
20.54,6.357,19.0,0.0,0.0,0.003,-0.009
20.56,6.364,19.003,0.0,0.0,0.003,-0.009
20.58,6.371,19.005,0.0,0.0,0.003,-0.009
20.6,6.377,19.008,-0.0,0.0,0.003,-0.009
20.62,6.384,19.01,-0.0,0.0,0.003,-0.009
20.64,6.391,19.013,-0.0,0.0,0.003,-0.009
20.66,6.398,19.015,0.0,0.0,0.003,-0.009
20.68,6.404,19.018,0.0,0.0,0.003,-0.009
20.7,6.411,19.021,0.0,0.0,0.003,-0.009
20.72,6.418,19.023,0.0,0.0,0.003,-0.009
20.74,6.425,19.026,0.0,0.0,0.003,-0.009
20.76,6.431,19.028,0.0,0.0,0.003,-0.009
20.78,6.438,19.031,0.0,0.0,0.003,-0.009
20.8,6.445,19.033,0.0,0.0,0.003,-0.009
20.82,6.451,19.036,0.0,0.0,0.003,-0.009
20.84,6.458,19.038,0.0,0.0,0.003,-0.009
20.86,6.465,19.041,0.0,0.0,0.003,-0.009
20.88,6.472,19.043,0.0,0.0,0.003,-0.009
20.9,5.047,19.203,-0.026,0.0,0.002,-0.009
20.92,4.346,19.277,-0.041,0.0,0.002,-0.009
20.94,5.472,19.167,-0.018,0.0,0.002,-0.009
20.96,6.181,19.099,-0.004,0.0,0.002,-0.009
20.98,6.405,19.08,0.0,0.0,0.002,-0.009
21.0,6.427,19.082,0.001,0.0,0.002,-0.009
21.02,6.41,19.087,0.0,0.0,0.002,-0.009
21.04,6.402,19.091,0.0,0.0,0.002,-0.009
21.06,6.402,19.094,-0.0,0.0,0.002,-0.009
21.08,6.407,19.097,-0.0,0.0,0.002,-0.009
21.1,5.763,18.766,-0.0,0.026,0.002,-0.007
21.12,5.441,18.607,-0.0,0.041,0.002,-0.007
21.14,5.965,18.865,0.0,0.018,0.002,-0.007
21.16,6.295,19.027,0.0,0.004,0.002,-0.007
21.18,6.401,19.079,0.0,-0.0,0.002,-0.007
21.2,6.414,19.085,0.0,-0.001,0.002,-0.007
21.22,6.408,19.082,-0.0,-0.0,0.002,-0.007
21.24,6.406,19.081,-0.0,-0.0,0.002,-0.007
21.26,6.408,19.083,-0.0,0.0,0.002,-0.007
21.28,6.413,19.085,0.0,0.0,0.002,-0.007
21.3,6.418,19.087,0.0,0.0,0.002,-0.007
21.32,6.422,19.09,0.0,0.0,0.002,-0.007
21.34,6.427,19.092,0.0,0.0,0.002,-0.007
21.36,6.432,19.094,0.0,0.0,0.002,-0.007
21.38,6.436,19.097,0.0,0.0,0.002,-0.007
21.4,6.441,19.099,0.0,0.0,0.002,-0.007
21.42,6.445,19.101,0.0,0.0,0.002,-0.007
21.44,6.45,19.103,0.0,0.0,0.002,-0.007
21.46,6.455,19.106,0.0,0.0,0.002,-0.007
21.48,6.459,19.108,0.0,0.0,0.002,-0.007
21.5,6.464,19.11,0.0,0.0,0.002,-0.007
21.52,6.468,19.113,0.0,0.0,0.002,-0.007
21.54,6.473,19.115,0.0,0.0,0.002,-0.007
21.56,6.477,19.117,0.0,0.0,0.002,-0.007
21.58,6.482,19.119,0.0,0.0,0.002,-0.007
21.6,5.837,18.787,0.0,0.026,0.002,-0.005
21.62,5.513,18.628,0.0,0.041,0.002,-0.005
21.64,4.605,19.041,-0.026,0.018,0.0,-0.005
21.66,4.227,19.274,-0.041,0.004,0.0,-0.005
21.68,5.451,19.214,-0.018,-0.0,0.0,-0.005
21.7,6.165,19.149,-0.004,-0.001,0.0,-0.005
21.72,6.375,19.124,0.0,-0.0,0.0,-0.005
21.74,6.388,19.121,0.001,-0.0,0.0,-0.005
21.76,6.366,19.124,0.0,0.0,0.0,-0.005
21.78,6.354,19.127,0.0,0.0,0.0,-0.005
21.8,6.353,19.13,-0.0,0.0,0.0,-0.005
21.82,6.355,19.132,-0.0,0.0,0.0,-0.005
21.84,6.358,19.134,-0.0,0.0,0.0,-0.005
21.86,6.36,19.136,-0.0,0.0,0.0,-0.005
21.88,7.795,18.981,0.026,0.0,0.002,-0.005
21.9,8.505,18.912,0.041,0.0,0.002,-0.005
21.92,7.388,19.026,0.018,0.0,0.002,-0.005
21.94,6.688,19.099,0.004,0.0,0.002,-0.005
21.96,5.042,19.279,-0.027,0.0,0.0,-0.005
21.98,4.321,19.354,-0.041,0.0,0.0,-0.005
22.0,5.466,19.241,-0.018,0.0,0.0,-0.005
22.02,6.187,19.171,-0.004,0.0,0.0,-0.005
22.04,6.412,19.15,0.0,0.0,0.0,-0.005
22.06,6.432,19.151,0.001,0.0,0.0,-0.005
22.08,6.412,19.155,0.0,0.0,0.0,-0.005
22.1,6.4,19.158,0.0,0.0,0.0,-0.005
22.12,6.397,19.161,-0.0,0.0,0.0,-0.005
22.14,6.399,19.163,-0.0,0.0,0.0,-0.005
22.16,6.402,19.165,-0.0,0.0,0.0,-0.005
22.18,6.405,19.167,-0.0,0.0,0.0,-0.005
22.2,6.408,19.169,0.0,0.0,0.0,-0.005
22.22,6.41,19.171,0.0,0.0,0.0,-0.005
22.24,6.412,19.173,0.0,0.0,0.0,-0.005
22.26,6.415,19.175,0.0,0.0,0.0,-0.005
22.28,4.986,19.334,-0.026,0.0,-0.002,-0.005
22.3,4.281,19.407,-0.041,0.0,-0.002,-0.005
22.32,5.402,19.297,-0.018,0.0,-0.002,-0.005
22.34,6.107,19.229,-0.004,0.0,-0.002,-0.005
22.36,6.327,19.209,0.0,0.0,-0.002,-0.005
22.38,6.345,19.21,0.001,0.0,-0.002,-0.005
22.4,6.324,19.214,0.0,0.0,-0.002,-0.005
22.42,6.31,19.218,0.0,0.0,-0.002,-0.005
22.44,6.307,19.221,-0.0,0.0,-0.002,-0.005
22.46,6.308,19.224,-0.0,0.0,-0.002,-0.005
22.48,6.309,19.226,-0.0,0.0,-0.002,-0.005
22.5,6.311,19.228,-0.0,0.0,-0.002,-0.005
22.52,6.312,19.231,0.0,0.0,-0.002,-0.005
22.54,6.313,19.233,0.0,0.0,-0.002,-0.005
22.56,6.314,19.236,0.0,0.0,-0.002,-0.005
22.58,6.315,19.238,0.0,0.0,-0.002,-0.005
22.6,6.316,19.241,-0.0,0.0,-0.002,-0.005
22.62,6.317,19.243,-0.0,0.0,-0.002,-0.005
22.64,6.319,19.245,-0.0,0.0,-0.002,-0.005
22.66,6.32,19.248,0.0,0.0,-0.002,-0.005
22.68,5.671,18.916,0.0,0.026,-0.002,-0.004
22.7,5.344,18.757,0.0,0.041,-0.002,-0.004
22.72,5.863,19.014,0.0,0.018,-0.002,-0.004
22.74,6.19,19.175,0.0,0.004,-0.002,-0.004
22.76,6.291,19.227,0.0,-0.0,-0.002,-0.004
22.78,4.868,19.389,-0.026,-0.001,-0.003,-0.004
22.8,4.15,19.457,-0.041,-0.0,-0.003,-0.004
22.82,5.263,19.344,-0.018,-0.0,-0.003,-0.004
22.84,5.964,19.274,-0.004,0.0,-0.003,-0.004
22.86,6.181,19.254,0.0,0.0,-0.003,-0.004
22.88,6.197,19.255,0.001,0.0,-0.003,-0.004
22.9,6.174,19.259,0.0,0.0,-0.003,-0.004
22.92,6.159,19.263,0.0,0.0,-0.003,-0.004
22.94,7.585,19.109,0.026,0.0,-0.002,-0.004
22.96,8.291,19.039,0.041,0.0,-0.002,-0.004
22.98,7.171,19.154,0.018,0.0,-0.002,-0.004
23.0,6.468,19.226,0.004,0.0,-0.002,-0.004
23.02,6.25,19.25,-0.0,0.0,-0.002,-0.004
23.04,6.233,19.253,-0.001,0.0,-0.002,-0.004
23.06,6.256,19.253,-0.0,0.0,-0.002,-0.004
23.08,6.27,19.253,-0.0,0.0,-0.002,-0.004
23.1,4.843,19.411,-0.026,0.0,-0.003,-0.004
23.12,4.137,19.485,-0.041,0.0,-0.003,-0.004
23.14,5.256,19.374,-0.018,0.0,-0.003,-0.004
23.16,5.958,19.306,-0.004,0.0,-0.003,-0.004
23.18,6.175,19.286,0.0,0.0,-0.003,-0.004
23.2,6.191,19.286,0.001,0.0,-0.003,-0.004
23.22,6.168,19.291,0.0,0.0,-0.003,-0.004
23.24,6.153,19.294,0.0,0.0,-0.003,-0.004
23.26,6.147,19.297,-0.0,0.0,-0.003,-0.004
23.28,6.146,19.299,-0.0,0.0,-0.003,-0.004
23.3,6.145,19.301,-0.0,0.0,-0.003,-0.004
23.32,6.145,19.303,-0.0,0.0,-0.003,-0.004
23.34,6.144,19.305,0.0,0.0,-0.003,-0.004
23.36,6.143,19.308,0.0,0.0,-0.003,-0.004
23.38,6.142,19.31,0.0,0.0,-0.003,-0.004
23.4,6.141,19.312,0.0,0.0,-0.003,-0.004
23.42,6.139,19.314,-0.0,0.0,-0.003,-0.004
23.44,6.138,19.316,-0.0,0.0,-0.003,-0.004
23.46,6.137,19.318,-0.0,0.0,-0.003,-0.004
23.48,6.136,19.321,0.0,0.0,-0.003,-0.004
23.5,6.135,19.323,0.0,0.0,-0.003,-0.004
23.52,6.134,19.325,0.0,0.0,-0.003,-0.004
23.54,6.133,19.327,0.0,0.0,-0.003,-0.004
23.56,6.132,19.329,0.0,0.0,-0.003,-0.004
23.58,6.131,19.331,0.0,0.0,-0.003,-0.004
23.6,5.48,18.999,0.0,0.026,-0.003,-0.002
23.62,5.151,18.84,0.0,0.041,-0.003,-0.002
23.64,5.669,19.096,0.0,0.018,-0.003,-0.002
23.66,5.993,19.258,0.0,0.004,-0.003,-0.002
23.68,6.092,19.309,0.0,-0.0,-0.003,-0.002
23.7,6.098,19.314,0.0,-0.001,-0.003,-0.002
23.72,6.086,19.311,0.0,-0.0,-0.003,-0.002
23.74,6.077,19.309,0.0,-0.0,-0.003,-0.002
23.76,6.074,19.31,0.0,0.0,-0.003,-0.002
23.78,6.072,19.311,0.0,0.0,-0.003,-0.002
23.8,5.42,18.978,0.0,0.026,-0.003,-0.0
23.82,5.09,18.818,0.0,0.041,-0.003,-0.0
23.84,5.607,19.074,0.0,0.018,-0.003,-0.0
23.86,5.93,19.235,0.0,0.004,-0.003,-0.0
23.88,6.029,19.286,0.0,-0.0,-0.003,-0.0
23.9,6.034,19.29,0.0,-0.001,-0.003,-0.0
23.92,6.021,19.286,0.0,-0.0,-0.003,-0.0
23.94,6.012,19.284,0.0,-0.0,-0.003,-0.0
23.96,6.007,19.283,0.0,0.0,-0.003,-0.0
23.98,6.004,19.284,0.0,0.0,-0.003,-0.0
24.0,5.352,18.95,0.0,0.026,-0.003,0.002
24.02,5.021,18.79,0.0,0.041,-0.003,0.002
24.04,5.537,19.045,0.0,0.018,-0.003,0.002
24.06,5.859,19.205,0.0,0.004,-0.003,0.002
24.08,5.957,19.255,0.0,-0.0,-0.003,0.002
24.1,5.961,19.259,0.0,-0.001,-0.003,0.002
24.12,5.948,19.254,0.0,-0.0,-0.003,0.002
24.14,5.938,19.251,0.0,-0.0,-0.003,0.002
24.16,5.932,19.25,0.0,0.0,-0.003,0.002
24.18,5.928,19.251,0.0,0.0,-0.003,0.002
24.2,5.925,19.251,0.0,0.0,-0.003,0.002
24.22,5.922,19.251,0.0,0.0,-0.003,0.002
24.24,5.919,19.251,0.0,0.0,-0.003,0.002
24.26,5.915,19.251,0.0,0.0,-0.003,0.002
24.28,5.912,19.252,0.0,0.0,-0.003,0.002
24.3,5.908,19.252,0.0,0.0,-0.003,0.002
24.32,5.905,19.252,0.0,0.0,-0.003,0.002
24.34,5.901,19.252,0.0,0.0,-0.003,0.002
24.36,5.898,19.252,0.0,0.0,-0.003,0.002
24.38,5.894,19.252,0.0,0.0,-0.003,0.002
24.4,5.891,19.253,0.0,0.0,-0.003,0.002
24.42,5.887,19.253,0.0,0.0,-0.003,0.002
24.44,5.884,19.253,0.0,0.0,-0.003,0.002
24.46,5.881,19.253,0.0,0.0,-0.003,0.002
24.48,5.227,18.918,0.0,0.026,-0.003,0.003
24.5,4.896,18.757,0.0,0.041,-0.003,0.003
24.52,5.411,19.012,0.0,0.018,-0.003,0.003
24.54,5.732,19.171,0.0,0.004,-0.003,0.003
24.56,5.829,19.221,0.0,-0.0,-0.003,0.003
24.58,5.833,19.224,0.0,-0.001,-0.003,0.003
24.6,5.818,19.218,0.0,-0.0,-0.003,0.003
24.62,5.807,19.215,0.0,-0.0,-0.003,0.003
24.64,5.801,19.213,0.0,0.0,-0.003,0.003
24.66,5.797,19.213,0.0,0.0,-0.003,0.003
24.68,5.792,19.212,0.0,0.0,-0.003,0.003
24.7,5.788,19.212,0.0,0.0,-0.003,0.003
24.72,5.784,19.211,0.0,0.0,-0.003,0.003
24.74,5.78,19.211,0.0,0.0,-0.003,0.003
24.76,5.776,19.21,0.0,0.0,-0.003,0.003
24.78,5.771,19.21,0.0,0.0,-0.003,0.003
24.8,5.767,19.209,0.0,0.0,-0.003,0.003
24.82,6.413,19.543,0.0,-0.026,-0.003,0.002
24.84,6.737,19.704,0.0,-0.041,-0.003,0.002
24.86,6.214,19.449,0.0,-0.018,-0.003,0.002
24.88,7.316,19.133,0.026,-0.004,-0.002,0.002
24.9,7.919,19.012,0.041,0.0,-0.002,0.002
24.92,5.357,19.277,-0.008,0.001,-0.003,0.002
24.94,3.954,19.424,-0.037,0.0,-0.003,0.002
24.96,4.859,19.337,-0.019,0.0,-0.003,0.002
24.98,5.545,19.269,-0.005,-0.0,-0.003,0.002
25.0,5.782,19.245,0.0,-0.0,-0.003,0.002
25.02,5.809,19.242,0.001,-0.0,-0.003,0.002
25.04,5.788,19.244,0.0,-0.0,-0.003,0.002
25.06,5.771,19.245,0.0,0.0,-0.003,0.002
25.08,5.762,19.246,-0.0,0.0,-0.003,0.002
25.1,5.758,19.246,-0.0,0.0,-0.003,0.002
25.12,5.755,19.246,-0.0,0.0,-0.003,0.002
25.14,5.752,19.246,-0.0,0.0,-0.003,0.002
25.16,5.099,18.912,-0.0,0.026,-0.003,0.003
25.18,4.767,18.751,0.0,0.041,-0.003,0.003
25.2,5.282,19.005,0.0,0.018,-0.003,0.003
25.22,5.604,19.165,0.0,0.004,-0.003,0.003
25.24,5.701,19.214,0.0,-0.0,-0.003,0.003
25.26,5.704,19.217,-0.0,-0.001,-0.003,0.003
25.28,5.69,19.212,-0.0,-0.0,-0.003,0.003
25.3,5.679,19.208,0.0,-0.0,-0.003,0.003
25.32,5.673,19.207,0.0,0.0,-0.003,0.003
25.34,5.668,19.206,0.0,0.0,-0.003,0.003
25.36,5.664,19.206,0.0,0.0,-0.003,0.003
25.38,5.66,19.205,0.0,0.0,-0.003,0.003
25.4,5.656,19.205,0.0,0.0,-0.003,0.003
25.42,5.651,19.204,0.0,0.0,-0.003,0.003
25.44,5.647,19.204,0.0,0.0,-0.003,0.003
25.46,5.643,19.203,0.0,0.0,-0.003,0.003
25.48,5.639,19.203,0.0,0.0,-0.003,0.003
25.5,7.066,19.045,0.026,0.0,-0.002,0.003
25.52,7.769,18.974,0.041,0.0,-0.002,0.003
25.54,7.296,19.42,0.018,-0.026,-0.002,0.002
25.56,6.917,19.651,0.004,-0.041,-0.002,0.002
25.58,6.178,19.418,-0.0,-0.018,-0.002,0.002
25.6,5.833,19.259,-0.001,-0.004,-0.002,0.002
25.62,5.751,19.207,-0.0,0.0,-0.002,0.002
25.64,5.756,19.201,-0.0,0.001,-0.002,0.002
25.66,5.768,19.206,0.0,0.0,-0.002,0.002
25.68,4.342,19.366,-0.026,0.0,-0.003,0.002
25.7,3.634,19.438,-0.041,-0.0,-0.003,0.002
25.72,4.751,19.325,-0.018,-0.0,-0.003,0.002
25.74,5.451,19.255,-0.004,-0.0,-0.003,0.002
25.76,5.665,19.233,0.0,-0.0,-0.003,0.002
25.78,5.679,19.231,0.001,0.0,-0.003,0.002
25.8,5.003,18.899,0.0,0.026,-0.003,0.003
25.82,4.657,18.739,0.0,0.041,-0.003,0.003
25.84,5.168,18.994,-0.0,0.018,-0.003,0.003
25.86,5.489,19.154,-0.0,0.004,-0.003,0.003
25.88,5.587,19.203,-0.0,-0.0,-0.003,0.003
25.9,5.59,19.206,-0.0,-0.001,-0.003,0.003
25.92,5.576,19.201,0.0,-0.0,-0.003,0.003
25.94,5.565,19.197,0.0,-0.0,-0.003,0.003
25.96,5.559,19.196,0.0,0.0,-0.003,0.003
25.98,5.554,19.195,0.0,0.0,-0.003,0.003
26.0,5.55,19.195,-0.0,0.0,-0.003,0.003
26.02,5.546,19.194,-0.0,0.0,-0.003,0.003
26.04,5.542,19.194,-0.0,0.0,-0.003,0.003
26.06,5.538,19.193,0.0,0.0,-0.003,0.003
26.08,5.533,19.193,0.0,0.0,-0.003,0.003
26.1,4.879,18.857,0.0,0.026,-0.003,0.005
26.12,4.547,18.695,0.0,0.041,-0.003,0.005
26.14,5.061,18.949,0.0,0.018,-0.003,0.005
26.16,5.382,19.108,0.0,0.004,-0.003,0.005
26.18,6.91,19.0,0.026,-0.0,-0.002,0.005
26.2,7.62,18.931,0.041,-0.001,-0.002,0.005
26.22,6.485,19.038,0.018,-0.0,-0.002,0.005
26.24,5.771,19.103,0.004,-0.0,-0.002,0.005
26.26,5.547,19.123,-0.0,0.0,-0.002,0.005
26.28,5.526,19.123,-0.001,0.0,-0.002,0.005
26.3,5.545,19.119,-0.0,0.0,-0.002,0.005
26.32,6.206,19.451,-0.0,-0.026,-0.002,0.003
26.34,6.534,19.61,0.0,-0.041,-0.002,0.003
26.36,6.013,19.354,0.0,-0.018,-0.002,0.003
26.38,5.683,19.193,0.0,-0.004,-0.002,0.003
26.4,5.579,19.143,0.0,0.0,-0.002,0.003
26.42,5.568,19.138,-0.0,0.001,-0.002,0.003
26.44,5.575,19.142,-0.0,0.0,-0.002,0.003
26.46,5.579,19.144,-0.0,0.0,-0.002,0.003
26.48,5.578,19.144,-0.0,-0.0,-0.002,0.003
26.5,4.144,19.3,-0.026,-0.0,-0.003,0.003
26.52,3.433,19.371,-0.041,-0.0,-0.003,0.003
26.54,4.55,19.258,-0.018,-0.0,-0.003,0.003
26.56,5.249,19.186,-0.004,0.0,-0.003,0.003
26.58,5.463,19.164,0.0,0.0,-0.003,0.003
26.6,5.476,19.162,0.001,0.0,-0.003,0.003
26.62,5.449,19.163,0.0,0.0,-0.003,0.003
26.64,5.431,19.164,0.0,0.0,-0.003,0.003
26.66,4.772,18.829,-0.0,0.026,-0.003,0.005
26.68,4.439,18.668,-0.0,0.041,-0.003,0.005
26.7,4.954,18.922,-0.0,0.018,-0.003,0.005
26.72,5.275,19.08,-0.0,0.004,-0.003,0.005
26.74,5.371,19.129,0.0,-0.0,-0.003,0.005
26.76,5.374,19.132,0.0,-0.001,-0.003,0.005
26.78,5.359,19.125,0.0,-0.0,-0.003,0.005
26.8,5.347,19.121,0.0,-0.0,-0.003,0.005
26.82,5.34,19.119,-0.0,0.0,-0.003,0.005
26.84,6.766,18.961,0.026,0.0,-0.002,0.005
26.86,7.469,18.888,0.041,0.0,-0.002,0.005
26.88,6.344,19.0,0.018,0.0,-0.002,0.005
26.9,5.637,19.069,0.004,0.0,-0.002,0.005
26.92,5.415,19.089,-0.0,0.0,-0.002,0.005
26.94,5.395,19.089,-0.001,0.0,-0.002,0.005
26.96,5.413,19.085,-0.0,0.0,-0.002,0.005
26.98,5.423,19.082,-0.0,0.0,-0.002,0.005
27.0,5.424,19.08,0.0,0.0,-0.002,0.005
27.02,5.421,19.079,0.0,0.0,-0.002,0.005
27.04,5.417,19.077,0.0,0.0,-0.002,0.005
27.06,5.413,19.076,0.0,0.0,-0.002,0.005
27.08,5.409,19.074,-0.0,0.0,-0.002,0.005
27.1,5.405,19.073,-0.0,0.0,-0.002,0.005
27.12,5.401,19.071,-0.0,0.0,-0.002,0.005
27.14,5.398,19.069,-0.0,0.0,-0.002,0.005
27.16,5.394,19.068,0.0,0.0,-0.002,0.005
27.18,5.39,19.066,0.0,0.0,-0.002,0.005
27.2,5.387,19.065,0.0,0.0,-0.002,0.005
27.22,5.383,19.063,0.0,0.0,-0.002,0.005
27.24,5.379,19.062,0.0,0.0,-0.002,0.005
27.26,5.375,19.06,0.0,0.0,-0.002,0.005
27.28,5.372,19.058,0.0,0.0,-0.002,0.005
27.3,5.368,19.057,0.0,0.0,-0.002,0.005
27.32,5.364,19.055,0.0,0.0,-0.002,0.005
27.34,5.36,19.054,0.0,0.0,-0.002,0.005
27.36,5.357,19.052,0.0,0.0,-0.002,0.005
27.38,5.353,19.05,0.0,0.0,-0.002,0.005
27.4,5.349,19.049,0.0,0.0,-0.002,0.005
27.42,5.345,19.047,0.0,0.0,-0.002,0.005
27.44,5.342,19.046,0.0,0.0,-0.002,0.005
27.46,5.338,19.044,0.0,0.0,-0.002,0.005
27.48,5.334,19.043,0.0,0.0,-0.002,0.005
27.5,5.331,19.041,0.0,0.0,-0.002,0.005
27.52,3.895,19.196,-0.026,0.0,-0.003,0.005
27.54,3.184,19.266,-0.041,0.0,-0.003,0.005
27.56,4.299,19.152,-0.018,0.0,-0.003,0.005
27.58,6.43,18.924,0.022,0.0,-0.002,0.005
27.6,7.35,18.829,0.041,0.0,-0.002,0.005
27.62,6.243,18.938,0.019,0.0,-0.002,0.005
27.64,5.513,19.01,0.004,0.0,-0.002,0.005
27.66,5.277,19.032,-0.0,0.0,-0.002,0.005
27.68,5.252,19.032,-0.001,0.0,-0.002,0.005
27.7,5.27,19.028,-0.0,0.0,-0.002,0.005
27.72,5.281,19.025,-0.0,0.0,-0.002,0.005
27.74,5.282,19.023,0.0,0.0,-0.002,0.005
27.76,5.279,19.022,0.0,0.0,-0.002,0.005
27.78,5.275,19.02,0.0,0.0,-0.002,0.005
27.8,6.702,18.862,0.026,0.0,0.0,0.005
27.82,7.406,18.789,0.041,0.0,0.0,0.005
27.84,6.283,18.9,0.018,0.0,0.0,0.005
27.86,5.577,18.968,0.004,0.0,0.0,0.005
27.88,5.356,18.988,-0.0,0.0,0.0,0.005
27.9,5.337,18.988,-0.001,0.0,0.0,0.005
27.92,5.357,18.984,-0.0,0.0,0.0,0.005
27.94,5.368,18.98,-0.0,0.0,0.0,0.005
27.96,3.939,19.135,-0.026,0.0,-0.002,0.005
27.98,3.229,19.204,-0.041,0.0,-0.002,0.005
28.0,4.346,19.09,-0.018,0.0,-0.002,0.005
28.02,5.046,19.018,-0.004,0.0,-0.002,0.005
28.04,5.26,18.994,0.0,0.0,-0.002,0.005
28.06,5.273,18.991,0.001,0.0,-0.002,0.005
28.08,5.247,18.991,0.0,0.0,-0.002,0.005
28.1,5.229,18.991,0.0,0.0,-0.002,0.005
28.12,5.221,18.99,-0.0,0.0,-0.002,0.005
28.14,5.217,18.989,-0.0,0.0,-0.002,0.005
28.16,5.214,18.987,-0.0,0.0,-0.002,0.005
28.18,5.21,18.985,-0.0,0.0,-0.002,0.005
28.2,5.207,18.984,0.0,0.0,-0.002,0.005
28.22,5.203,18.982,0.0,0.0,-0.002,0.005
28.24,5.199,18.981,0.0,0.0,-0.002,0.005
28.26,5.195,18.979,0.0,0.0,-0.002,0.005
28.28,5.192,18.978,-0.0,0.0,-0.002,0.005
28.3,5.188,18.976,-0.0,0.0,-0.002,0.005
28.32,5.184,18.974,-0.0,0.0,-0.002,0.005
28.34,5.18,18.973,0.0,0.0,-0.002,0.005
28.36,5.177,18.971,0.0,0.0,-0.002,0.005
28.38,5.173,18.97,0.0,0.0,-0.002,0.005
28.4,5.169,18.968,0.0,0.0,-0.002,0.005
28.42,5.165,18.967,0.0,0.0,-0.002,0.005
28.44,5.162,18.965,0.0,0.0,-0.002,0.005
28.46,5.158,18.963,0.0,0.0,-0.002,0.005
28.48,6.586,18.805,0.026,0.0,0.0,0.005
28.5,7.29,18.732,0.041,0.0,0.0,0.005
28.52,6.167,18.843,0.018,0.0,0.0,0.005
28.54,5.461,18.912,0.004,0.0,0.0,0.005
28.56,5.24,18.932,-0.0,0.0,0.0,0.005
28.58,5.221,18.931,-0.001,0.0,0.0,0.005
28.6,5.24,18.927,-0.0,0.0,0.0,0.005
28.62,5.252,18.924,-0.0,0.0,0.0,0.005
28.64,5.254,18.921,0.0,0.0,0.0,0.005
28.66,5.252,18.919,0.0,0.0,0.0,0.005
28.68,5.25,18.917,0.0,0.0,0.0,0.005
28.7,5.247,18.915,0.0,0.0,0.0,0.005
28.72,5.244,18.913,-0.0,0.0,0.0,0.005
28.74,5.892,19.246,-0.0,-0.026,0.0,0.003
28.76,6.218,19.405,-0.0,-0.041,0.0,0.003
28.78,5.697,19.149,-0.0,-0.018,0.0,0.003
28.8,5.369,18.988,0.0,-0.004,0.0,0.003
28.82,3.835,19.093,-0.026,0.0,-0.002,0.003
28.84,3.118,19.16,-0.041,0.001,-0.002,0.003
28.86,4.246,19.051,-0.018,0.0,-0.002,0.003
28.88,4.953,18.983,-0.004,0.0,-0.002,0.003
28.9,5.171,18.961,0.0,-0.0,-0.002,0.003
28.92,5.185,18.958,0.001,-0.0,-0.002,0.003
28.94,5.16,18.959,0.0,-0.0,-0.002,0.003
28.96,5.142,18.96,0.0,-0.0,-0.002,0.003
28.98,5.135,18.959,-0.0,0.0,-0.002,0.003
29.0,5.131,18.959,-0.0,0.0,-0.002,0.003
29.02,5.129,18.958,-0.0,0.0,-0.002,0.003
29.04,5.126,18.957,-0.0,0.0,-0.002,0.003
29.06,6.555,18.799,0.026,0.0,0.0,0.003
29.08,7.26,18.727,0.041,0.0,0.0,0.003
29.1,6.137,18.838,0.018,0.0,0.0,0.003
29.12,5.432,18.908,0.004,0.0,0.0,0.003
29.14,5.212,18.928,-0.0,0.0,0.0,0.003
29.16,5.194,18.929,-0.001,0.0,0.0,0.003
29.18,5.214,18.925,-0.0,0.0,0.0,0.003
29.2,5.227,18.922,-0.0,0.0,0.0,0.003
29.22,5.23,18.921,0.0,0.0,0.0,0.003
29.24,5.229,18.919,0.0,0.0,0.0,0.003
29.26,5.227,18.918,0.0,0.0,0.0,0.003
29.28,5.225,18.917,0.0,0.0,0.0,0.003
29.3,5.223,18.915,-0.0,0.0,0.0,0.003
29.32,5.222,18.914,-0.0,0.0,0.0,0.003
29.34,5.22,18.913,-0.0,0.0,0.0,0.003
29.36,5.219,18.911,-0.0,0.0,0.0,0.003
29.38,5.217,18.91,0.0,0.0,0.0,0.003
29.4,5.215,18.909,0.0,0.0,0.0,0.003
29.42,5.214,18.907,0.0,0.0,0.0,0.003
29.44,5.212,18.906,0.0,0.0,0.0,0.003
29.46,5.211,18.905,-0.0,0.0,0.0,0.003
29.48,5.209,18.904,-0.0,0.0,0.0,0.003
29.5,5.207,18.902,-0.0,0.0,0.0,0.003
29.52,5.206,18.901,-0.0,0.0,0.0,0.003
29.54,5.204,18.9,0.0,0.0,0.0,0.003
29.56,5.203,18.898,0.0,0.0,0.0,0.003
29.58,5.201,18.897,0.0,0.0,0.0,0.003
29.6,3.768,19.052,-0.026,0.0,-0.002,0.003
29.62,3.059,19.122,-0.041,0.0,-0.002,0.003
29.64,4.176,19.009,-0.018,0.0,-0.002,0.003
29.66,4.877,18.937,-0.004,0.0,-0.002,0.003
29.68,5.092,18.914,0.0,0.0,-0.002,0.003
29.7,5.106,18.912,0.001,0.0,-0.002,0.003
29.72,5.081,18.913,0.0,0.0,-0.002,0.003
29.74,5.064,18.914,0.0,0.0,-0.002,0.003
29.76,5.057,18.913,-0.0,0.0,-0.002,0.003
29.78,5.053,18.912,-0.0,0.0,-0.002,0.003
29.8,6.483,18.755,0.026,0.0,0.0,0.003
29.82,7.187,18.682,0.041,0.0,0.0,0.003
29.84,6.065,18.794,0.018,0.0,0.0,0.003
29.86,5.36,18.863,0.004,0.0,0.0,0.003
29.88,5.14,18.884,-0.0,0.0,0.0,0.003
29.9,5.122,18.884,-0.001,0.0,0.0,0.003
29.92,5.142,18.881,-0.0,0.0,0.0,0.003
29.94,5.155,18.878,-0.0,0.0,0.0,0.003
29.96,5.158,18.876,0.0,0.0,0.0,0.003
29.98,5.157,18.875,0.0,0.0,0.0,0.003
30.0,5.155,18.873,0.0,0.0,0.0,0.003
30.02,5.153,18.872,0.0,0.0,0.0,0.003
30.04,5.151,18.871,-0.0,0.0,0.0,0.003
30.06,5.15,18.869,-0.0,0.0,0.0,0.003
30.08,5.148,18.868,-0.0,0.0,0.0,0.003
30.1,5.146,18.867,-0.0,0.0,0.0,0.003
30.12,5.145,18.866,0.0,0.0,0.0,0.003
30.14,5.143,18.864,0.0,0.0,0.0,0.003
30.16,5.142,18.863,0.0,0.0,0.0,0.003
30.18,5.14,18.862,0.0,0.0,0.0,0.003
30.2,5.138,18.86,-0.0,0.0,0.0,0.003
30.22,5.137,18.859,-0.0,0.0,0.0,0.003
30.24,5.135,18.858,-0.0,0.0,0.0,0.003
30.26,5.134,18.856,-0.0,0.0,0.0,0.003
30.28,5.132,18.855,0.0,0.0,0.0,0.003
30.3,5.781,19.188,0.0,-0.026,0.0,0.002
30.32,6.107,19.349,0.0,-0.041,0.0,0.002
30.34,5.587,19.093,0.0,-0.018,0.0,0.002
30.36,5.26,18.932,-0.0,-0.004,0.0,0.002
30.38,5.158,18.882,-0.0,0.0,0.0,0.002
30.4,5.15,18.877,-0.0,0.001,0.0,0.002
30.42,5.159,18.882,-0.0,0.0,0.0,0.002
30.44,5.165,18.884,0.0,0.0,0.0,0.002
30.46,5.166,18.885,0.0,-0.0,0.0,0.002
30.48,5.166,18.884,0.0,-0.0,0.0,0.002
30.5,5.165,18.883,0.0,-0.0,0.0,0.002
30.52,5.164,18.883,0.0,-0.0,0.0,0.002
30.54,5.163,18.882,-0.0,0.0,0.0,0.002
30.56,5.162,18.881,-0.0,0.0,0.0,0.002
30.58,5.161,18.881,-0.0,0.0,0.0,0.002
30.6,5.161,18.88,-0.0,0.0,0.0,0.002
30.62,5.16,18.879,0.0,0.0,0.0,0.002
30.64,5.159,18.879,0.0,0.0,0.0,0.002
30.66,5.158,18.878,0.0,0.0,0.0,0.002
30.68,5.157,18.877,0.0,0.0,0.0,0.002
30.7,5.157,18.877,-0.0,0.0,0.0,0.002
30.72,5.156,18.876,-0.0,0.0,0.0,0.002
30.74,5.155,18.875,-0.0,0.0,0.0,0.002
30.76,5.154,18.875,-0.0,0.0,0.0,0.002
30.78,5.154,18.874,0.0,0.0,0.0,0.002
30.8,5.153,18.874,0.0,0.0,0.0,0.002
30.82,5.152,18.873,0.0,0.0,0.0,0.002
30.84,5.151,18.872,0.0,0.0,0.0,0.002
30.86,5.15,18.872,-0.0,0.0,0.0,0.002
30.88,5.15,18.871,-0.0,0.0,0.0,0.002
30.9,5.149,18.87,-0.0,0.0,0.0,0.002
30.92,5.148,18.87,-0.0,0.0,0.0,0.002
30.94,5.147,18.869,0.0,0.0,0.0,0.002
30.96,5.147,18.868,0.0,0.0,0.0,0.002
30.98,5.146,18.868,0.0,0.0,0.0,0.002
31.0,5.145,18.867,0.0,0.0,0.0,0.002
31.02,5.144,18.866,-0.0,0.0,0.0,0.002
31.04,5.143,18.866,-0.0,0.0,0.0,0.002
31.06,5.143,18.865,-0.0,0.0,0.0,0.002
31.08,5.142,18.864,-0.0,0.0,0.0,0.002
31.1,5.141,18.864,0.0,0.0,0.0,0.002
31.12,5.14,18.863,0.0,0.0,0.0,0.002
31.14,5.14,18.863,0.0,0.0,0.0,0.002
31.16,5.139,18.862,0.0,0.0,0.0,0.002
31.18,5.138,18.861,-0.0,0.0,0.0,0.002
31.2,5.137,18.861,-0.0,0.0,0.0,0.002
31.22,5.136,18.86,-0.0,0.0,0.0,0.002
31.24,5.136,18.859,,,,
