Tiempo ,ANGULO,ESTIMULO
-0.4,0.0,0.0
-0.38,0.0,0.0
-0.36,0.0,0.0
-0.34,0.0,0.0
-0.32,0.0,0.0
-0.3,0.0,0.0
-0.28,0.0,0.0
-0.26,0.0,0.0
-0.24,0.0,0.0
-0.22,0.0,0.0
-0.2,0.0,0.0
-0.18,0.0,0.0
-0.16,0.0,0.0
-0.14,0.0,0.0
-0.12,0.0,0.0
-0.1,0.0,0.0
-0.08,0.0,0.0
-0.06,0.0,0.0
-0.04,0.0,0.0
-0.02,0.0,0.0
0.0,-0.0,0.0
0.02,-0.0,0.0
0.04,-0.0,0.0
0.06,-0.0,0.0
0.08,-0.0,0.0
0.1,-0.0,0.0
0.12,-0.0,0.0
0.14,-0.0,0.0
0.16,-0.0,0.0
0.18,-0.0,0.0
0.2,-0.0,0.0
0.22,-0.0,0.0
0.24,-0.0,0.0
0.26,-0.0,0.0
0.28,-0.0,0.0
0.3,-0.0,0.0
0.32,-0.0,0.0
0.34,-0.0,0.0
0.36,-0.0,0.0
0.38,-0.0,0.0
0.4,-0.0,0.0
0.42,-0.0,0.0
0.44,-0.0,0.0
0.46,-0.0,0.0
0.48,-0.0,0.0
0.5,-0.0,0.0
0.52,-0.0,0.0
0.54,-0.0,0.0
0.56,-0.0,0.0
0.58,-0.0,0.0
0.6,-0.0,0.0
0.62,-0.0,0.0
0.64,-0.0,0.0
0.66,-0.0,0.0
0.68,-0.0,0.0
0.7,-0.0,0.0
0.72,-0.0,0.0
0.74,-0.0,0.0
0.76,-0.0,0.0
0.78,-0.0,0.0
0.8,-0.0,0.0
0.82,-0.0,0.0
0.84,-0.0,0.0
0.86,-0.0,0.0
0.88,-0.0,0.0
0.9,-0.0,0.0
0.92,-0.0,0.0
0.94,-0.0,0.0
0.96,-0.0,0.0
0.98,-0.0,0.0
1.0,-0.0,0.0
1.02,-0.0,0.0
1.04,-0.0,1.7
1.06,-0.0,1.7
1.08,-0.0,1.7
1.1,-0.0,1.7
1.12,-0.0,1.7
1.14,-0.0,1.7
1.16,0.002,1.7
1.18,0.002,1.7
1.2,0.005,1.7
1.22,0.009,1.7
1.24,0.014,1.7
1.26,0.023,1.7
1.28,0.033,1.7
1.3,0.047,1.7
1.32,0.063,1.7
1.34,0.084,1.7
1.36,0.106,1.7
1.38,0.131,1.7
1.4,0.161,1.7
1.42,0.192,1.7
1.44,0.225,1.7
1.46,0.26,1.7
1.48,0.298,1.7
1.5,0.339,1.7
1.52,0.379,1.7
1.54,0.421,1.7
1.56,0.464,1.7
1.58,0.508,1.7
1.6,0.552,1.7
1.62,0.597,1.7
1.64,0.641,1.7
1.66,0.682,1.7
1.68,0.726,1.7
1.7,0.768,1.7
1.72,0.808,1.7
1.74,0.846,1.7
1.76,0.883,1.7
1.78,0.92,1.7
1.8,0.953,1.7
1.82,0.984,1.7
1.84,1.014,1.7
1.86,1.04,1.7
1.88,1.065,1.7
1.9,1.087,1.7
1.92,1.107,1.7
1.94,1.124,1.7
1.96,1.138,1.7
1.98,1.148,1.7
2.0,1.157,1.7
2.02,1.164,1.7
2.04,1.168,1.7
2.06,1.168,1.7
2.08,1.166,1.7
2.1,1.161,1.7
2.12,1.154,1.7
2.14,1.143,1.7
2.16,1.131,1.7
2.18,1.115,1.7
2.2,1.098,1.7
2.22,1.079,1.7
2.24,1.056,1.7
2.26,1.031,1.7
2.28,1.005,1.7
2.3,0.977,1.7
2.32,0.946,1.7
2.34,0.915,1.7
2.36,0.88,1.7
2.38,0.845,1.7
2.4,0.808,1.7
2.42,0.771,1.7
2.44,0.733,1.7
2.46,0.695,1.7
2.48,0.654,1.7
2.5,0.614,1.7
2.52,0.576,1.7
2.54,0.536,1.7
2.56,0.497,1.7
2.58,0.461,1.7
2.6,0.424,1.7
2.62,0.389,1.7
2.64,0.356,1.7
2.66,0.323,1.7
2.68,0.293,1.7
2.7,0.267,1.7
2.72,0.241,1.7
2.74,0.218,1.7
2.76,0.199,1.7
2.78,0.182,1.7
2.8,0.168,1.7
2.82,0.157,1.7
2.84,0.15,1.7
2.86,0.145,1.7
2.88,0.143,1.7
2.9,0.145,1.7
2.92,0.15,1.7
2.94,0.159,1.7
2.96,0.169,1.7
2.98,0.183,1.7
3.0,0.201,1.7
3.02,0.22,1.7
3.04,0.243,1.7
3.06,0.267,1.7
3.08,0.295,1.7
3.1,0.323,1.7
3.12,0.353,1.7
3.14,0.386,1.7
3.16,0.419,1.7
3.18,0.454,1.7
3.2,0.489,1.7
3.22,0.524,1.7
3.24,0.559,1.7
3.26,0.595,1.7
3.28,0.63,1.7
3.3,0.667,1.7
3.32,0.702,1.7
3.34,0.735,1.7
3.36,0.768,1.7
3.38,0.799,1.7
3.4,0.829,1.7
3.42,0.859,1.7
3.44,0.887,1.7
3.46,0.911,1.7
3.48,0.935,1.7
3.5,0.956,1.7
3.52,0.977,1.7
3.54,0.995,1.7
3.56,1.009,1.7
3.58,1.023,1.7
3.6,1.033,1.7
3.62,1.042,1.7
3.64,1.049,1.7
3.66,1.052,1.7
3.68,1.054,1.7
3.7,1.052,1.7
3.72,1.049,1.7
3.74,1.044,1.7
3.76,1.037,1.7
3.78,1.028,1.7
3.8,1.016,1.7
3.82,1.002,1.7
3.84,0.984,1.7
3.86,0.967,1.7
3.88,0.946,1.7
3.9,0.925,1.7
3.92,0.901,1.7
3.94,0.876,1.7
3.96,0.85,1.7
3.98,0.822,1.7
4.0,0.792,1.7
4.02,0.763,1.7
4.04,0.733,1.7
4.06,0.702,1.7
4.08,0.67,1.7
4.1,0.637,1.7
4.12,0.606,1.7
4.14,0.572,1.7
4.16,0.541,1.7
4.18,0.51,1.7
4.2,0.48,1.7
4.22,0.45,1.7
4.24,0.421,1.7
4.26,0.394,1.7
4.28,0.368,1.7
4.3,0.344,1.7
4.32,0.323,1.7
4.34,0.302,1.7
4.36,0.284,1.7
4.38,0.267,1.7
4.4,0.255,1.7
4.42,0.243,1.7
4.44,0.234,1.7
4.46,0.229,1.7
4.48,0.225,1.7
4.5,0.223,1.7
4.52,0.225,1.7
4.54,0.229,1.7
4.56,0.236,1.7
4.58,0.246,1.7
4.6,0.257,1.7
4.62,0.271,1.7
4.64,0.288,1.7
4.66,0.305,1.7
4.68,0.326,1.7
4.7,0.347,1.7
4.72,0.372,1.7
4.74,0.396,1.7
4.76,0.422,1.7
4.78,0.449,1.7
4.8,0.476,1.7
4.82,0.504,1.7
4.84,0.534,1.7
4.86,0.564,1.7
4.88,0.593,1.7
4.9,0.621,1.7
4.92,0.651,1.7
4.94,0.679,1.7
4.96,0.707,1.7
4.98,0.735,1.7
5.0,0.761,1.7
5.02,0.785,1.7
5.04,0.808,1.7
5.06,0.831,1.7
5.08,0.852,1.7
5.1,0.871,1.7
5.12,0.89,1.7
5.14,0.906,1.7
5.16,0.92,1.7
5.18,0.932,1.7
5.2,0.942,1.7
5.22,0.951,1.7
5.24,0.958,1.7
5.26,0.963,1.7
5.28,0.967,1.7
5.3,0.967,1.7
5.32,0.967,1.7
5.34,0.963,1.7
5.36,0.958,1.7
5.38,0.951,1.7
5.4,0.942,1.7
5.42,0.932,1.7
5.44,0.92,1.7
5.46,0.906,1.7
5.48,0.89,1.7
5.5,0.873,1.7
5.52,0.855,1.7
5.54,0.834,1.7
5.56,0.813,1.7
5.58,0.791,1.7
5.6,0.768,1.7
5.62,0.744,1.7
5.64,0.719,1.7
5.66,0.693,1.7
5.68,0.667,1.7
5.7,0.641,1.7
5.72,0.614,1.7
5.74,0.588,1.7
5.76,0.562,1.7
5.78,0.536,1.7
5.8,0.511,1.7
5.82,0.485,1.7
5.84,0.463,1.7
5.86,0.44,1.7
5.88,0.417,1.7
5.9,0.396,1.7
5.92,0.379,1.7
5.94,0.36,1.7
5.96,0.344,1.7
5.98,0.33,1.7
6.0,0.318,1.7
6.02,0.307,1.7
6.04,0.3,1.7
6.06,0.293,1.7
6.08,0.29,1.7
6.1,0.288,1.7
6.12,0.288,1.7
6.14,0.29,1.7
6.16,0.295,1.7
6.18,0.3,1.7
6.2,0.309,1.7
6.22,0.319,1.7
6.24,0.332,1.7
6.26,0.346,1.7
6.28,0.361,1.7
6.3,0.379,1.7
6.32,0.396,1.7
6.34,0.415,1.7
6.36,0.436,1.7
6.38,0.459,1.7
6.4,0.48,1.7
6.42,0.504,1.7
6.44,0.527,1.7
6.46,0.552,1.7
6.48,0.576,1.7
6.5,0.6,1.7
6.52,0.623,1.7
6.54,0.648,1.7
6.56,0.67,1.7
6.58,0.693,1.7
6.6,0.716,1.7
6.62,0.737,1.7
6.64,0.756,1.7
6.66,0.775,1.7
6.68,0.792,1.7
6.7,0.81,1.7
6.72,0.824,1.7
6.74,0.838,1.7
6.76,0.852,1.7
6.78,0.862,1.7
6.8,0.871,1.7
6.82,0.88,1.7
6.84,0.885,1.7
6.86,0.89,1.7
6.88,0.894,1.7
6.9,0.894,1.7
6.92,0.894,1.7
6.94,0.892,1.7
6.96,0.888,1.7
6.98,0.883,1.7
7.0,0.876,1.7
7.02,0.867,1.7
7.04,0.857,1.7
7.06,0.846,1.7
7.08,0.834,1.7
7.1,0.82,1.7
7.12,0.805,1.7
7.14,0.787,1.7
7.16,0.771,1.7
7.18,0.752,1.7
7.2,0.733,1.7
7.22,0.714,1.7
7.24,0.693,1.7
7.26,0.672,1.7
7.28,0.649,1.7
7.3,0.628,1.7
7.32,0.607,1.7
7.34,0.585,1.7
7.36,0.564,1.7
7.38,0.541,1.7
7.4,0.52,1.7
7.42,0.501,1.7
7.44,0.48,1.7
7.46,0.461,1.7
7.48,0.443,1.7
7.5,0.426,1.7
7.52,0.41,1.7
7.54,0.394,1.7
7.56,0.382,1.7
7.58,0.37,1.7
7.6,0.36,1.7
7.62,0.351,1.7
7.64,0.344,1.7
7.66,0.339,1.7
7.68,0.335,1.7
7.7,0.332,1.7
7.72,0.332,1.7
7.74,0.333,1.7
7.76,0.337,1.7
7.78,0.342,1.7
7.8,0.349,1.7
7.82,0.358,1.7
7.84,0.367,1.7
7.86,0.377,1.7
7.88,0.389,1.7
7.9,0.403,1.7
7.92,0.419,1.7
7.94,0.435,1.7
7.96,0.452,1.7
7.98,0.469,1.7
8.0,0.487,1.7
8.02,0.506,1.7
8.04,0.527,1.7
8.06,0.546,1.7
8.08,0.567,1.7
8.1,0.586,1.7
8.12,0.606,1.7
8.14,0.627,1.7
8.16,0.646,1.7
8.18,0.665,1.7
8.2,0.682,1.7
8.22,0.702,1.7
8.24,0.719,1.7
8.26,0.735,1.7
8.28,0.75,1.7
8.3,0.764,1.7
8.32,0.777,1.7
8.34,0.789,1.7
8.36,0.801,1.7
8.38,0.81,1.7
8.4,0.819,1.7
8.42,0.826,1.7
8.44,0.831,1.7
8.46,0.836,1.7
8.48,0.838,1.7
8.5,0.84,1.7
8.52,0.84,1.7
8.54,0.838,1.7
8.56,0.836,1.7
8.58,0.831,1.7
8.6,0.826,1.7
8.62,0.819,1.7
8.64,0.812,1.7
8.66,0.801,1.7
8.68,0.791,1.7
8.7,0.78,1.7
8.72,0.768,1.7
8.74,0.754,1.7
8.76,0.74,1.7
8.78,0.724,1.7
8.8,0.709,1.7
8.82,0.691,1.7
8.84,0.675,1.7
8.86,0.658,1.7
8.88,0.639,1.7
8.9,0.621,1.7
8.92,0.604,1.7
8.94,0.585,1.7
8.96,0.567,1.7
8.98,0.55,1.7
9.0,0.532,1.7
9.02,0.515,1.7
9.04,0.497,1.7
9.06,0.482,1.7
9.08,0.468,1.7
9.1,0.454,1.7
9.12,0.44,1.7
9.14,0.428,1.7
9.16,0.417,1.7
9.18,0.407,1.7
9.2,0.398,1.7
9.22,0.391,1.7
9.24,0.384,1.7
9.26,0.38,1.7
9.28,0.377,1.7
9.3,0.374,1.7
9.32,0.374,1.7
9.34,0.374,1.7
9.36,0.377,1.7
9.38,0.38,1.7
9.4,0.386,1.7
9.42,0.391,1.7
9.44,0.4,1.7
9.46,0.408,1.7
9.48,0.417,1.7
9.5,0.429,1.7
9.52,0.442,1.7
9.54,0.454,1.7
9.56,0.468,1.7
9.58,0.483,1.7
9.6,0.497,1.7
9.62,0.515,1.7
9.64,0.531,1.7
9.66,0.546,1.7
9.68,0.564,1.7
9.7,0.581,1.7
9.72,0.597,1.7
9.74,0.614,1.7
9.76,0.63,1.7
9.78,0.648,1.7
9.8,0.663,1.7
9.82,0.677,1.7
9.84,0.693,1.7
9.86,0.707,1.7
9.88,0.719,1.7
9.9,0.733,1.7
9.92,0.744,1.7
9.94,0.754,1.7
9.96,0.764,1.7
9.98,0.773,1.7
10.0,0.78,1.7
10.02,0.787,1.7
10.04,0.792,1.7
10.06,0.796,1.7
10.08,0.799,1.7
10.1,0.801,1.7
10.12,0.803,1.7
10.14,0.801,1.7
10.16,0.799,1.7
10.18,0.798,1.7
10.2,0.792,1.7
10.22,0.787,1.7
10.24,0.782,1.7
10.26,0.775,1.7
10.28,0.766,1.7
10.3,0.757,1.7
10.32,0.747,1.7
10.34,0.737,1.7
10.36,0.724,1.7
10.38,0.712,1.7
10.4,0.7,1.7
10.42,0.686,1.7
10.44,0.672,1.7
10.46,0.658,1.7
10.48,0.644,1.7
10.5,0.628,1.7
10.52,0.614,1.7
10.54,0.599,1.7
10.56,0.585,1.7
10.58,0.569,1.7
10.6,0.555,1.7
10.62,0.541,1.7
10.64,0.527,1.7
10.66,0.515,1.7
10.68,0.501,1.7
10.7,0.489,1.7
10.72,0.478,1.7
10.74,0.468,1.7
10.76,0.459,1.7
10.78,0.45,1.7
10.8,0.442,1.7
10.82,0.436,1.7
10.84,0.429,1.7
10.86,0.426,1.7
10.88,0.422,1.7
10.9,0.421,1.7
10.92,0.419,1.7
10.94,0.419,1.7
10.96,0.421,1.7
10.98,0.422,1.7
11.0,0.426,1.7
11.02,0.431,1.7
11.04,0.436,1.7
11.06,0.443,1.7
11.08,0.45,1.7
11.1,0.459,1.7
11.12,0.468,1.7
11.14,0.478,1.7
11.16,0.489,1.7
11.18,0.501,1.7
11.2,0.513,1.7
11.22,0.525,1.7
11.24,0.538,1.7
11.26,0.552,1.7
11.28,0.565,1.7
11.3,0.578,1.7
11.32,0.592,1.7
11.34,0.606,1.7
11.36,0.618,1.7
11.38,0.632,1.7
11.4,0.644,1.7
11.42,0.658,1.7
11.44,0.668,1.7
11.46,0.681,1.7
11.48,0.691,1.7
11.5,0.702,1.7
11.52,0.712,1.7
11.54,0.721,1.7
11.56,0.73,1.7
11.58,0.737,1.7
11.6,0.742,1.7
11.62,0.749,1.7
11.64,0.752,1.7
11.66,0.756,1.7
11.68,0.759,1.7
11.7,0.761,1.7
11.72,0.761,1.7
11.74,0.761,1.7
11.76,0.759,1.7
11.78,0.757,1.7
11.8,0.754,1.7
11.82,0.75,1.7
11.84,0.745,1.7
11.86,0.74,1.7
11.88,0.733,1.7
11.9,0.726,1.7
11.92,0.717,1.7
11.94,0.709,1.7
11.96,0.7,1.7
11.98,0.689,1.7
12.0,0.679,1.7
12.02,0.668,1.7
12.04,0.656,1.7
12.06,0.646,1.7
12.08,0.634,1.7
12.1,0.621,1.7
12.12,0.609,1.7
12.14,0.597,1.7
12.16,0.585,1.7
12.18,0.572,1.7
12.2,0.562,1.7
12.22,0.55,1.7
12.24,0.539,1.7
12.26,0.529,1.7
12.28,0.518,1.7
12.3,0.508,1.7
12.32,0.499,1.7
12.34,0.49,1.7
12.36,0.483,1.7
12.38,0.476,1.7
12.4,0.471,1.7
12.42,0.466,1.7
12.44,0.461,1.7
12.46,0.457,1.7
12.48,0.456,1.7
12.5,0.454,1.7
12.52,0.452,1.7
12.54,0.454,1.7
12.56,0.454,1.7
12.58,0.456,1.7
12.6,0.459,1.7
12.62,0.463,1.7
12.64,0.468,1.7
12.66,0.473,1.7
12.68,0.48,1.7
12.7,0.487,1.7
12.72,0.494,1.7
12.74,0.503,1.7
12.76,0.511,1.7
12.78,0.52,1.7
12.8,0.531,1.7
12.82,0.541,1.7
12.84,0.552,1.7
12.86,0.562,1.7
12.88,0.572,1.7
12.9,0.585,1.7
12.92,0.595,1.7
12.94,0.606,1.7
12.96,0.616,1.7
12.98,0.627,1.7
13.0,0.637,1.7
13.02,0.648,1.7
13.04,0.658,1.7
13.06,0.667,1.7
13.08,0.675,1.7
13.1,0.684,1.7
13.12,0.691,1.7
13.14,0.698,1.7
13.16,0.705,1.7
13.18,0.71,1.7
13.2,0.716,1.7
13.22,0.721,1.7
13.24,0.724,1.7
13.26,0.726,1.7
13.28,0.728,1.7
13.3,0.73,1.7
13.32,0.73,1.7
13.34,0.73,1.7
13.36,0.728,1.7
13.38,0.726,1.7
13.4,0.723,1.7
13.42,0.719,1.7
13.44,0.716,1.7
13.46,0.71,1.7
13.48,0.705,1.7
13.5,0.698,1.7
13.52,0.691,1.7
13.54,0.684,1.7
13.56,0.677,1.7
13.58,0.668,1.7
13.6,0.66,1.7
13.62,0.651,1.7
13.64,0.641,1.7
13.66,0.632,1.7
13.68,0.621,1.7
13.7,0.613,1.7
13.72,0.602,1.7
13.74,0.593,1.7
13.76,0.583,1.7
13.78,0.574,1.7
13.8,0.564,1.7
13.82,0.555,1.7
13.84,0.546,1.7
13.86,0.538,1.7
13.88,0.529,1.7
13.9,0.522,1.7
13.92,0.515,1.7
13.94,0.508,1.7
13.96,0.503,1.7
13.98,0.497,1.7
14.0,0.492,1.7
14.02,0.489,1.7
14.04,0.485,1.7
14.06,0.483,1.7
14.08,0.482,1.7
14.1,0.48,1.7
14.12,0.48,1.7
14.14,0.48,1.7
14.16,0.482,1.7
14.18,0.483,1.7
14.2,0.487,1.7
14.22,0.49,1.7
14.24,0.494,1.7
14.26,0.499,1.7
14.28,0.504,1.7
14.3,0.51,1.7
14.32,0.517,1.7
14.34,0.524,1.7
14.36,0.531,1.7
14.38,0.539,1.7
14.4,0.546,1.7
14.42,0.555,1.7
14.44,0.564,1.7
14.46,0.572,1.7
14.48,0.581,1.7
14.5,0.59,1.7
14.52,0.599,1.7
14.54,0.607,1.7
14.56,0.616,1.7
14.58,0.623,1.7
14.6,0.632,1.7
14.62,0.641,1.7
14.64,0.648,1.7
14.66,0.654,1.7
14.68,0.661,1.7
14.7,0.667,1.7
14.72,0.674,1.7
14.74,0.677,1.7
14.76,0.682,1.7
14.78,0.686,1.7
14.8,0.689,1.7
14.82,0.693,1.7
14.84,0.695,1.7
14.86,0.696,1.7
14.88,0.698,1.7
14.9,0.698,1.7
14.92,0.698,1.7
14.94,0.696,1.7
14.96,0.695,1.7
14.98,0.693,1.7
15.0,0.691,1.7
15.02,0.688,1.7
15.04,0.682,1.7
15.06,0.679,1.7
15.08,0.674,1.7
15.1,0.668,1.7
15.12,0.663,1.7
15.14,0.656,1.7
15.16,0.649,1.7
15.18,0.642,1.7
15.2,0.635,1.7
15.22,0.628,1.7
15.24,0.621,1.7
15.26,0.614,1.7
15.28,0.606,1.7
15.3,0.599,1.7
15.32,0.59,1.7
15.34,0.583,1.7
15.36,0.576,1.7
15.38,0.567,1.7
15.4,0.56,1.7
15.42,0.553,1.7
15.44,0.548,1.7
15.46,0.541,1.7
15.48,0.536,1.7
15.5,0.531,1.7
15.52,0.525,1.7
15.54,0.52,1.7
15.56,0.517,1.7
15.58,0.513,1.7
15.6,0.51,1.7
15.62,0.508,1.7
15.64,0.506,1.7
15.66,0.506,1.7
15.68,0.504,1.7
15.7,0.504,1.7
15.72,0.506,1.7
15.74,0.506,1.7
15.76,0.508,1.7
15.78,0.511,1.7
15.8,0.513,1.7
15.82,0.517,1.7
15.84,0.522,1.7
15.86,0.525,1.7
15.88,0.531,1.7
15.9,0.536,1.7
15.92,0.541,1.7
15.94,0.546,1.7
15.96,0.553,1.7
15.98,0.559,1.7
16.0,0.565,1.7
16.02,0.572,1.7
16.04,0.579,1.7
16.06,0.585,1.7
16.08,0.592,1.7
16.1,0.599,1.7
16.12,0.606,1.7
16.14,0.613,1.7
16.16,0.62,1.7
16.18,0.625,1.7
16.2,0.632,1.7
16.22,0.637,1.7
16.24,0.642,1.7
16.26,0.648,1.7
16.28,0.653,1.7
16.3,0.658,1.7
16.32,0.661,1.7
16.34,0.665,1.7
16.36,0.668,1.7
16.38,0.67,1.7
16.4,0.674,1.7
16.42,0.675,1.7
16.44,0.677,1.7
16.46,0.677,1.7
16.48,0.677,1.7
16.5,0.677,1.7
16.52,0.677,1.7
16.54,0.675,1.7
16.56,0.674,1.7
16.58,0.672,1.7
16.6,0.668,1.7
16.62,0.665,1.7
16.64,0.661,1.7
16.66,0.658,1.7
16.68,0.654,1.7
16.7,0.649,1.7
16.72,0.644,1.7
16.74,0.639,1.7
16.76,0.634,1.7
16.78,0.628,1.7
16.8,0.623,1.7
16.82,0.616,1.7
16.84,0.611,1.7
16.86,0.604,1.7
16.88,0.597,1.7
16.9,0.592,1.7
16.92,0.585,1.7
16.94,0.579,1.7
16.96,0.574,1.7
16.98,0.567,1.7
17.0,0.562,1.7
17.02,0.557,1.7
17.04,0.552,1.7
17.06,0.546,1.7
17.08,0.543,1.7
17.1,0.538,1.7
17.12,0.534,1.7
17.14,0.531,1.7
17.16,0.527,1.7
17.18,0.525,1.7
17.2,0.524,1.7
17.22,0.522,1.7
17.24,0.52,1.7
17.26,0.52,1.7
17.28,0.52,1.7
17.3,0.52,1.7
17.32,0.522,1.7
17.34,0.522,1.7
17.36,0.524,1.7
17.38,0.525,1.7
17.4,0.529,1.7
17.42,0.532,1.7
17.44,0.536,1.7
17.46,0.539,1.7
17.48,0.543,1.7
17.5,0.546,1.7
17.52,0.552,1.7
17.54,0.557,1.7
17.56,0.562,1.7
17.58,0.567,1.7
17.6,0.572,1.7
17.62,0.578,1.7
17.64,0.583,1.7
17.66,0.588,1.7
17.68,0.593,1.7
17.7,0.599,1.7
17.72,0.604,1.7
17.74,0.609,1.7
17.76,0.614,1.7
17.78,0.62,1.7
17.8,0.625,1.7
17.82,0.628,1.7
17.84,0.634,1.7
17.86,0.637,1.7
17.88,0.641,1.7
17.9,0.644,1.7
17.92,0.648,1.7
17.94,0.649,1.7
17.96,0.653,1.7
17.98,0.654,1.7
18.0,0.656,1.7
18.02,0.658,1.7
18.04,0.658,1.7
18.06,0.658,1.7
18.08,0.658,1.7
18.1,0.658,1.7
18.12,0.658,1.7
18.14,0.656,1.7
18.16,0.654,1.7
18.18,0.653,1.7
18.2,0.651,1.7
18.22,0.648,1.7
18.24,0.646,1.7
18.26,0.642,1.7
18.28,0.639,1.7
18.3,0.635,1.7
18.32,0.632,1.7
18.34,0.627,1.7
18.36,0.623,1.7
18.38,0.618,1.7
18.4,0.614,1.7
18.42,0.609,1.7
18.44,0.604,1.7
18.46,0.6,1.7
18.48,0.595,1.7
18.5,0.59,1.7
18.52,0.586,1.7
18.54,0.581,1.7
18.56,0.578,1.7
18.58,0.572,1.7
18.6,0.569,1.7
18.62,0.565,1.7
18.64,0.562,1.7
18.66,0.559,1.7
18.68,0.555,1.7
18.7,0.552,1.7
18.72,0.55,1.7
18.74,0.546,1.7
18.76,0.545,1.7
18.78,0.543,1.7
18.8,0.543,1.7
18.82,0.541,1.7
18.84,0.541,1.7
18.86,0.541,1.7
18.88,0.541,1.7
18.9,0.541,1.7
18.92,0.541,1.7
18.94,0.543,1.7
18.96,0.545,1.7
18.98,0.546,1.7
19.0,0.548,1.7
19.02,0.552,1.7
19.04,0.553,1.7
19.06,0.557,1.7
19.08,0.56,1.7
19.1,0.564,1.7
19.12,0.567,1.7
19.14,0.571,1.7
19.16,0.574,1.7
19.18,0.579,1.7
19.2,0.583,1.7
19.22,0.588,1.7
19.24,0.592,1.7
19.26,0.595,1.7
19.28,0.6,1.7
19.3,0.604,1.7
19.32,0.607,1.7
19.34,0.613,1.7
19.36,0.616,1.7
19.38,0.62,1.7
19.4,0.623,1.7
19.42,0.627,1.7
19.44,0.628,1.7
19.46,0.632,1.7
19.48,0.634,1.7
19.5,0.637,1.7
19.52,0.639,1.7
19.54,0.641,1.7
19.56,0.642,1.7
19.58,0.644,1.7
19.6,0.644,1.7
19.62,0.644,1.7
19.64,0.646,1.7
19.66,0.646,1.7
19.68,0.646,1.7
19.7,0.644,1.7
19.72,0.644,1.7
19.74,0.642,1.7
19.76,0.641,1.7
19.78,0.639,1.7
19.8,0.637,1.7
19.82,0.635,1.7
19.84,0.634,1.7
19.86,0.63,1.7
19.88,0.628,1.7
19.9,0.625,1.7
19.92,0.621,1.7
19.94,0.618,1.7
19.96,0.616,1.7
19.98,0.613,1.7
20.0,0.609,1.7
20.02,0.606,1.7
20.04,0.602,1.7
20.06,0.599,1.7
20.08,0.595,1.7
20.1,0.592,1.7
20.12,0.588,1.7
20.14,0.585,1.7
20.16,0.581,1.7
20.18,0.578,1.7
20.2,0.576,1.7
20.22,0.572,1.7
20.24,0.571,1.7
20.26,0.567,1.7
20.28,0.565,1.7
20.3,0.564,1.7
20.32,0.562,1.7
20.34,0.56,1.7
20.36,0.56,1.7
20.38,0.559,1.7
20.4,0.559,1.7
20.42,0.557,1.7
20.44,0.557,1.7
20.46,0.557,1.7
20.48,0.557,1.7
20.5,0.559,1.7
20.52,0.559,1.7
20.54,0.56,1.7
20.56,0.562,1.7
20.58,0.564,1.7
20.6,0.565,1.7
20.62,0.567,1.7
20.64,0.569,1.7
20.66,0.571,1.7
20.68,0.574,1.7
20.7,0.576,1.7
20.72,0.579,1.7
20.74,0.581,1.7
20.76,0.585,1.7
20.78,0.588,1.7
20.8,0.59,1.7
20.82,0.593,1.7
20.84,0.597,1.7
20.86,0.599,1.7
20.88,0.602,1.7
20.9,0.606,1.7
20.92,0.607,1.7
20.94,0.611,1.7
20.96,0.613,1.7
20.98,0.616,1.7
21.0,0.618,1.7
21.02,0.62,1.7
21.04,0.623,1.7
21.06,0.625,1.7
21.08,0.627,1.7
21.1,0.627,1.7
21.12,0.628,1.7
21.14,0.63,1.7
21.16,0.63,1.7
21.18,0.632,1.7
21.2,0.632,1.7
21.22,0.632,1.7
21.24,0.632,1.7
21.26,0.632,1.7
21.28,0.63,1.7
21.3,0.63,1.7
21.32,0.63,1.7
21.34,0.628,1.7
21.36,0.627,1.7
21.38,0.625,1.7
21.4,0.623,1.7
21.42,0.621,1.7
21.44,0.62,1.7
21.46,0.618,1.7
21.48,0.616,1.7
21.5,0.614,1.7
21.52,0.611,1.7
21.54,0.609,1.7
21.56,0.607,1.7
21.58,0.604,1.7
21.6,0.602,1.7
21.62,0.599,1.7
21.64,0.597,1.7
21.66,0.593,1.7
21.68,0.592,1.7
21.7,0.588,1.7
21.72,0.586,1.7
21.74,0.585,1.7
21.76,0.583,1.7
21.78,0.579,1.7
21.8,0.578,1.7
21.82,0.576,1.7
21.84,0.574,1.7
21.86,0.572,1.7
21.88,0.572,1.7
21.9,0.571,1.7
21.92,0.569,1.7
21.94,0.569,1.7
21.96,0.569,1.7
21.98,0.569,1.7
22.0,0.567,1.7
22.02,0.567,1.7
22.04,0.567,1.7
22.06,0.569,1.7
22.08,0.569,1.7
22.1,0.569,1.7
22.12,0.571,1.7
22.14,0.572,1.7
22.16,0.572,1.7
22.18,0.574,1.7
22.2,0.576,1.7
22.22,0.578,1.7
22.24,0.579,1.7
22.26,0.581,1.7
22.28,0.583,1.7
22.3,0.585,1.7
22.32,0.586,1.7
22.34,0.59,1.7
22.36,0.592,1.7
22.38,0.593,1.7
22.4,0.595,1.7
22.42,0.597,1.7
22.44,0.6,1.7
22.46,0.602,1.7
22.48,0.604,1.7
22.5,0.606,1.7
22.52,0.607,1.7
22.54,0.609,1.7
22.56,0.611,1.7
22.58,0.613,1.7
22.6,0.614,1.7
22.62,0.616,1.7
22.64,0.618,1.7
22.66,0.62,1.7
22.68,0.62,1.7
22.7,0.621,1.7
22.72,0.621,1.7
22.74,0.623,1.7
22.76,0.623,1.7
22.78,0.623,1.7
22.8,0.623,1.7
22.82,0.623,1.7
22.84,0.623,1.7
22.86,0.623,1.7
22.88,0.623,1.7
22.9,0.621,1.7
22.92,0.621,1.7
22.94,0.62,1.7
22.96,0.62,1.7
22.98,0.618,1.7
23.0,0.616,1.7
23.02,0.616,1.7
23.04,0.614,1.7
23.06,0.613,1.7
23.08,0.611,1.7
23.1,0.609,1.7
23.12,0.607,1.7
23.14,0.606,1.7
23.16,0.604,1.7
23.18,0.602,1.7
23.2,0.6,1.7
23.22,0.599,1.7
23.24,0.597,1.7
23.26,0.595,1.7
23.28,0.592,1.7
23.3,0.59,1.7
23.32,0.59,1.7
23.34,0.588,1.7
23.36,0.586,1.7
23.38,0.585,1.7
23.4,0.583,1.7
23.42,0.581,1.7
23.44,0.581,1.7
23.46,0.579,1.7
23.48,0.579,1.7
23.5,0.578,1.7
23.52,0.578,1.7
23.54,0.576,1.7
23.56,0.576,1.7
23.58,0.576,1.7
23.6,0.576,1.7
23.62,0.576,1.7
23.64,0.576,1.7
23.66,0.576,1.7
23.68,0.578,1.7
23.7,0.578,1.7
23.72,0.579,1.7
23.74,0.579,1.7
23.76,0.581,1.7
23.78,0.583,1.7
23.8,0.583,1.7
23.82,0.585,1.7
23.84,0.586,1.7
23.86,0.588,1.7
23.88,0.59,1.7
23.9,0.59,1.7
23.92,0.592,1.7
23.94,0.593,1.7
23.96,0.595,1.7
23.98,0.597,1.7
24.0,0.599,1.7
24.02,0.6,1.7
24.04,0.602,1.7
24.06,0.604,1.7
24.08,0.604,1.7
24.1,0.606,1.7
24.12,0.607,1.7
24.14,0.607,1.7
24.16,0.609,1.7
24.18,0.611,1.7
24.2,0.611,1.7
24.22,0.613,1.7
24.24,0.613,1.7
24.26,0.614,1.7
24.28,0.614,1.7
24.3,0.614,1.7
24.32,0.614,1.7
24.34,0.616,1.7
24.36,0.616,1.7
24.38,0.616,1.7
24.4,0.616,1.7
24.42,0.614,1.7
24.44,0.614,1.7
24.46,0.614,1.7
24.48,0.614,1.7
24.5,0.614,1.7
24.52,0.613,1.7
24.54,0.613,1.7
24.56,0.611,1.7
24.58,0.611,1.7
24.6,0.609,1.7
24.62,0.609,1.7
24.64,0.607,1.7
24.66,0.607,1.7
24.68,0.606,1.7
24.7,0.604,1.7
24.72,0.604,1.7
24.74,0.602,1.7
24.76,0.6,1.7
24.78,0.6,1.7
24.8,0.599,1.7
24.82,0.599,1.7
24.84,0.597,1.7
24.86,0.595,1.7
24.88,0.595,1.7
24.9,0.593,1.7
24.92,0.593,1.7
24.94,0.592,1.7
24.96,0.592,1.7
24.98,0.59,1.7
25.0,0.59,1.7
25.02,0.59,1.7
25.04,0.588,1.7
25.06,0.588,1.7
25.08,0.588,1.7
25.1,0.586,1.7
25.12,0.586,1.7
25.14,0.586,1.7
25.16,0.586,1.7
25.18,0.586,1.7
25.2,0.586,1.7
25.22,0.586,1.7
25.24,0.586,1.7
25.26,0.586,1.7
25.28,0.586,1.7
25.3,0.588,1.7
25.32,0.588,1.7
25.34,0.588,1.7
25.36,0.588,1.7
25.38,0.59,1.7
25.4,0.59,1.7
25.42,0.59,1.7
25.44,0.592,1.7
25.46,0.592,1.7
25.48,0.593,1.7
25.5,0.593,1.7
25.52,0.595,1.7
25.54,0.595,1.7
25.56,0.597,1.7
25.58,0.597,1.7
25.6,0.597,1.7
25.62,0.599,1.7
25.64,0.599,1.7
25.66,0.6,1.7
25.68,0.6,1.7
25.7,0.602,1.7
25.72,0.602,1.7
25.74,0.604,1.7
25.76,0.604,1.7
25.78,0.606,1.7
25.8,0.606,1.7
25.82,0.606,1.7
25.84,0.607,1.7
25.86,0.607,1.7
25.88,0.607,1.7
25.9,0.609,1.7
25.92,0.609,1.7
25.94,0.609,1.7
25.96,0.609,1.7
25.98,0.609,1.7
26.0,0.609,1.7
26.02,0.609,1.7
26.04,0.609,1.7
26.06,0.609,1.7
26.08,0.609,1.7
26.1,0.609,1.7
26.12,0.607,1.7
26.14,0.607,1.7
26.16,0.607,1.7
26.18,0.607,1.7
26.2,0.606,1.7
26.22,0.606,1.7
26.24,0.604,1.7
26.26,0.604,1.7
26.28,0.604,1.7
26.3,0.602,1.7
26.32,0.602,1.7
26.34,0.6,1.7
26.36,0.6,1.7
26.38,0.599,1.7
26.4,0.597,1.7
26.42,0.597,1.7
26.44,0.597,1.7
26.46,0.595,1.7
26.48,0.595,1.7
26.5,0.593,1.7
26.52,0.593,1.7
26.54,0.592,1.7
26.56,0.592,1.7
26.58,0.59,1.7
26.6,0.59,1.7
26.62,0.59,1.7
26.64,0.59,1.7
26.66,0.588,1.7
26.68,0.588,1.7
26.7,0.588,1.7
26.72,0.588,1.7
26.74,0.586,1.7
26.76,0.586,1.7
26.78,0.586,1.7
26.8,0.586,1.7
26.82,0.586,1.7
26.84,0.586,1.7
26.86,0.588,1.7
26.88,0.588,1.7
26.9,0.588,1.7
26.92,0.588,1.7
26.94,0.588,1.7
26.96,0.59,1.7
26.98,0.59,1.7
27.0,0.59,1.7
27.02,0.592,1.7
27.04,0.592,1.7
27.06,0.593,1.7
27.08,0.593,1.7
27.1,0.595,1.7
27.12,0.595,1.7
27.14,0.595,1.7
27.16,0.597,1.7
27.18,0.597,1.7
27.2,0.599,1.7
27.22,0.599,1.7
27.24,0.6,1.7
27.26,0.6,1.7
27.28,0.6,1.7
27.3,0.602,1.7
27.32,0.602,1.7
27.34,0.602,1.7
27.36,0.604,1.7
27.38,0.604,1.7
27.4,0.604,1.7
27.42,0.604,1.7
27.44,0.604,1.7
27.46,0.606,1.7
27.48,0.606,1.7
27.5,0.606,1.7
27.52,0.606,1.7
27.54,0.606,1.7
27.56,0.606,1.7
27.58,0.606,1.7
27.6,0.604,1.7
27.62,0.604,1.7
27.64,0.604,1.7
27.66,0.604,1.7
27.68,0.604,1.7
27.7,0.602,1.7
27.72,0.602,1.7
27.74,0.602,1.7
27.76,0.6,1.7
27.78,0.6,1.7
27.8,0.6,1.7
27.82,0.599,1.7
27.84,0.599,1.7
27.86,0.599,1.7
27.88,0.597,1.7
27.9,0.597,1.7
27.92,0.597,1.7
27.94,0.595,1.7
27.96,0.595,1.7
27.98,0.595,1.7
28.0,0.593,1.7
28.02,0.593,1.7
28.04,0.593,1.7
28.06,0.593,1.7
28.08,0.592,1.7
28.1,0.592,1.7
28.12,0.592,1.7
28.14,0.592,1.7
28.16,0.592,1.7
28.18,0.59,1.7
28.2,0.59,1.7
28.22,0.59,1.7
28.24,0.59,1.7
28.26,0.59,1.7
28.28,0.59,1.7
28.3,0.59,1.7
28.32,0.59,1.7
28.34,0.59,1.7
28.36,0.59,1.7
28.38,0.59,1.7
28.4,0.59,1.7
28.42,0.59,1.7
28.44,0.592,1.7
28.46,0.592,1.7
28.48,0.592,1.7
28.5,0.592,1.7
28.52,0.592,1.7
28.54,0.593,1.7
28.56,0.593,1.7
28.58,0.593,1.7
28.6,0.593,1.7
28.62,0.595,1.7
28.64,0.595,1.7
28.66,0.595,1.7
28.68,0.595,1.7
28.7,0.597,1.7
28.72,0.597,1.7
28.74,0.597,1.7
28.76,0.597,1.7
28.78,0.599,1.7
28.8,0.599,1.7
28.82,0.599,1.7
28.84,0.599,1.7
28.86,0.6,1.7
28.88,0.6,1.7
28.9,0.6,1.7
28.92,0.6,1.7
28.94,0.6,1.7
28.96,0.602,1.7
28.98,0.602,1.7
29.0,0.602,1.7
29.02,0.602,1.7
29.04,0.602,1.7
29.06,0.602,1.7
29.08,0.602,1.7
29.1,0.602,1.7
29.12,0.602,1.7
29.14,0.602,1.7
29.16,0.602,1.7
29.18,0.602,1.7
29.2,0.602,1.7
29.22,0.602,1.7
29.24,0.6,1.7
29.26,0.6,1.7
29.28,0.6,1.7
29.3,0.6,1.7
29.32,0.6,1.7
29.34,0.6,1.7
29.36,0.6,1.7
29.38,0.599,1.7
29.4,0.599,1.7
29.42,0.599,1.7
29.44,0.599,1.7
29.46,0.599,1.7
29.48,0.597,1.7
29.5,0.597,1.7
29.52,0.597,1.7
29.54,0.597,1.7
29.56,0.597,1.7
29.58,0.595,1.7
29.6,0.595,1.7
29.62,0.595,1.7
29.64,0.595,1.7
29.66,0.595,1.7
29.68,0.595,1.7
29.7,0.593,1.7
29.72,0.593,1.7
29.74,0.593,1.7
29.76,0.593,1.7
29.78,0.593,1.7
29.8,0.593,1.7
29.82,0.593,1.7
29.84,0.593,1.7
29.86,0.593,1.7
29.88,0.593,1.7
29.9,0.593,1.7
29.92,0.592,1.7
29.94,0.592,1.7
29.96,0.592,1.7
29.98,0.592,1.7
30.0,0.592,1.7
30.02,0.592,1.7
30.04,0.592,1.7
30.06,0.593,1.7
30.08,0.593,1.7
30.1,0.593,1.7
30.12,0.593,1.7
30.14,0.593,1.7
30.16,0.593,1.7
30.18,0.593,1.7
30.2,0.593,1.7
30.22,0.593,1.7
30.24,0.593,1.7
30.26,0.593,1.7
30.28,0.593,1.7
30.3,0.593,1.7
30.32,0.595,1.7
30.34,0.595,1.7
30.36,0.595,1.7
30.38,0.595,1.7
30.4,0.595,1.7
30.42,0.595,1.7
30.44,0.595,1.7
30.46,0.595,1.7
30.48,0.595,1.7
30.5,0.597,1.7
30.52,0.597,1.7
30.54,0.597,1.7
30.56,0.597,1.7
30.58,0.597,1.7
30.6,0.597,1.7
30.62,0.597,1.7
30.64,0.597,1.7
30.66,0.597,1.7
30.68,0.597,1.7
30.7,0.597,1.7
30.72,0.597,1.7
30.74,0.597,1.7
30.76,0.597,1.7
30.78,0.597,1.7
30.8,0.597,1.7
30.82,0.597,1.7
30.84,0.597,1.7
30.86,0.597,1.7
30.88,0.597,1.7
30.9,0.595,1.7
30.92,0.595,1.7
30.94,0.595,1.7
30.96,0.595,1.7
30.98,0.595,1.7
31.0,0.595,1.7
31.02,0.595,1.7
31.04,0.595,1.7
31.06,0.595,1.7
31.08,0.595,1.7
31.1,0.593,1.7
31.12,0.593,1.7
31.14,0.593,1.7
31.16,0.593,1.7
31.18,0.593,1.7
31.2,0.593,1.7
31.22,0.593,1.7
31.24,0.593,1.7
31.26,0.593,1.7
31.28,0.593,1.7
31.3,0.593,1.7
31.32,0.593,1.7
31.34,0.593,1.7
31.36,0.593,1.7
31.38,0.593,1.7
31.4,0.593,1.7
31.42,0.593,1.7
31.44,0.593,1.7
31.46,0.593,1.7
31.48,0.593,1.7
31.5,0.593,1.7
31.52,0.593,1.7
31.54,0.593,1.7
31.56,0.593,1.7
31.58,0.593,1.7
31.6,0.593,1.7
31.62,0.593,1.7
31.64,0.593,1.7
31.66,0.593,1.7
31.68,0.593,1.7
31.7,0.595,1.7
31.72,0.595,1.7
31.74,0.595,1.7
31.76,0.595,1.7
31.78,0.595,1.7
31.8,0.595,1.7
31.82,0.595,1.7
31.84,0.595,1.7
31.86,0.595,1.7
31.88,0.595,1.7
31.9,0.595,1.7
31.92,0.597,1.7
31.94,0.597,1.7
31.96,0.597,1.7
31.98,0.597,1.7
32.0,0.597,1.7
32.02,0.597,1.7
32.04,0.597,1.7
32.06,0.597,1.7
32.08,0.597,1.7
32.1,0.597,1.7
32.12,0.597,1.7
32.14,0.597,1.7
32.16,0.597,1.7
32.18,0.597,1.7
32.2,0.597,1.7
32.22,0.595,1.7
32.24,0.595,1.7
32.26,0.595,1.7
32.28,0.595,1.7
32.3,0.595,1.7
32.32,0.595,1.7
32.34,0.595,1.7
32.36,0.595,1.7
32.38,0.595,1.7
32.4,0.595,1.7
32.42,0.595,1.7
32.44,0.593,1.7
32.46,0.593,1.7
32.48,0.593,1.7
32.5,0.593,1.7
32.52,0.593,1.7
32.54,0.593,1.7
32.56,0.593,1.7
32.58,0.593,1.7
32.6,0.593,1.7
32.62,0.592,1.7
32.64,0.592,1.7
32.66,0.592,1.7
32.68,0.592,1.7
32.7,0.592,1.7
32.72,0.592,1.7
32.74,0.592,1.7
32.76,0.592,1.7
32.78,0.592,1.7
32.8,0.592,1.7
32.82,0.592,1.7
32.84,0.592,1.7
32.86,0.592,1.7
32.88,0.592,1.7
32.9,0.592,1.7
32.92,0.592,1.7
32.94,0.592,1.7
32.96,0.592,1.7
32.98,0.592,1.7
33.0,0.592,1.7
33.02,0.592,1.7
33.04,0.593,1.7
33.06,0.593,1.7
33.08,0.593,1.7
33.1,0.593,1.7
33.12,0.593,1.7
33.14,0.593,1.7
33.16,0.593,1.7
33.18,0.593,1.7
33.2,0.593,1.7
33.22,0.595,1.7
33.24,0.595,1.7
33.26,0.595,1.7
33.28,0.595,1.7
33.3,0.595,1.7
33.32,0.595,1.7
33.34,0.595,1.7
33.36,0.595,1.7
33.38,0.595,1.7
33.4,0.595,1.7
33.42,0.595,1.7
33.44,0.595,1.7
33.46,0.595,1.7
33.48,0.595,1.7
33.5,0.595,1.7
33.52,0.595,1.7
33.54,0.595,1.7
33.56,0.595,1.7
33.58,0.595,1.7
33.6,0.595,1.7
33.62,0.595,1.7
33.64,0.595,1.7
33.66,0.595,1.7
33.68,0.595,1.7
33.7,0.595,1.7
33.72,0.595,1.7
33.74,0.595,1.7
33.76,0.595,1.7
33.78,0.595,1.7
33.8,0.595,1.7
33.82,0.595,1.7
33.84,0.595,1.7
33.86,0.595,1.7
33.88,0.593,1.7
33.9,0.593,1.7
33.92,0.593,1.7
33.94,0.593,1.7
33.96,0.593,1.7
33.98,0.593,1.7
34.0,0.593,1.7
34.02,0.593,1.7
34.04,0.593,1.7
34.06,0.593,1.7
34.08,0.592,1.7
34.1,0.592,1.7
34.12,0.592,1.7
34.14,0.592,1.7
34.16,0.592,1.7
34.18,0.592,1.7
34.2,0.592,1.7
34.22,0.592,1.7
34.24,0.592,1.7
34.26,0.592,1.7
34.28,0.592,1.7
34.3,0.592,1.7
34.32,0.592,1.7
34.34,0.592,1.7
34.36,0.592,1.7
34.38,0.592,1.7
34.4,0.592,1.7
34.42,0.592,1.7
34.44,0.592,1.7
34.46,0.592,1.7
34.48,0.592,1.7
34.5,0.592,1.7
34.52,0.592,1.7
34.54,0.592,1.7
34.56,0.592,1.7
34.58,0.592,1.7
34.6,0.593,1.7
34.62,0.593,1.7
34.64,0.593,1.7
34.66,0.593,1.7
34.68,0.593,1.7
34.7,0.593,1.7
34.72,0.593,1.7
34.74,0.593,1.7
34.76,0.593,1.7
34.78,0.593,1.7
34.8,0.595,1.7
34.82,0.595,1.7
34.84,0.595,1.7
34.86,0.595,1.7
34.88,0.595,1.7
34.9,0.595,1.7
34.92,0.595,1.7
34.94,0.595,1.7
34.96,0.595,1.7
34.98,0.595,1.7
35.0,0.595,1.7
35.02,0.595,1.7
35.04,0.597,1.7
35.06,0.597,1.7
35.08,0.597,1.7
35.1,0.597,1.7
35.12,0.597,1.7
35.14,0.597,1.7
35.16,0.597,1.7
35.18,0.597,1.7
35.2,0.597,1.7
35.22,0.597,1.7
35.24,0.597,1.7
35.26,0.597,1.7
35.28,0.597,1.7
35.3,0.597,1.7
35.32,0.597,1.7
35.34,0.597,1.7
35.36,0.597,1.7
35.38,0.597,1.7
35.4,0.597,1.7
35.42,0.597,1.7
35.44,0.597,1.7
35.46,0.597,1.7
35.48,0.597,1.7
35.5,0.597,1.7
35.52,0.597,1.7
35.54,0.597,1.7
35.56,0.597,1.7
35.58,0.597,1.7
35.6,0.597,1.7
35.62,0.597,1.7
35.64,0.597,1.7
35.66,0.597,1.7
35.68,0.597,1.7
35.7,0.597,1.7
35.72,0.597,1.7
35.74,0.597,1.7
35.76,0.597,1.7
35.78,0.597,1.7
35.8,0.597,1.7
35.82,0.597,1.7
35.84,0.597,1.7
35.86,0.597,1.7
35.88,0.597,1.7
35.9,0.597,1.7
35.92,0.597,1.7
35.94,0.597,1.7
35.96,0.597,1.7
35.98,0.597,1.7
36.0,0.597,1.7
36.02,0.597,1.7
36.04,0.597,1.7
36.06,0.597,1.7
36.08,0.597,1.7
36.1,0.597,1.7
36.12,0.597,1.7
36.14,0.597,1.7
36.16,0.597,1.7
36.18,0.597,1.7
36.2,0.597,1.7
36.22,0.597,1.7
36.24,0.599,1.7
36.26,0.599,1.7
36.28,0.599,1.7
36.3,0.599,1.7
36.32,0.599,1.7
36.34,0.599,1.7
36.36,0.599,1.7
36.38,0.599,1.7
36.4,0.599,1.7
36.42,0.597,1.7
36.44,0.597,1.7
36.46,0.597,1.7
36.48,0.597,1.7
36.5,0.597,1.7
36.52,0.597,1.7
36.54,0.597,1.7
36.56,0.597,1.7
36.58,0.597,1.7
36.6,0.597,1.7
36.62,0.597,1.7
36.64,0.597,1.7
36.66,0.597,1.7
36.68,0.597,1.7
36.7,0.597,1.7
36.72,0.597,1.7
36.74,0.597,1.7
36.76,0.597,1.7
36.78,0.597,1.7
36.8,0.597,1.7
36.82,0.597,1.7
36.84,0.597,1.7
36.86,0.597,1.7
36.88,0.597,1.7
36.9,0.597,1.7
36.92,0.595,1.7
36.94,0.595,1.7
36.96,0.595,1.7
36.98,0.595,1.7
37.0,0.595,1.7
37.02,0.595,1.7
37.04,0.595,1.7
37.06,0.595,1.7
37.08,0.595,1.7
37.1,0.595,1.7
37.12,0.595,1.7
37.14,0.595,1.7
37.16,0.595,1.7
37.18,0.593,1.7
37.2,0.593,1.7
37.22,0.593,1.7
37.24,0.593,1.7
37.26,0.593,1.7
37.28,0.593,1.7
37.3,0.593,1.7
37.32,0.593,1.7
37.34,0.593,1.7
37.36,0.593,1.7
37.38,0.593,1.7
37.4,0.593,1.7
37.42,0.593,1.7
37.44,0.593,1.7
37.46,0.595,1.7
37.48,0.595,1.7
37.5,0.595,1.7
37.52,0.595,1.7
37.54,0.595,1.7
37.56,0.595,1.7
37.58,0.595,1.7
37.6,0.595,1.7
37.62,0.595,1.7
37.64,0.595,1.7
37.66,0.597,1.7
37.68,0.597,1.7
37.7,0.597,1.7
37.72,0.597,1.7
37.74,0.597,1.7
37.76,0.597,1.7
37.78,0.597,1.7
37.8,0.599,1.7
37.82,0.599,1.7
37.84,0.599,1.7
37.86,0.599,1.7
37.88,0.599,1.7
37.9,0.599,1.7
37.92,0.599,1.7
37.94,0.6,1.7
37.96,0.6,1.7
37.98,0.6,1.7
38.0,0.6,1.7
38.02,0.6,1.7
38.04,0.6,1.7
38.06,0.6,1.7
38.08,0.6,1.7
38.1,0.6,1.7
38.12,0.6,1.7
38.14,0.6,1.7
38.16,0.6,1.7
38.18,0.602,1.7
38.2,0.602,1.7
38.22,0.602,1.7
38.24,0.602,1.7
38.26,0.602,1.7
38.28,0.602,1.7
38.3,0.602,1.7
38.32,0.602,1.7
38.34,0.602,1.7
38.36,0.602,1.7
38.38,0.602,1.7
38.4,0.6,1.7
38.42,0.6,1.7
38.44,0.6,1.7
38.46,0.6,1.7
38.48,0.6,1.7
38.5,0.6,1.7
38.52,0.6,1.7
38.54,0.6,1.7
38.56,0.6,1.7
38.58,0.6,1.7
38.6,0.6,1.7
38.62,0.599,1.7
38.64,0.599,1.7
38.66,0.599,1.7
38.68,0.599,1.7
38.7,0.599,1.7
38.72,0.599,1.7
38.74,0.599,1.7
38.76,0.599,1.7
38.78,0.599,1.7
38.8,0.597,1.7
38.82,0.597,1.7
38.84,0.597,1.7
38.86,0.597,1.7
38.88,0.597,1.7
38.9,0.597,1.7
38.92,0.597,1.7
38.94,0.597,1.7
38.96,0.597,1.7
38.98,0.597,1.7
39.0,0.597,1.7
39.02,0.597,1.7
39.04,0.597,1.7
39.06,0.597,1.7
39.08,0.597,1.7
39.1,0.597,1.7
39.12,0.597,1.7
39.14,0.597,1.7
39.16,0.597,1.7
39.18,0.597,1.7
39.2,0.599,1.7
39.22,0.599,1.7
39.24,0.599,1.7
39.26,0.599,1.7
39.28,0.599,1.7
39.3,0.599,1.7
39.32,0.599,1.7
39.34,0.599,1.7
39.36,0.599,1.7
39.38,0.6,1.7
39.4,0.6,1.7
39.42,0.6,1.7
39.44,0.6,1.7
39.46,0.6,1.7
39.48,0.6,1.7
39.5,0.6,1.7
39.52,0.602,1.7
39.54,0.602,1.7
39.56,0.602,1.7
39.58,0.602,1.7
39.6,0.602,1.7
39.62,0.602,1.7
39.64,0.602,1.7
39.66,0.602,1.7
39.68,0.602,1.7
39.7,0.602,1.7
39.72,0.602,1.7
39.74,0.602,1.7
39.76,0.602,1.7
39.78,0.602,1.7
39.8,0.602,1.7
39.82,0.602,1.7
39.84,0.602,1.7
39.86,0.602,1.7
39.88,0.602,1.7
39.9,0.602,1.7
39.92,0.602,1.7
39.94,0.602,1.7
39.96,0.602,1.7
39.98,0.602,1.7
40.0,0.602,1.7
40.02,0.602,1.7
40.04,0.602,1.7
40.06,0.602,1.7
40.08,0.6,1.7
40.1,0.6,1.7
40.12,0.6,1.7
40.14,0.6,1.7
40.16,0.6,1.7
40.18,0.6,1.7
40.2,0.6,1.7
40.22,0.6,1.7
40.24,0.6,1.7
40.26,0.599,1.7
40.28,0.599,1.7
40.3,0.599,1.7
40.32,0.599,1.7
40.34,0.599,1.7
40.36,0.599,1.7
40.38,0.599,1.7
40.4,0.599,1.7
40.42,0.599,1.7
40.44,0.599,1.7
40.46,0.599,1.7
40.48,0.599,1.7
40.5,0.599,1.7
40.52,0.599,1.7
40.54,0.599,1.7
40.56,0.599,1.7
40.58,0.599,1.7
40.6,0.599,1.7
40.62,0.599,1.7
40.64,0.599,1.7
40.66,0.599,1.7
40.68,0.599,1.7
40.7,0.599,1.7
40.72,0.6,1.7
40.74,0.6,1.7
40.76,0.6,1.7
40.78,0.6,1.7
40.8,0.6,1.7
40.82,0.6,1.7
40.84,0.6,1.7
40.86,0.6,1.7
40.88,0.6,1.7
40.9,0.6,1.7
40.92,0.602,1.7
40.94,0.602,1.7
40.96,0.602,1.7
40.98,0.602,1.7
41.0,0.602,1.7
41.02,0.602,1.7
41.04,0.602,1.7
41.06,0.602,1.7
41.08,0.602,1.7
41.1,0.602,1.7
41.12,0.602,1.7
41.14,0.602,1.7
41.16,0.602,1.7
41.18,0.602,1.7
41.2,0.604,1.7
41.22,0.604,1.7
41.24,0.604,1.7
41.26,0.604,1.7
41.28,0.604,1.7
41.3,0.604,1.7
41.32,0.604,1.7
41.34,0.604,1.7
41.36,0.602,1.7
41.38,0.602,1.7
41.4,0.602,1.7
41.42,0.602,1.7
41.44,0.602,1.7
41.46,0.602,1.7
41.48,0.602,1.7
41.5,0.602,1.7
41.52,0.602,1.7
41.54,0.602,1.7
41.56,0.602,1.7
41.58,0.602,1.7
41.6,0.602,1.7
41.62,0.6,1.7
41.64,0.6,1.7
41.66,0.6,1.7
41.68,0.6,1.7
41.7,0.6,1.7
41.72,0.6,1.7
41.74,0.6,1.7
41.76,0.6,1.7
41.78,0.6,1.7
41.8,0.6,1.7
41.82,0.6,1.7
41.84,0.6,1.7
41.86,0.6,1.7
41.88,0.6,1.7
41.9,0.599,1.7
41.92,0.599,1.7
41.94,0.599,1.7
41.96,0.599,1.7
41.98,0.599,1.7
42.0,0.599,1.7
42.02,0.599,1.7
42.04,0.599,1.7
42.06,0.599,1.7
42.08,0.599,1.7
42.1,0.599,1.7
42.12,0.599,1.7
42.14,0.599,1.7
42.16,0.6,1.7
42.18,0.6,1.7
42.2,0.6,1.7
42.22,0.6,1.7
42.24,0.6,1.7
42.26,0.6,1.7
42.28,0.6,1.7
42.3,0.6,1.7
42.32,0.6,1.7
42.34,0.6,1.7
42.36,0.6,1.7
42.38,0.6,1.7
42.4,0.6,1.7
42.42,0.6,1.7
42.44,0.602,1.7
42.46,0.602,1.7
42.48,0.602,1.7
42.5,0.602,1.7
42.52,0.602,1.7
42.54,0.602,1.7
42.56,0.602,1.7
42.58,0.602,1.7
42.6,0.602,1.7
42.62,0.602,1.7
42.64,0.602,1.7
42.66,0.602,1.7
42.68,0.602,1.7
42.7,0.602,1.7
42.72,0.602,1.7
42.74,0.602,1.7
42.76,0.602,1.7
42.78,0.602,1.7
42.8,0.602,1.7
42.82,0.602,1.7
42.84,0.602,1.7
42.86,0.602,1.7
42.88,0.602,1.7
42.9,0.602,1.7
42.92,0.602,1.7
42.94,0.602,1.7
42.96,0.602,1.7
42.98,0.602,1.7
43.0,0.6,1.7
43.02,0.6,1.7
43.04,0.6,1.7
43.06,0.6,1.7
43.08,0.6,1.7
43.1,0.6,1.7
43.12,0.6,1.7
43.14,0.6,1.7
43.16,0.6,1.7
43.18,0.6,1.7
43.2,0.599,1.7
43.22,0.599,1.7
43.24,0.599,1.7
43.26,0.599,1.7
43.28,0.599,1.7
43.3,0.599,1.7
43.32,0.599,1.7
43.34,0.599,1.7
43.36,0.597,1.7
43.38,0.597,1.7
43.4,0.597,1.7
43.42,0.597,1.7
43.44,0.597,1.7
43.46,0.597,1.7
43.48,0.597,1.7
43.5,0.597,1.7
43.52,0.597,1.7
43.54,0.597,1.7
43.56,0.597,1.7
43.58,0.595,1.7
43.6,0.595,1.7
43.62,0.595,1.7
43.64,0.595,1.7
43.66,0.595,1.7
43.68,0.595,1.7
43.7,0.595,1.7
43.72,0.595,1.7
43.74,0.597,1.7
43.76,0.597,1.7
43.78,0.597,1.7
43.8,0.597,1.7
43.82,0.597,1.7
43.84,0.597,1.7
43.86,0.597,1.7
43.88,0.597,1.7
43.9,0.597,1.7
43.92,0.597,1.7
43.94,0.597,1.7
43.96,0.599,1.7
43.98,0.599,1.7
44.0,0.599,1.7
44.02,0.599,1.7
44.04,0.599,1.7
44.06,0.599,1.7
44.08,0.6,1.7
44.1,0.6,1.7
44.12,0.6,1.7
44.14,0.6,1.7
44.16,0.6,1.7
44.18,0.6,1.7
44.2,0.6,1.7
44.22,0.6,1.7
44.24,0.6,1.7
44.26,0.602,1.7
44.28,0.602,1.7
44.3,0.602,1.7
44.32,0.602,1.7
44.34,0.602,1.7
44.36,0.602,1.7
44.38,0.602,1.7
44.4,0.602,1.7
44.42,0.602,1.7
44.44,0.602,1.7
44.46,0.6,1.7
44.48,0.6,1.7
44.5,0.6,1.7
44.52,0.6,1.7
44.54,0.6,1.7
44.56,0.6,1.7
44.58,0.6,1.7
44.6,0.599,1.7
44.62,0.599,1.7
44.64,0.599,1.7
44.66,0.599,1.7
44.68,0.599,1.7
44.7,0.599,1.7
44.72,0.599,1.7
44.74,0.597,1.7
44.76,0.597,1.7
44.78,0.597,1.7
44.8,0.597,1.7
44.82,0.597,1.7
44.84,0.597,1.7
44.86,0.597,1.7
44.88,0.597,1.7
44.9,0.595,1.7
44.92,0.595,1.7
44.94,0.595,1.7
44.96,0.595,1.7
44.98,0.595,1.7
45.0,0.595,1.7
45.02,0.595,1.7
45.04,0.595,1.7
45.06,0.595,1.7
45.08,0.595,1.7
45.1,0.595,1.7
45.12,0.595,1.7
45.14,0.597,1.7
45.16,0.597,1.7
45.18,0.597,1.7
45.2,0.597,1.7
45.22,0.597,1.7
45.24,0.597,1.7
45.26,0.599,1.7
45.28,0.599,1.7
45.3,0.599,1.7
45.32,0.599,1.7
45.34,0.6,1.7
45.36,0.6,1.7
45.38,0.6,1.7
45.4,0.6,1.7
45.42,0.602,1.7
45.44,0.602,1.7
45.46,0.602,1.7
45.48,0.602,1.7
45.5,0.602,1.7
45.52,0.604,1.7
45.54,0.604,1.7
45.56,0.604,1.7
45.58,0.604,1.7
45.6,0.604,1.7
45.62,0.604,1.7
45.64,0.604,1.7
45.66,0.606,1.7
45.68,0.606,1.7
45.7,0.606,1.7
45.72,0.606,1.7
45.74,0.606,1.7
45.76,0.606,1.7
45.78,0.606,1.7
45.8,0.606,1.7
45.82,0.606,1.7
45.84,0.604,1.7
45.86,0.604,1.7
45.88,0.604,1.7
45.9,0.604,1.7
45.92,0.604,1.7
45.94,0.604,1.7
45.96,0.604,1.7
45.98,0.604,1.7
46.0,0.602,1.7
46.02,0.602,1.7
46.04,0.602,1.7
46.06,0.602,1.7
46.08,0.602,1.7
46.1,0.6,1.7
46.12,0.6,1.7
46.14,0.6,1.7
46.16,0.6,1.7
46.18,0.599,1.7
46.2,0.599,1.7
46.22,0.599,1.7
46.24,0.597,1.7
46.26,0.597,1.7
46.28,0.597,1.7
46.3,0.597,1.7
46.32,0.597,1.7
46.34,0.595,1.7
46.36,0.595,1.7
46.38,0.595,1.7
46.4,0.595,1.7
46.42,0.595,1.7
46.44,0.595,1.7
46.46,0.595,1.7
46.48,0.593,1.7
46.5,0.593,1.7
46.52,0.593,1.7
46.54,0.593,1.7
46.56,0.593,1.7
46.58,0.593,1.7
46.6,0.593,1.7
46.62,0.593,1.7
46.64,0.593,1.7
46.66,0.595,1.7
46.68,0.595,1.7
46.7,0.595,1.7
46.72,0.595,1.7
46.74,0.595,1.7
46.76,0.595,1.7
46.78,0.597,1.7
46.8,0.597,1.7
46.82,0.597,1.7
46.84,0.597,1.7
46.86,0.597,1.7
46.88,0.599,1.7
46.9,0.599,1.7
46.92,0.599,1.7
46.94,0.599,1.7
46.96,0.6,1.7
46.98,0.6,1.7
47.0,0.6,1.7
47.02,0.6,1.7
47.04,0.602,1.7
47.06,0.602,1.7
47.08,0.602,1.7
47.1,0.602,1.7
47.12,0.602,1.7
47.14,0.604,1.7
47.16,0.604,1.7
47.18,0.604,1.7
47.2,0.604,1.7
47.22,0.604,1.7
47.24,0.606,1.7
47.26,0.606,1.7
47.28,0.606,1.7
47.3,0.606,1.7
47.32,0.606,1.7
47.34,0.606,1.7
47.36,0.606,1.7
47.38,0.606,1.7
47.4,0.607,1.7
47.42,0.607,1.7
47.44,0.607,1.7
47.46,0.607,1.7
47.48,0.607,1.7
47.5,0.607,1.7
47.52,0.607,1.7
47.54,0.607,1.7
47.56,0.607,1.7
47.58,0.607,1.7
47.6,0.606,1.7
47.62,0.606,1.7
47.64,0.606,1.7
47.66,0.606,1.7
47.68,0.606,1.7
47.7,0.606,1.7
47.72,0.606,1.7
47.74,0.604,1.7
47.76,0.604,1.7
47.78,0.604,1.7
47.8,0.604,1.7
47.82,0.602,1.7
47.84,0.602,1.7
47.86,0.602,1.7
47.88,0.602,1.7
47.9,0.6,1.7
47.92,0.6,1.7
47.94,0.6,1.7
47.96,0.6,1.7
47.98,0.6,1.7
48.0,0.599,1.7
48.02,0.599,1.7
48.04,0.599,1.7
48.06,0.599,1.7
48.08,0.597,1.7
48.1,0.597,1.7
48.12,0.597,1.7
48.14,0.597,1.7
48.16,0.597,1.7
48.18,0.597,1.7
48.2,0.597,1.7
48.22,0.597,1.7
48.24,0.597,1.7
48.26,0.597,1.7
48.28,0.597,1.7
48.3,0.597,1.7
48.32,0.597,1.7
48.34,0.597,1.7
48.36,0.597,1.7
48.38,0.597,1.7
48.4,0.597,1.7
48.42,0.597,1.7
48.44,0.597,1.7
48.46,0.597,1.7
48.48,0.599,1.7
48.5,0.599,1.7
48.52,0.599,1.7
48.54,0.599,1.7
48.56,0.599,1.7
48.58,0.6,1.7
48.6,0.6,1.7
48.62,0.6,1.7
48.64,0.6,1.7
48.66,0.6,1.7
48.68,0.602,1.7
48.7,0.602,1.7
48.72,0.602,1.7
48.74,0.602,1.7
48.76,0.602,1.7
48.78,0.604,1.7
48.8,0.604,1.7
48.82,0.604,1.7
48.84,0.604,1.7
48.86,0.604,1.7
48.88,0.604,1.7
48.9,0.606,1.7
48.92,0.606,1.7
48.94,0.606,1.7
48.96,0.606,1.7
48.98,0.606,1.7
49.0,0.606,1.7
49.02,0.606,1.7
49.04,0.606,1.7
49.06,0.606,1.7
49.08,0.606,1.7
49.1,0.606,1.7
49.12,0.606,1.7
49.14,0.606,1.7
49.16,0.606,1.7
49.18,0.604,1.7
49.2,0.604,1.7
49.22,0.604,1.7
49.24,0.604,1.7
49.26,0.604,1.7
49.28,0.604,1.7
49.3,0.602,1.7
49.32,0.602,1.7
49.34,0.602,1.7
49.36,0.602,1.7
49.38,0.602,1.7
49.4,0.6,1.7
49.42,0.6,1.7
49.44,0.6,1.7
49.46,0.6,1.7
49.48,0.6,1.7
49.5,0.6,1.7
49.52,0.6,1.7
49.54,0.599,1.7
49.56,0.599,1.7
49.58,0.599,1.7
49.6,0.599,1.7
49.62,0.599,1.7
49.64,0.599,1.7
49.66,0.599,1.7
49.68,0.599,1.7
49.7,0.599,1.7
49.72,0.599,1.7
49.74,0.599,1.7
49.76,0.599,1.7
49.78,0.599,1.7
49.8,0.599,1.7
49.82,0.599,1.7
49.84,0.599,1.7
49.86,0.599,1.7
49.88,0.599,1.7
49.9,0.599,1.7
49.92,0.599,1.7
49.94,0.599,1.7
49.96,0.6,1.7
49.98,0.6,1.7
50.0,0.6,1.7
50.02,0.6,0.0
50.04,0.6,0.0
50.06,0.6,0.0
50.08,0.599,0.0
50.1,0.597,0.0
50.12,0.592,0.0
50.14,0.586,0.0
50.16,0.578,0.0
50.18,0.569,0.0
50.2,0.557,0.0
50.22,0.543,0.0
50.24,0.527,0.0
50.26,0.508,0.0
50.28,0.487,0.0
50.3,0.464,0.0
50.32,0.438,0.0
50.34,0.41,0.0
50.36,0.38,0.0
50.38,0.349,0.0
50.4,0.316,0.0
50.42,0.283,0.0
50.44,0.246,0.0
50.46,0.209,0.0
50.48,0.173,0.0
50.5,0.134,0.0
50.52,0.096,0.0
50.54,0.056,0.0
50.56,0.017,0.0
50.58,-0.021,0.0
50.6,-0.058,0.0
50.62,-0.094,0.0
50.64,-0.129,0.0
50.66,-0.164,0.0
50.68,-0.195,0.0
50.7,-0.227,0.0
50.72,-0.255,0.0
50.74,-0.281,0.0
50.76,-0.304,0.0
50.78,-0.326,0.0
50.8,-0.344,0.0
50.82,-0.36,0.0
50.84,-0.372,0.0
50.86,-0.38,0.0
50.88,-0.387,0.0
50.9,-0.391,0.0
50.92,-0.391,0.0
50.94,-0.387,0.0
50.96,-0.382,0.0
50.98,-0.374,0.0
51.0,-0.361,0.0
51.02,-0.347,0.0
51.04,-0.33,0.0
51.06,-0.309,0.0
51.08,-0.286,0.0
51.1,-0.262,0.0
51.12,-0.236,0.0
51.14,-0.206,0.0
51.16,-0.176,0.0
51.18,-0.145,0.0
51.2,-0.112,0.0
51.22,-0.079,0.0
51.24,-0.044,0.0
51.26,-0.009,0.0
51.28,0.024,0.0
51.3,0.059,0.0
51.32,0.094,0.0
51.34,0.127,0.0
51.36,0.161,0.0
51.38,0.192,0.0
51.4,0.222,0.0
51.42,0.25,0.0
51.44,0.276,0.0
51.46,0.3,0.0
51.48,0.323,0.0
51.5,0.342,0.0
51.52,0.36,0.0
51.54,0.374,0.0
51.56,0.386,0.0
51.58,0.394,0.0
51.6,0.4,0.0
51.62,0.403,0.0
51.64,0.403,0.0
51.66,0.4,0.0
51.68,0.394,0.0
51.7,0.386,0.0
51.72,0.374,0.0
51.74,0.358,0.0
51.76,0.342,0.0
51.78,0.321,0.0
51.8,0.3,0.0
51.82,0.276,0.0
51.84,0.25,0.0
51.86,0.222,0.0
51.88,0.192,0.0
51.9,0.161,0.0
51.92,0.127,0.0
51.94,0.094,0.0
51.96,0.059,0.0
51.98,0.026,0.0
52.0,-0.009,0.0
52.02,-0.044,0.0
52.04,-0.079,0.0
52.06,-0.112,0.0
52.08,-0.145,0.0
52.1,-0.176,0.0
52.12,-0.206,0.0
52.14,-0.234,0.0
52.16,-0.262,0.0
52.18,-0.286,0.0
52.2,-0.309,0.0
52.22,-0.328,0.0
52.24,-0.346,0.0
52.26,-0.361,0.0
52.28,-0.374,0.0
52.3,-0.382,0.0
52.32,-0.389,0.0
52.34,-0.393,0.0
52.36,-0.394,0.0
52.38,-0.393,0.0
52.4,-0.387,0.0
52.42,-0.379,0.0
52.44,-0.368,0.0
52.46,-0.356,0.0
52.48,-0.339,0.0
52.5,-0.321,0.0
52.52,-0.3,0.0
52.54,-0.276,0.0
52.56,-0.251,0.0
52.58,-0.223,0.0
52.6,-0.195,0.0
52.62,-0.164,0.0
52.64,-0.133,0.0
52.66,-0.101,0.0
52.68,-0.068,0.0
52.7,-0.033,0.0
52.72,-0.0,0.0
52.74,0.035,0.0
52.76,0.068,0.0
52.78,0.101,0.0
52.8,0.133,0.0
52.82,0.164,0.0
52.84,0.195,0.0
52.86,0.223,0.0
52.88,0.251,0.0
52.9,0.276,0.0
52.92,0.298,0.0
52.94,0.319,0.0
52.96,0.337,0.0
52.98,0.353,0.0
53.0,0.365,0.0
53.02,0.375,0.0
53.04,0.382,0.0
53.06,0.387,0.0
53.08,0.389,0.0
53.1,0.387,0.0
53.12,0.384,0.0
53.14,0.377,0.0
53.16,0.367,0.0
53.18,0.354,0.0
53.2,0.339,0.0
53.22,0.321,0.0
53.24,0.3,0.0
53.26,0.279,0.0
53.28,0.255,0.0
53.3,0.229,0.0
53.32,0.201,0.0
53.34,0.171,0.0
53.36,0.14,0.0
53.38,0.108,0.0
53.4,0.075,0.0
53.42,0.042,0.0
53.44,0.009,0.0
53.46,-0.024,0.0
53.48,-0.058,0.0
53.5,-0.091,0.0
53.52,-0.122,0.0
53.54,-0.154,0.0
53.56,-0.183,0.0
53.58,-0.211,0.0
53.6,-0.237,0.0
53.62,-0.264,0.0
53.64,-0.286,0.0
53.66,-0.307,0.0
53.68,-0.325,0.0
53.7,-0.34,0.0
53.72,-0.354,0.0
53.74,-0.365,0.0
53.76,-0.372,0.0
53.78,-0.377,0.0
53.8,-0.379,0.0
53.82,-0.379,0.0
53.84,-0.375,0.0
53.86,-0.37,0.0
53.88,-0.36,0.0
53.9,-0.349,0.0
53.92,-0.335,0.0
53.94,-0.318,0.0
53.96,-0.298,0.0
53.98,-0.278,0.0
54.0,-0.253,0.0
54.02,-0.229,0.0
54.04,-0.201,0.0
54.06,-0.173,0.0
54.08,-0.143,0.0
54.1,-0.112,0.0
54.12,-0.08,0.0
54.14,-0.047,0.0
54.16,-0.016,0.0
54.18,0.017,0.0
54.2,0.051,0.0
54.22,0.082,0.0
54.24,0.113,0.0
54.26,0.145,0.0
54.28,0.175,0.0
54.3,0.202,0.0
54.32,0.229,0.0
54.34,0.255,0.0
54.36,0.278,0.0
54.38,0.298,0.0
54.4,0.316,0.0
54.42,0.332,0.0
54.44,0.346,0.0
54.46,0.358,0.0
54.48,0.365,0.0
54.5,0.372,0.0
54.52,0.374,0.0
54.54,0.374,0.0
54.56,0.372,0.0
54.58,0.367,0.0
54.6,0.358,0.0
54.62,0.347,0.0
54.64,0.333,0.0
54.66,0.318,0.0
54.68,0.298,0.0
54.7,0.278,0.0
54.72,0.257,0.0
54.74,0.232,0.0
54.76,0.204,0.0
54.78,0.178,0.0
54.8,0.148,0.0
54.82,0.119,0.0
54.84,0.087,0.0
54.86,0.056,0.0
54.88,0.023,0.0
54.9,-0.009,0.0
54.92,-0.04,0.0
54.94,-0.073,0.0
54.96,-0.103,0.0
54.98,-0.134,0.0
55.0,-0.164,0.0
55.02,-0.192,0.0
55.04,-0.218,0.0
55.06,-0.243,0.0
55.08,-0.265,0.0
55.1,-0.286,0.0
55.12,-0.305,0.0
55.14,-0.321,0.0
55.16,-0.335,0.0
55.18,-0.346,0.0
55.2,-0.354,0.0
55.22,-0.361,0.0
55.24,-0.365,0.0
55.26,-0.365,0.0
55.28,-0.363,0.0
55.3,-0.358,0.0
55.32,-0.351,0.0
55.34,-0.34,0.0
55.36,-0.328,0.0
55.38,-0.312,0.0
55.4,-0.295,0.0
55.42,-0.276,0.0
55.44,-0.255,0.0
55.46,-0.23,0.0
55.48,-0.206,0.0
55.5,-0.178,0.0
55.52,-0.15,0.0
55.54,-0.12,0.0
55.56,-0.091,0.0
55.58,-0.059,0.0
55.6,-0.028,0.0
55.62,0.003,0.0
55.64,0.035,0.0
55.66,0.066,0.0
55.68,0.096,0.0
55.7,0.126,0.0
55.72,0.155,0.0
55.74,0.183,0.0
55.76,0.209,0.0
55.78,0.234,0.0
55.8,0.257,0.0
55.82,0.278,0.0
55.84,0.297,0.0
55.86,0.314,0.0
55.88,0.328,0.0
55.9,0.34,0.0
55.92,0.349,0.0
55.94,0.356,0.0
55.96,0.36,0.0
55.98,0.36,0.0
56.0,0.36,0.0
56.02,0.354,0.0
56.04,0.347,0.0
56.06,0.339,0.0
56.08,0.326,0.0
56.1,0.312,0.0
56.12,0.295,0.0
56.14,0.276,0.0
56.16,0.255,0.0
56.18,0.232,0.0
56.2,0.208,0.0
56.22,0.182,0.0
56.24,0.155,0.0
56.26,0.126,0.0
56.28,0.096,0.0
56.3,0.066,0.0
56.32,0.035,0.0
56.34,0.003,0.0
56.36,-0.026,0.0
56.38,-0.058,0.0
56.4,-0.087,0.0
56.42,-0.117,0.0
56.44,-0.145,0.0
56.46,-0.173,0.0
56.48,-0.199,0.0
56.5,-0.223,0.0
56.52,-0.246,0.0
56.54,-0.267,0.0
56.56,-0.286,0.0
56.58,-0.304,0.0
56.6,-0.318,0.0
56.62,-0.33,0.0
56.64,-0.339,0.0
56.66,-0.346,0.0
56.68,-0.351,0.0
56.7,-0.353,0.0
56.72,-0.351,0.0
56.74,-0.347,0.0
56.76,-0.34,0.0
56.78,-0.332,0.0
56.8,-0.321,0.0
56.82,-0.307,0.0
56.84,-0.291,0.0
56.86,-0.274,0.0
56.88,-0.253,0.0
56.9,-0.23,0.0
56.92,-0.208,0.0
56.94,-0.182,0.0
56.96,-0.155,0.0
56.98,-0.127,0.0
57.0,-0.099,0.0
57.02,-0.07,0.0
57.04,-0.038,0.0
57.06,-0.009,0.0
57.08,0.021,0.0
57.1,0.052,0.0
57.12,0.082,0.0
57.14,0.11,0.0
57.16,0.138,0.0
57.18,0.166,0.0
57.2,0.192,0.0
57.22,0.216,0.0
57.24,0.239,0.0
57.26,0.26,0.0
57.28,0.279,0.0
57.3,0.297,0.0
57.32,0.311,0.0
57.34,0.323,0.0
57.36,0.333,0.0
57.38,0.34,0.0
57.4,0.344,0.0
57.42,0.347,0.0
57.44,0.346,0.0
57.46,0.344,0.0
57.48,0.339,0.0
57.5,0.33,0.0
57.52,0.319,0.0
57.54,0.305,0.0
57.56,0.291,0.0
57.58,0.274,0.0
57.6,0.253,0.0
57.62,0.232,0.0
57.64,0.209,0.0
57.66,0.185,0.0
57.68,0.159,0.0
57.7,0.131,0.0
57.72,0.103,0.0
57.74,0.075,0.0
57.76,0.045,0.0
57.78,0.016,0.0
57.8,-0.014,0.0
57.82,-0.044,0.0
57.84,-0.073,0.0
57.86,-0.103,0.0
57.88,-0.131,0.0
57.9,-0.157,0.0
57.92,-0.183,0.0
57.94,-0.208,0.0
57.96,-0.23,0.0
57.98,-0.25,0.0
58.0,-0.269,0.0
58.02,-0.286,0.0
58.04,-0.3,0.0
58.06,-0.312,0.0
58.08,-0.323,0.0
58.1,-0.332,0.0
58.12,-0.335,0.0
58.14,-0.339,0.0
58.16,-0.339,0.0
58.18,-0.335,0.0
58.2,-0.332,0.0
58.22,-0.323,0.0
58.24,-0.312,0.0
58.26,-0.3,0.0
58.28,-0.286,0.0
58.3,-0.269,0.0
58.32,-0.251,0.0
58.34,-0.23,0.0
58.36,-0.208,0.0
58.38,-0.183,0.0
58.4,-0.159,0.0
58.42,-0.133,0.0
58.44,-0.105,0.0
58.46,-0.077,0.0
58.48,-0.047,0.0
58.5,-0.019,0.0
58.52,0.01,0.0
58.54,0.04,0.0
58.56,0.068,0.0
58.58,0.096,0.0
58.6,0.124,0.0
58.62,0.15,0.0
58.64,0.176,0.0
58.66,0.201,0.0
58.68,0.223,0.0
58.7,0.244,0.0
58.72,0.264,0.0
58.74,0.279,0.0
58.76,0.295,0.0
58.78,0.307,0.0
58.8,0.318,0.0
58.82,0.325,0.0
58.84,0.332,0.0
58.86,0.333,0.0
58.88,0.333,0.0
58.9,0.332,0.0
58.92,0.328,0.0
58.94,0.321,0.0
58.96,0.311,0.0
58.98,0.298,0.0
59.0,0.284,0.0
59.02,0.269,0.0
59.04,0.251,0.0
59.06,0.23,0.0
59.08,0.209,0.0
59.1,0.187,0.0
59.12,0.161,0.0
59.14,0.136,0.0
59.16,0.108,0.0
59.18,0.08,0.0
59.2,0.052,0.0
59.22,0.024,0.0
59.24,-0.005,0.0
59.26,-0.033,0.0
59.28,-0.061,0.0
59.3,-0.089,0.0
59.32,-0.117,0.0
59.34,-0.143,0.0
59.36,-0.168,0.0
59.38,-0.192,0.0
59.4,-0.215,0.0
59.42,-0.236,0.0
59.44,-0.253,0.0
59.46,-0.271,0.0
59.48,-0.286,0.0
59.5,-0.298,0.0
59.52,-0.309,0.0
59.54,-0.316,0.0
59.56,-0.323,0.0
59.58,-0.325,0.0
59.6,-0.326,0.0
59.62,-0.325,0.0
59.64,-0.321,0.0
59.66,-0.314,0.0
59.68,-0.305,0.0
59.7,-0.293,0.0
59.72,-0.281,0.0
59.74,-0.265,0.0
59.76,-0.248,0.0
59.78,-0.229,0.0
59.8,-0.208,0.0
59.82,-0.185,0.0
59.84,-0.161,0.0
59.86,-0.136,0.0
59.88,-0.11,0.0
59.9,-0.082,0.0
59.92,-0.054,0.0
59.94,-0.026,0.0
59.96,0.002,0.0
59.98,0.03,0.0
60.0,0.058,0.0
60.02,0.086,0.0
60.04,0.112,0.0
60.06,0.138,0.0
60.08,0.162,0.0
60.1,0.187,0.0
60.12,0.209,0.0
60.14,0.229,0.0
60.16,0.248,0.0
60.18,0.265,0.0
60.2,0.279,0.0
60.22,0.293,0.0
60.24,0.304,0.0
60.26,0.311,0.0
60.28,0.318,0.0
60.3,0.321,0.0
60.32,0.321,0.0
60.34,0.321,0.0
60.36,0.318,0.0
60.38,0.311,0.0
60.4,0.302,0.0
60.42,0.291,0.0
60.44,0.279,0.0
60.46,0.264,0.0
60.48,0.248,0.0
60.5,0.229,0.0
60.52,0.208,0.0
60.54,0.185,0.0
60.56,0.162,0.0
60.58,0.138,0.0
60.6,0.112,0.0
60.62,0.086,0.0
60.64,0.059,0.0
60.66,0.031,0.0
60.68,0.003,0.0
60.7,-0.024,0.0
60.72,-0.052,0.0
60.74,-0.079,0.0
60.76,-0.105,0.0
60.78,-0.131,0.0
60.8,-0.155,0.0
60.82,-0.178,0.0
60.84,-0.201,0.0
60.86,-0.22,0.0
60.88,-0.239,0.0
60.9,-0.257,0.0
60.92,-0.271,0.0
60.94,-0.284,0.0
60.96,-0.295,0.0
60.98,-0.304,0.0
61.0,-0.309,0.0
61.02,-0.312,0.0
61.04,-0.314,0.0
61.06,-0.314,0.0
61.08,-0.311,0.0
61.1,-0.304,0.0
61.12,-0.297,0.0
61.14,-0.286,0.0
61.16,-0.274,0.0
61.18,-0.26,0.0
61.2,-0.243,0.0
61.22,-0.225,0.0
61.24,-0.206,0.0
61.26,-0.183,0.0
61.28,-0.161,0.0
61.3,-0.138,0.0
61.32,-0.112,0.0
61.34,-0.086,0.0
61.36,-0.059,0.0
61.38,-0.033,0.0
61.4,-0.005,0.0
61.42,0.021,0.0
61.44,0.049,0.0
61.46,0.075,0.0
61.48,0.101,0.0
61.5,0.126,0.0
61.52,0.15,0.0
61.54,0.175,0.0
61.56,0.195,0.0
61.58,0.216,0.0
61.6,0.234,0.0
61.62,0.251,0.0
61.64,0.265,0.0
61.66,0.279,0.0
61.68,0.29,0.0
61.7,0.298,0.0
61.72,0.304,0.0
61.74,0.309,0.0
61.76,0.311,0.0
61.78,0.309,0.0
61.8,0.307,0.0
61.82,0.302,0.0
61.84,0.293,0.0
61.86,0.284,0.0
61.88,0.272,0.0
61.9,0.258,0.0
61.92,0.243,0.0
61.94,0.225,0.0
61.96,0.206,0.0
61.98,0.185,0.0
62.0,0.162,0.0
62.02,0.14,0.0
62.04,0.115,0.0
62.06,0.089,0.0
62.08,0.063,0.0
62.1,0.037,0.0
62.12,0.01,0.0
62.14,-0.017,0.0
62.16,-0.044,0.0
62.18,-0.07,0.0
62.2,-0.094,0.0
62.22,-0.12,0.0
62.24,-0.143,0.0
62.26,-0.166,0.0
62.28,-0.188,0.0
62.3,-0.208,0.0
62.32,-0.227,0.0
62.34,-0.243,0.0
62.36,-0.258,0.0
62.38,-0.271,0.0
62.4,-0.281,0.0
62.42,-0.29,0.0
62.44,-0.297,0.0
62.46,-0.3,0.0
62.48,-0.302,0.0
62.5,-0.302,0.0
62.52,-0.3,0.0
62.54,-0.295,0.0
62.56,-0.288,0.0
62.58,-0.278,0.0
62.6,-0.267,0.0
62.62,-0.253,0.0
62.64,-0.237,0.0
62.66,-0.222,0.0
62.68,-0.202,0.0
62.7,-0.182,0.0
62.72,-0.161,0.0
62.74,-0.138,0.0
62.76,-0.113,0.0
62.78,-0.089,0.0
62.8,-0.063,0.0
62.82,-0.038,0.0
62.84,-0.012,0.0
62.86,0.014,0.0
62.88,0.04,0.0
62.9,0.066,0.0
62.92,0.091,0.0
62.94,0.115,0.0
62.96,0.14,0.0
62.98,0.162,0.0
63.0,0.183,0.0
63.02,0.204,0.0
63.04,0.222,0.0
63.06,0.239,0.0
63.08,0.253,0.0
63.1,0.267,0.0
63.12,0.278,0.0
63.14,0.286,0.0
63.16,0.291,0.0
63.18,0.297,0.0
63.2,0.298,0.0
63.22,0.298,0.0
63.24,0.297,0.0
63.26,0.291,0.0
63.28,0.284,0.0
63.3,0.276,0.0
63.32,0.265,0.0
63.34,0.251,0.0
63.36,0.237,0.0
63.38,0.22,0.0
63.4,0.202,0.0
63.42,0.183,0.0
63.44,0.161,0.0
63.46,0.14,0.0
63.48,0.115,0.0
63.5,0.091,0.0
63.52,0.066,0.0
63.54,0.042,0.0
63.56,0.016,0.0
63.58,-0.01,0.0
63.6,-0.037,0.0
63.62,-0.061,0.0
63.64,-0.086,0.0
63.66,-0.11,0.0
63.68,-0.133,0.0
63.7,-0.155,0.0
63.72,-0.176,0.0
63.74,-0.195,0.0
63.76,-0.215,0.0
63.78,-0.23,0.0
63.8,-0.246,0.0
63.82,-0.258,0.0
63.84,-0.269,0.0
63.86,-0.278,0.0
63.88,-0.284,0.0
63.9,-0.29,0.0
63.92,-0.291,0.0
63.94,-0.291,0.0
63.96,-0.29,0.0
63.98,-0.284,0.0
64.0,-0.279,0.0
64.02,-0.271,0.0
64.04,-0.26,0.0
64.06,-0.248,0.0
64.08,-0.232,0.0
64.1,-0.216,0.0
64.12,-0.199,0.0
64.14,-0.18,0.0
64.16,-0.159,0.0
64.18,-0.138,0.0
64.2,-0.115,0.0
64.22,-0.091,0.0
64.24,-0.066,0.0
64.26,-0.042,0.0
64.28,-0.016,0.0
64.3,0.009,0.0
64.32,0.033,0.0
64.34,0.059,0.0
64.36,0.084,0.0
64.38,0.106,0.0
64.4,0.129,0.0
64.42,0.152,0.0
64.44,0.173,0.0
64.46,0.192,0.0
64.48,0.211,0.0
64.5,0.227,0.0
64.52,0.241,0.0
64.54,0.255,0.0
64.56,0.265,0.0
64.58,0.274,0.0
64.6,0.281,0.0
64.62,0.284,0.0
64.64,0.288,0.0
64.66,0.288,0.0
64.68,0.286,0.0
64.7,0.283,0.0
64.72,0.276,0.0
64.74,0.267,0.0
64.76,0.258,0.0
64.78,0.246,0.0
64.8,0.232,0.0
64.82,0.216,0.0
64.84,0.199,0.0
64.86,0.18,0.0
64.88,0.159,0.0
64.9,0.138,0.0
64.92,0.115,0.0
64.94,0.093,0.0
64.96,0.068,0.0
64.98,0.044,0.0
65.0,0.019,0.0
65.02,-0.005,0.0
65.04,-0.03,0.0
65.06,-0.054,0.0
65.08,-0.079,0.0
65.1,-0.103,0.0
65.12,-0.124,0.0
65.14,-0.147,0.0
65.16,-0.168,0.0
65.18,-0.187,0.0
65.2,-0.204,0.0
65.22,-0.22,0.0
65.24,-0.234,0.0
65.26,-0.248,0.0
65.28,-0.258,0.0
65.3,-0.267,0.0
65.32,-0.274,0.0
65.34,-0.278,0.0
65.36,-0.281,0.0
65.38,-0.281,0.0
65.4,-0.279,0.0
65.42,-0.276,0.0
65.44,-0.271,0.0
65.46,-0.262,0.0
65.48,-0.253,0.0
65.5,-0.241,0.0
65.52,-0.227,0.0
65.54,-0.211,0.0
65.56,-0.195,0.0
65.58,-0.176,0.0
65.6,-0.157,0.0
65.62,-0.136,0.0
65.64,-0.113,0.0
65.66,-0.091,0.0
65.68,-0.068,0.0
65.7,-0.044,0.0
65.72,-0.019,0.0
65.74,0.003,0.0
65.76,0.028,0.0
65.78,0.052,0.0
65.8,0.077,0.0
65.82,0.099,0.0
65.84,0.122,0.0
65.86,0.143,0.0
65.88,0.164,0.0
65.9,0.183,0.0
65.92,0.201,0.0
65.94,0.216,0.0
65.96,0.23,0.0
65.98,0.243,0.0
66.0,0.255,0.0
66.02,0.264,0.0
66.04,0.269,0.0
66.06,0.274,0.0
66.08,0.278,0.0
66.1,0.278,0.0
66.12,0.276,0.0
66.14,0.272,0.0
66.16,0.267,0.0
66.18,0.26,0.0
66.2,0.25,0.0
66.22,0.239,0.0
66.24,0.225,0.0
66.26,0.211,0.0
66.28,0.194,0.0
66.3,0.176,0.0
66.32,0.157,0.0
66.34,0.136,0.0
66.36,0.115,0.0
66.38,0.093,0.0
66.4,0.07,0.0
66.42,0.047,0.0
66.44,0.023,0.0
66.46,-0.002,0.0
66.48,-0.026,0.0
66.5,-0.049,0.0
66.52,-0.073,0.0
66.54,-0.094,0.0
66.56,-0.117,0.0
66.58,-0.138,0.0
66.6,-0.157,0.0
66.62,-0.176,0.0
66.64,-0.194,0.0
66.66,-0.209,0.0
66.68,-0.223,0.0
66.7,-0.237,0.0
66.72,-0.248,0.0
66.74,-0.257,0.0
66.76,-0.264,0.0
66.78,-0.267,0.0
66.8,-0.271,0.0
66.82,-0.271,0.0
66.84,-0.271,0.0
66.86,-0.267,0.0
66.88,-0.262,0.0
66.9,-0.255,0.0
66.92,-0.244,0.0
66.94,-0.234,0.0
66.96,-0.222,0.0
66.98,-0.206,0.0
67.0,-0.19,0.0
67.02,-0.173,0.0
67.04,-0.154,0.0
67.06,-0.134,0.0
67.08,-0.113,0.0
67.1,-0.091,0.0
67.12,-0.068,0.0
67.14,-0.045,0.0
67.16,-0.023,0.0
67.18,0.002,0.0
67.2,0.024,0.0
67.22,0.047,0.0
67.24,0.07,0.0
67.26,0.093,0.0
67.28,0.115,0.0
67.3,0.134,0.0
67.32,0.155,0.0
67.34,0.175,0.0
67.36,0.19,0.0
67.38,0.206,0.0
67.4,0.22,0.0
67.42,0.234,0.0
67.44,0.244,0.0
67.46,0.253,0.0
67.48,0.26,0.0
67.5,0.264,0.0
67.52,0.267,0.0
67.54,0.269,0.0
67.56,0.267,0.0
67.58,0.264,0.0
67.6,0.258,0.0
67.62,0.251,0.0
67.64,0.243,0.0
67.66,0.232,0.0
67.68,0.22,0.0
67.7,0.206,0.0
67.72,0.19,0.0
67.74,0.173,0.0
67.76,0.154,0.0
67.78,0.134,0.0
67.8,0.113,0.0
67.82,0.093,0.0
67.84,0.07,0.0
67.86,0.047,0.0
67.88,0.024,0.0
67.9,0.002,0.0
67.92,-0.021,0.0
67.94,-0.044,0.0
67.96,-0.066,0.0
67.98,-0.089,0.0
68.0,-0.11,0.0
68.02,-0.131,0.0
68.04,-0.15,0.0
68.06,-0.168,0.0
68.08,-0.185,0.0
68.1,-0.201,0.0
68.12,-0.215,0.0
68.14,-0.227,0.0
68.16,-0.237,0.0
68.18,-0.246,0.0
68.2,-0.253,0.0
68.22,-0.258,0.0
68.24,-0.26,0.0
68.26,-0.262,0.0
68.28,-0.26,0.0
68.3,-0.258,0.0
68.32,-0.253,0.0
68.34,-0.246,0.0
68.36,-0.237,0.0
68.38,-0.227,0.0
68.4,-0.215,0.0
68.42,-0.201,0.0
68.44,-0.185,0.0
68.46,-0.169,0.0
68.48,-0.15,0.0
68.5,-0.131,0.0
68.52,-0.112,0.0
68.54,-0.091,0.0
68.56,-0.068,0.0
68.58,-0.047,0.0
68.6,-0.024,0.0
68.62,-0.002,0.0
68.64,0.021,0.0
68.66,0.044,0.0
68.68,0.066,0.0
68.7,0.087,0.0
68.72,0.108,0.0
68.74,0.127,0.0
68.76,0.147,0.0
68.78,0.166,0.0
68.8,0.183,0.0
68.82,0.197,0.0
68.84,0.211,0.0
68.86,0.223,0.0
68.88,0.234,0.0
68.9,0.243,0.0
68.92,0.25,0.0
68.94,0.255,0.0
68.96,0.258,0.0
68.98,0.258,0.0
69.0,0.258,0.0
69.02,0.255,0.0
69.04,0.25,0.0
69.06,0.244,0.0
69.08,0.236,0.0
69.1,0.225,0.0
69.12,0.213,0.0
69.14,0.199,0.0
69.16,0.185,0.0
69.18,0.168,0.0
69.2,0.15,0.0
69.22,0.131,0.0
69.24,0.112,0.0
69.26,0.091,0.0
69.28,0.07,0.0
69.3,0.049,0.0
69.32,0.026,0.0
69.34,0.003,0.0
69.36,-0.019,0.0
69.38,-0.04,0.0
69.4,-0.063,0.0
69.42,-0.084,0.0
69.44,-0.105,0.0
69.46,-0.124,0.0
69.48,-0.143,0.0
69.5,-0.161,0.0
69.52,-0.176,0.0
69.54,-0.192,0.0
69.56,-0.206,0.0
69.58,-0.218,0.0
69.6,-0.229,0.0
69.62,-0.236,0.0
69.64,-0.243,0.0
69.66,-0.248,0.0
69.68,-0.251,0.0
69.7,-0.253,0.0
69.72,-0.251,0.0
