Tiempo ,YAW,PITCH,E_YAW,E_PITCH
-0.4,0.0,0.0,0.0,0.0
-0.38,0.0,0.0,0.0,0.0
-0.36,0.0,0.0,0.0,0.0
-0.34,0.0,0.0,0.0,0.0
-0.32,0.0,0.0,0.0,0.0
-0.3,0.0,0.0,0.0,0.0
-0.28,0.0,0.0,0.0,0.0
-0.26,0.0,0.0,0.0,0.0
-0.24,0.0,0.0,0.0,0.0
-0.22,0.0,0.0,0.0,0.0
-0.2,0.0,0.0,0.0,0.0
-0.18,0.0,0.0,0.0,0.0
-0.16,0.0,0.0,0.0,0.0
-0.14,0.0,0.0,0.0,0.0
-0.12,0.0,0.0,0.0,0.0
-0.1,0.0,0.0,0.0,0.0
-0.08,0.0,0.0,0.0,0.0
-0.06,0.0,0.0,0.0,0.0
-0.04,0.0,0.0,0.0,0.0
-0.02,0.0,0.0,0.0,0.0
0.0,0.0,0.0,0.0,0.0
0.02,0.0,0.0,0.0,0.0
0.04,0.0,0.0,0.0,18.7
0.06,0.0,0.0,0.0,18.7
0.08,0.002,0.0,0.0,18.7
0.1,0.002,0.0,0.0,18.7
0.12,0.003,0.0,0.0,18.7
0.14,0.005,0.0,0.0,18.7
0.16,0.009,0.0,0.0,18.7
0.18,0.01,0.0,0.0,18.7
0.2,0.012,0.0,0.0,18.7
0.22,0.014,0.0,0.0,18.7
0.24,0.016,0.002,0.0,18.7
0.26,0.019,0.002,0.0,18.7
0.28,0.023,0.007,0.0,18.7
0.3,0.024,0.01,0.0,18.7
0.32,0.028,0.016,0.0,18.7
0.34,0.03,0.021,0.0,18.7
0.36,0.033,0.024,0.0,18.7
0.38,0.035,0.031,0.0,18.7
0.4,0.038,0.037,0.0,18.7
0.42,0.042,0.042,0.0,18.7
0.44,0.045,0.049,0.0,18.7
0.46,0.049,0.054,0.0,18.7
0.48,0.052,0.063,0.0,18.7
0.5,0.056,0.07,0.0,18.7
0.52,0.059,0.077,0.0,18.7
0.54,0.063,0.084,0.0,18.7
0.56,0.066,0.093,0.0,18.7
0.58,0.07,0.101,0.0,18.7
0.6,0.073,0.11,0.0,18.7
0.62,0.077,0.12,0.0,18.7
0.64,0.08,0.133,0.0,18.7
0.66,0.084,0.136,0.0,18.7
0.68,0.089,0.15,0.0,18.7
0.7,0.093,0.161,0.0,18.7
0.72,0.096,0.173,0.0,18.7
0.74,0.099,0.187,0.0,18.7
0.76,0.103,0.197,0.0,18.7
0.78,0.108,0.208,0.0,18.7
0.8,0.112,0.222,0.0,18.7
0.82,0.115,0.234,0.0,18.7
0.84,0.12,0.248,0.0,18.7
0.86,0.124,0.253,0.0,18.7
0.88,0.129,0.267,0.0,18.7
0.9,0.133,0.286,0.0,18.7
0.92,0.138,0.293,0.0,18.7
0.94,0.141,0.312,0.0,18.7
0.96,0.147,0.326,0.0,18.7
0.98,0.152,0.34,0.0,18.7
1.0,0.155,0.347,0.0,18.7
1.02,0.161,0.361,0.0,18.7
1.04,0.164,0.375,0.0,18.7
1.06,0.169,0.396,0.0,18.7
1.08,0.175,0.41,0.0,18.7
1.1,0.178,0.417,0.0,18.7
1.12,0.183,0.438,0.0,18.7
1.14,0.187,0.454,0.0,18.7
1.16,0.192,0.461,0.0,18.7
1.18,0.197,0.471,0.0,18.7
1.2,0.202,0.496,0.0,18.7
1.22,0.208,0.51,0.0,18.7
1.24,0.213,0.517,0.0,18.7
1.26,0.218,0.538,0.0,18.7
1.28,0.222,0.548,0.0,18.7
1.3,0.229,0.565,0.0,18.7
1.32,0.234,0.572,0.0,18.7
1.34,0.239,0.586,0.0,18.7
1.36,0.244,0.6,0.0,18.7
1.38,0.25,0.621,0.0,18.7
1.4,0.255,0.627,0.0,18.7
1.42,0.26,0.641,0.0,18.7
1.44,0.265,0.654,0.0,18.7
1.46,0.272,0.674,0.0,18.7
1.48,0.278,0.681,0.0,18.7
1.5,0.283,0.693,0.0,18.7
1.52,0.288,0.705,0.0,18.7
1.54,0.295,0.717,0.0,18.7
1.56,0.3,0.73,0.0,18.7
1.58,0.307,0.742,0.0,18.7
1.6,0.312,0.754,0.0,18.7
1.62,0.319,0.766,0.0,18.7
1.64,0.325,0.777,0.0,18.7
1.66,0.332,0.789,0.0,18.7
1.68,0.339,0.799,0.0,18.7
1.7,0.346,0.81,0.0,18.7
1.72,0.351,0.82,0.0,18.7
1.74,0.358,0.831,0.0,18.7
1.76,0.365,0.836,0.0,18.7
1.78,0.372,0.852,0.0,18.7
1.8,0.379,0.857,0.0,18.7
1.82,0.386,0.871,0.0,18.7
1.84,0.393,0.88,0.0,18.7
1.86,0.401,0.89,0.0,18.7
1.88,0.408,0.899,0.0,18.7
1.9,0.415,0.908,0.0,18.7
1.92,0.422,0.915,0.0,18.7
1.94,0.431,0.923,0.0,18.7
1.96,0.438,0.932,0.0,18.7
1.98,0.445,0.939,0.0,18.7
2.0,0.454,0.946,0.0,18.7
2.02,0.461,0.953,0.0,18.7
2.04,0.469,0.96,0.0,18.7
2.06,0.478,0.967,0.0,18.7
2.08,0.485,0.972,0.0,18.7
2.1,0.494,0.979,0.0,18.7
2.12,0.503,0.984,0.0,18.7
2.14,0.511,0.99,0.0,18.7
2.16,0.52,0.995,0.0,18.7
2.18,0.529,1.0,0.0,18.7
2.2,0.538,1.004,0.0,18.7
2.22,0.546,1.009,0.0,18.7
2.24,0.555,1.012,0.0,18.7
2.26,0.564,1.016,0.0,18.7
2.28,0.572,1.019,0.0,18.7
2.3,0.583,1.023,0.0,18.7
2.32,0.592,1.026,0.0,18.7
2.34,0.6,1.03,0.0,18.7
2.36,0.609,1.031,0.0,18.7
2.38,0.62,1.035,0.0,18.7
2.4,0.628,1.035,0.0,18.7
2.42,0.639,1.04,0.0,18.7
2.44,0.648,1.042,0.0,18.7
2.46,0.658,1.042,0.0,18.7
2.48,0.667,1.044,0.0,18.7
2.5,0.677,1.045,0.0,18.7
2.52,0.686,1.045,0.0,18.7
2.54,0.696,1.047,0.0,18.7
2.56,0.707,1.047,0.0,18.7
2.58,0.716,1.047,0.0,18.7
2.6,0.726,1.047,0.0,18.7
2.62,0.737,1.047,0.0,18.7
2.64,0.747,1.047,0.0,18.7
2.66,0.756,1.047,0.0,18.7
2.68,0.766,1.049,0.0,18.7
2.7,0.777,1.047,0.0,18.7
2.72,0.787,1.047,0.0,18.7
2.74,0.798,1.045,0.0,18.7
2.76,0.806,1.044,0.0,18.7
2.78,0.817,1.042,0.0,18.7
2.8,0.827,1.04,0.0,18.7
2.82,0.838,1.038,0.0,18.7
2.84,0.848,1.037,0.0,18.7
2.86,0.857,1.033,0.0,18.7
2.88,0.867,1.031,0.0,18.7
2.9,0.878,1.028,0.0,18.7
2.92,0.888,1.025,0.0,18.7
2.94,0.899,1.025,0.0,18.7
2.96,0.909,1.019,0.0,18.7
2.98,0.92,1.018,0.0,18.7
3.0,0.93,1.012,0.0,18.7
3.02,0.941,1.011,0.0,18.7
3.04,0.951,1.007,0.0,18.7
3.06,0.962,1.004,0.0,18.7
3.08,0.972,0.998,0.0,18.7
3.1,0.981,0.995,0.0,18.7
3.12,0.991,0.99,0.0,18.7
3.14,1.002,0.986,0.0,18.7
3.16,1.012,0.984,0.0,18.7
3.18,1.023,0.979,0.0,18.7
3.2,1.033,0.976,0.0,18.7
3.22,1.044,0.969,0.0,18.7
3.24,1.054,0.965,0.0,18.7
3.26,1.065,0.96,0.0,18.7
3.28,1.075,0.955,0.0,18.7
3.3,1.086,0.949,0.0,18.7
3.32,1.096,0.942,0.0,18.7
3.34,1.107,0.939,0.0,18.7
3.36,1.117,0.934,0.0,18.7
3.38,1.127,0.929,0.0,18.7
3.4,1.136,0.923,0.0,18.7
3.42,1.147,0.922,0.0,18.7
3.44,1.157,0.913,0.0,18.7
3.46,1.168,0.909,0.0,18.7
3.48,1.178,0.901,0.0,18.7
3.5,1.189,0.895,0.0,18.7
3.52,1.199,0.89,0.0,18.7
3.54,1.21,0.883,0.0,18.7
3.56,1.22,0.878,0.0,18.7
3.58,1.23,0.871,0.0,18.7
3.6,1.241,0.866,0.0,18.7
3.62,1.251,0.862,0.0,18.7
3.64,1.262,0.855,0.0,18.7
3.66,1.272,0.848,0.0,18.7
3.68,1.283,0.84,0.0,18.7
3.7,1.293,0.836,0.0,18.7
3.72,1.304,0.829,0.0,18.7
3.74,1.314,0.824,0.0,18.7
3.76,1.323,0.815,0.0,18.7
3.78,1.333,0.808,0.0,18.7
3.8,1.344,0.805,0.0,18.7
3.82,1.354,0.798,0.0,18.7
3.84,1.365,0.789,0.0,18.7
3.86,1.375,0.784,0.0,18.7
3.88,1.386,0.777,0.0,18.7
3.9,1.396,0.773,0.0,18.7
3.92,1.407,0.764,0.0,18.7
3.94,1.417,0.759,0.0,18.7
3.96,1.428,0.752,0.0,18.7
3.98,1.438,0.745,0.0,18.7
4.0,1.449,0.74,0.0,18.7
4.02,1.459,0.735,0.0,18.7
4.04,1.47,0.726,0.0,18.7
4.06,1.478,0.719,0.0,18.7
4.08,1.489,0.716,0.0,18.7
4.1,1.499,0.703,0.0,18.7
4.12,1.51,0.7,0.0,18.7
4.14,1.52,0.698,0.0,18.7
4.16,1.531,0.688,0.0,18.7
4.18,1.541,0.681,0.0,18.7
4.2,1.552,0.675,0.0,18.7
4.22,1.562,0.668,0.0,18.7
4.24,1.573,0.663,0.0,18.7
4.26,1.583,0.656,0.0,18.7
4.28,1.595,0.651,0.0,18.7
4.3,1.606,0.644,0.0,18.7
4.32,1.616,0.639,0.0,18.7
4.34,1.627,0.632,0.0,18.7
4.36,1.637,0.628,0.0,18.7
4.38,1.648,0.623,0.0,18.7
4.4,1.658,0.616,0.0,18.7
4.42,1.669,0.609,0.0,18.7
4.44,1.681,0.604,0.0,18.7
4.46,1.691,0.599,0.0,18.7
4.48,1.702,0.593,0.0,18.7
4.5,1.712,0.586,0.0,18.7
4.52,1.724,0.581,0.0,18.7
4.54,1.735,0.576,0.0,18.7
4.56,1.745,0.571,0.0,18.7
4.58,1.758,0.567,0.0,18.7
4.6,1.768,0.562,0.0,18.7
4.62,1.778,0.557,0.0,18.7
4.64,1.791,0.553,0.0,18.7
4.66,1.801,0.548,0.0,18.7
4.68,1.812,0.543,0.0,18.7
4.7,1.824,0.539,0.0,18.7
4.72,1.834,0.532,0.0,18.7
4.74,1.847,0.529,0.0,18.7
4.76,1.857,0.524,0.0,18.7
4.78,1.869,0.52,0.0,18.7
4.8,1.881,0.517,0.0,18.7
4.82,1.892,0.515,0.0,18.7
4.84,1.904,0.51,0.0,18.7
4.86,1.916,0.506,0.0,18.7
4.88,1.927,0.503,0.0,18.7
4.9,1.939,0.499,0.0,18.7
4.92,1.951,0.496,0.0,18.7
4.94,1.963,0.492,0.0,18.7
4.96,1.974,0.489,0.0,18.7
4.98,1.986,0.483,0.0,18.7
5.0,1.998,0.482,0.0,18.7
5.02,2.011,0.482,0.0,18.7
5.04,2.023,0.476,0.0,18.7
5.06,2.035,0.475,0.0,18.7
5.08,2.047,0.471,0.0,18.7
5.1,2.059,0.471,0.0,18.7
5.12,2.072,0.468,0.0,18.7
5.14,2.084,0.464,0.0,18.7
5.16,2.096,0.464,0.0,18.7
5.18,2.108,0.461,0.0,18.7
5.2,2.121,0.459,0.0,18.7
5.22,2.133,0.457,0.0,18.7
5.24,2.145,0.456,0.0,18.7
5.26,2.159,0.454,0.0,18.7
5.28,2.171,0.454,0.0,18.7
5.3,2.183,0.452,0.0,18.7
5.32,2.196,0.452,0.0,18.7
5.34,2.21,0.45,0.0,18.7
5.36,2.222,0.45,0.0,18.7
5.38,2.236,0.45,0.0,18.7
5.4,2.248,0.449,0.0,18.7
5.42,2.26,0.449,0.0,18.7
5.44,2.274,0.449,0.0,18.7
5.46,2.286,0.449,0.0,18.7
5.48,2.3,0.449,0.0,18.7
5.5,2.314,0.447,0.0,18.7
5.52,2.327,0.447,0.0,18.7
5.54,2.34,0.447,0.0,18.7
5.56,2.353,0.447,0.0,18.7
5.58,2.367,0.449,0.0,18.7
5.6,2.381,0.45,0.0,18.7
5.62,2.393,0.45,0.0,18.7
5.64,2.407,0.452,0.0,18.7
5.66,2.421,0.454,0.0,18.7
5.68,2.435,0.454,0.0,18.7
5.7,2.449,0.456,0.0,18.7
5.72,2.461,0.457,0.0,18.7
5.74,2.475,0.459,0.0,18.7
5.76,2.489,0.461,0.0,18.7
5.78,2.503,0.463,0.0,18.7
5.8,2.517,0.464,0.0,18.7
5.82,2.531,0.466,0.0,18.7
5.84,2.543,0.468,0.0,18.7
5.86,2.557,0.469,0.0,18.7
5.88,2.571,0.473,0.0,18.7
5.9,2.585,0.475,0.0,18.7
5.92,2.599,0.476,0.0,18.7
5.94,2.613,0.48,0.0,18.7
5.96,2.627,0.48,0.0,18.7
5.98,2.641,0.483,0.0,18.7
6.0,2.655,0.487,0.0,18.7
6.02,2.669,0.489,0.0,18.7
6.04,2.683,0.492,0.0,18.7
6.06,2.697,0.496,0.0,18.7
6.08,2.71,0.496,0.0,18.7
6.1,2.724,0.501,0.0,18.7
6.12,2.738,0.503,0.0,18.7
6.14,2.752,0.506,0.0,18.7
6.16,2.766,0.51,0.0,18.7
6.18,2.78,0.511,0.0,18.7
6.2,2.794,0.515,0.0,18.7
6.22,2.808,0.515,0.0,18.7
6.24,2.822,0.52,0.0,18.7
6.26,2.836,0.524,0.0,18.7
6.28,2.852,0.525,0.0,18.7
6.3,2.866,0.529,0.0,18.7
6.32,2.88,0.534,0.0,18.7
6.34,2.894,0.536,0.0,18.7
6.36,2.908,0.538,0.0,18.7
6.38,2.922,0.541,0.0,18.7
6.4,2.936,0.545,0.0,18.7
6.42,2.95,0.546,0.0,18.7
6.44,2.965,0.55,0.0,18.7
6.46,2.979,0.553,0.0,18.7
6.48,2.993,0.555,0.0,18.7
6.5,3.007,0.56,0.0,18.7
6.52,3.021,0.56,0.0,18.7
6.54,3.035,0.565,0.0,18.7
6.56,3.051,0.567,0.0,18.7
6.58,3.065,0.569,0.0,18.7
6.6,3.079,0.574,0.0,18.7
6.62,3.094,0.574,0.0,18.7
6.64,3.108,0.579,0.0,18.7
6.66,3.122,0.581,0.0,18.7
6.68,3.136,0.581,0.0,18.7
6.7,3.152,0.586,0.0,18.7
6.72,3.166,0.588,0.0,18.7
6.74,3.18,0.592,0.0,18.7
6.76,3.196,0.593,0.0,18.7
6.78,3.21,0.597,0.0,18.7
6.8,3.225,0.599,0.0,18.7
6.82,3.239,0.6,0.0,18.7
6.84,3.255,0.602,0.0,18.7
6.86,3.269,0.604,0.0,18.7
6.88,3.285,0.607,0.0,18.7
6.9,3.299,0.609,0.0,18.7
6.92,3.313,0.611,0.0,18.7
6.94,3.328,0.614,0.0,18.7
6.96,3.344,0.614,0.0,18.7
6.98,3.358,0.616,0.0,18.7
7.0,3.374,0.618,0.0,18.7
7.02,3.388,0.62,0.0,18.7
7.04,3.403,0.621,0.0,18.7
7.06,3.419,0.623,0.0,18.7
7.08,3.433,0.625,0.0,18.7
7.1,3.449,0.627,0.0,18.7
7.12,3.464,0.627,0.0,18.7
7.14,3.48,0.628,0.0,18.7
7.16,3.496,0.63,0.0,18.7
7.18,3.51,0.63,0.0,18.7
7.2,3.526,0.632,0.0,18.7
7.22,3.541,0.632,0.0,18.7
7.24,3.557,0.632,0.0,18.7
7.26,3.573,0.634,0.0,18.7
7.28,3.588,0.634,0.0,18.7
7.3,3.604,0.635,0.0,18.7
7.32,3.62,0.635,0.0,18.7
7.34,3.636,0.635,0.0,18.7
7.36,3.651,0.635,0.0,18.7
7.38,3.667,0.637,0.0,18.7
7.4,3.683,0.637,0.0,18.7
7.42,3.698,0.637,0.0,18.7
7.44,3.714,0.637,0.0,18.7
7.46,3.73,0.637,0.0,18.7
7.48,3.747,0.637,0.0,18.7
7.5,3.763,0.639,0.0,18.7
7.52,3.779,0.639,0.0,18.7
7.54,3.794,0.639,0.0,18.7
7.56,3.812,0.639,0.0,18.7
7.58,3.828,0.637,0.0,18.7
7.6,3.843,0.637,0.0,18.7
7.62,3.861,0.637,0.0,18.7
7.64,3.876,0.635,0.0,18.7
7.66,3.894,0.635,0.0,18.7
7.68,3.91,0.634,0.0,18.7
7.7,3.925,0.634,0.0,18.7
7.72,3.943,0.632,0.0,18.7
7.74,3.958,0.632,0.0,18.7
7.76,3.976,0.63,0.0,18.7
7.78,3.993,0.63,0.0,18.7
7.8,4.009,0.63,0.0,18.7
7.82,4.026,0.628,0.0,18.7
7.84,4.042,0.628,0.0,18.7
7.86,4.06,0.627,0.0,18.7
7.88,4.077,0.627,0.0,18.7
7.9,4.095,0.625,0.0,18.7
7.92,4.11,0.623,0.0,18.7
7.94,4.128,0.623,0.0,18.7
7.96,4.145,0.621,0.0,18.7
7.98,4.163,0.621,0.0,18.7
8.0,4.18,0.62,0.0,18.7
8.02,4.198,0.62,0.0,18.7
8.04,4.213,0.618,0.0,18.7
8.06,4.231,0.618,0.0,18.7
8.08,4.248,0.616,0.0,18.7
8.1,4.266,0.614,0.0,18.7
8.12,4.283,0.614,0.0,18.7
8.14,4.3,0.613,0.0,18.7
8.16,4.318,0.611,0.0,18.7
8.18,4.335,0.611,0.0,18.7
8.2,4.355,0.609,0.0,18.7
8.22,4.372,0.609,0.0,18.7
8.24,4.39,0.607,0.0,18.7
8.26,4.407,0.606,0.0,18.7
8.28,4.424,0.606,0.0,18.7
8.3,4.442,0.604,0.0,18.7
8.32,4.461,0.602,0.0,18.7
8.34,4.479,0.602,0.0,18.7
8.36,4.496,0.6,0.0,18.7
8.38,4.515,0.599,0.0,18.7
8.4,4.533,0.599,0.0,18.7
8.42,4.55,0.597,0.0,18.7
8.44,4.569,0.597,0.0,18.7
8.46,4.587,0.595,0.0,18.7
8.48,4.606,0.595,0.0,18.7
8.5,4.623,0.593,0.0,18.7
8.52,4.643,0.592,0.0,18.7
8.54,4.66,0.592,0.0,18.7
8.56,4.679,0.59,0.0,18.7
8.58,4.697,0.59,0.0,18.7
8.6,4.716,0.588,0.0,18.7
8.62,4.735,0.588,0.0,18.7
8.64,4.753,0.586,0.0,18.7
8.66,4.772,0.586,0.0,18.7
8.68,4.791,0.586,0.0,18.7
8.7,4.808,0.585,0.0,18.7
8.72,4.828,0.583,0.0,18.7
8.74,4.847,0.583,0.0,18.7
8.76,4.866,0.583,0.0,18.7
8.78,4.885,0.581,0.0,18.7
8.8,4.904,0.581,0.0,18.7
8.82,4.924,0.579,0.0,18.7
8.84,4.943,0.579,0.0,18.7
8.86,4.962,0.579,0.0,18.7
8.88,4.981,0.578,0.0,18.7
8.9,5.0,0.578,0.0,18.7
8.92,5.02,0.578,0.0,18.7
8.94,5.039,0.576,0.0,18.7
8.96,5.058,0.576,0.0,18.7
8.98,5.077,0.576,0.0,18.7
9.0,5.096,0.574,0.0,18.7
9.02,5.116,0.574,0.0,18.7
9.04,5.137,0.574,0.0,18.7
9.06,5.156,0.574,0.0,18.7
9.08,5.175,0.572,0.0,18.7
9.1,5.194,0.572,0.0,18.7
9.12,5.215,0.572,0.0,18.7
9.14,5.234,0.572,0.0,18.7
9.16,5.255,0.572,0.0,18.7
9.18,5.274,0.571,0.0,18.7
9.2,5.294,0.571,0.0,18.7
9.22,5.315,0.571,0.0,18.7
9.24,5.334,0.571,0.0,18.7
9.26,5.355,0.571,0.0,18.7
9.28,5.374,0.571,0.0,18.7
9.3,5.395,0.571,0.0,18.7
9.32,5.416,0.571,0.0,18.7
9.34,5.435,0.571,0.0,18.7
9.36,5.456,0.571,0.0,18.7
9.38,5.477,0.571,0.0,18.7
9.4,5.496,0.571,0.0,18.7
9.42,5.517,0.571,0.0,18.7
9.44,5.538,0.571,0.0,18.7
9.46,5.559,0.571,0.0,18.7
9.48,5.58,0.571,0.0,18.7
9.5,5.599,0.571,0.0,18.7
9.52,5.62,0.571,0.0,18.7
9.54,5.641,0.571,0.0,18.7
9.56,5.662,0.571,0.0,18.7
9.58,5.683,0.571,0.0,18.7
9.6,5.704,0.571,0.0,18.7
9.62,5.725,0.569,0.0,18.7
9.64,5.746,0.569,0.0,18.7
9.66,5.767,0.569,0.0,18.7
9.68,5.788,0.569,0.0,18.7
9.7,5.808,0.569,0.0,18.7
9.72,5.829,0.571,0.0,18.7
9.74,5.85,0.571,0.0,18.7
9.76,5.871,0.571,0.0,18.7
9.78,5.892,0.571,0.0,18.7
9.8,5.913,0.572,0.0,18.7
9.82,5.936,0.572,0.0,18.7
9.84,5.957,0.572,0.0,18.7
9.86,5.978,0.572,0.0,18.7
9.88,5.999,0.572,0.0,18.7
9.9,6.021,0.574,0.0,18.7
9.92,6.042,0.574,0.0,18.7
9.94,6.063,0.574,0.0,18.7
9.96,6.086,0.574,0.0,18.7
9.98,6.107,0.574,0.0,18.7
10.0,6.128,0.576,0.0,18.7
10.02,6.151,0.576,0.0,18.7
10.04,6.171,0.576,0.0,18.7
10.06,6.192,0.576,0.0,18.7
10.08,6.215,0.576,0.0,18.7
10.1,6.236,0.578,0.0,18.7
10.12,6.259,0.578,0.0,18.7
10.14,6.28,0.578,0.0,18.7
10.16,6.302,0.578,0.0,18.7
10.18,6.323,0.578,0.0,18.7
10.2,6.346,0.578,0.0,18.7
10.22,6.367,0.579,0.0,18.7
10.24,6.39,0.579,0.0,18.7
10.26,6.411,0.579,0.0,18.7
10.28,6.433,0.579,0.0,18.7
10.3,6.456,0.579,0.0,18.7
10.32,6.477,0.579,0.0,18.7
10.34,6.5,0.579,0.0,18.7
10.36,6.522,0.579,0.0,18.7
10.38,6.545,0.579,0.0,18.7
10.4,6.566,0.579,0.0,18.7
10.42,6.589,0.579,0.0,18.7
10.44,6.611,0.579,0.0,18.7
10.46,6.634,0.581,0.0,18.7
10.48,6.657,0.581,0.0,18.7
10.5,6.679,0.581,0.0,18.7
10.52,6.702,0.581,0.0,18.7
10.54,6.723,0.581,0.0,18.7
10.56,6.746,0.581,0.0,18.7
10.58,6.768,0.581,0.0,18.7
10.6,6.791,0.581,0.0,18.7
10.62,6.814,0.581,0.0,18.7
10.64,6.836,0.581,0.0,18.7
10.66,6.859,0.581,0.0,18.7
10.68,6.882,0.581,0.0,18.7
10.7,6.905,0.581,0.0,18.7
10.72,6.927,0.581,0.0,18.7
10.74,6.95,0.581,0.0,18.7
10.76,6.973,0.581,0.0,18.7
10.78,6.995,0.581,0.0,18.7
10.8,7.018,0.583,0.0,18.7
10.82,7.042,0.583,0.0,18.7
10.84,7.065,0.583,0.0,18.7
10.86,7.088,0.581,0.0,18.7
10.88,7.11,0.581,0.0,18.7
10.9,7.133,0.581,0.0,18.7
10.92,7.156,0.581,0.0,18.7
10.94,7.18,0.581,0.0,18.7
10.96,7.203,0.583,0.0,18.7
10.98,7.226,0.583,0.0,18.7
11.0,7.248,0.581,0.0,18.7
11.02,7.271,0.581,0.0,18.7
11.04,7.295,0.581,0.0,18.7
11.06,7.318,0.581,0.0,18.7
11.08,7.341,0.581,0.0,18.7
11.1,7.364,0.581,0.0,18.7
11.12,7.386,0.581,0.0,18.7
11.14,7.411,0.581,0.0,18.7
11.16,7.433,0.581,0.0,18.7
11.18,7.456,0.581,0.0,18.7
11.2,7.479,0.581,0.0,18.7
11.22,7.503,0.581,0.0,18.7
11.24,7.526,0.581,0.0,18.7
11.26,7.549,0.581,0.0,18.7
11.28,7.573,0.581,0.0,18.7
11.3,7.596,0.581,0.0,18.7
11.32,7.618,0.583,0.0,18.7
11.34,7.643,0.583,0.0,18.7
11.36,7.665,0.583,0.0,18.7
11.38,7.688,0.583,0.0,18.7
11.4,7.713,0.583,0.0,18.7
11.42,7.735,0.585,0.0,18.7
11.44,7.76,0.583,0.0,18.7
11.46,7.782,0.583,0.0,18.7
11.48,7.807,0.585,0.0,18.7
11.5,7.83,0.585,0.0,18.7
11.52,7.852,0.585,0.0,18.7
11.54,7.877,0.585,0.0,18.7
11.56,7.899,0.585,0.0,18.7
11.58,7.924,0.585,0.0,18.7
11.6,7.946,0.585,0.0,18.7
11.62,7.971,0.585,0.0,18.7
11.64,7.994,0.585,0.0,18.7
11.66,8.018,0.585,0.0,18.7
11.68,8.041,0.585,0.0,18.7
11.7,8.065,0.585,0.0,18.7
11.72,8.09,0.585,0.0,18.7
11.74,8.112,0.585,0.0,18.7
11.76,8.137,0.585,0.0,18.7
11.78,8.159,0.585,0.0,18.7
11.8,8.184,0.585,0.0,18.7
11.82,8.208,0.585,0.0,18.7
11.84,8.231,0.585,0.0,18.7
11.86,8.255,0.585,0.0,18.7
11.88,8.278,0.585,0.0,18.7
11.9,8.303,0.585,0.0,18.7
11.92,8.327,0.585,0.0,18.7
11.94,8.35,0.585,0.0,18.7
11.96,8.374,0.585,0.0,18.7
11.98,8.399,0.585,0.0,18.7
12.0,8.421,0.585,0.0,18.7
12.02,8.446,0.585,0.0,18.7
12.04,8.47,0.585,6.0,18.7
12.06,8.495,0.585,6.0,18.7
12.08,8.517,0.585,6.0,18.7
12.1,8.542,0.583,6.0,18.7
12.12,8.566,0.583,6.0,18.7
12.14,8.591,0.583,6.0,18.7
12.16,8.613,0.583,6.0,18.7
12.18,8.638,0.583,6.0,18.7
12.2,8.662,0.581,6.0,18.7
12.22,8.685,0.581,6.0,18.7
12.24,8.709,0.581,6.0,18.7
12.26,8.732,0.579,6.0,18.7
12.28,8.756,0.579,6.0,18.7
12.3,8.779,0.579,6.0,18.7
12.32,8.803,0.578,6.0,18.7
12.34,8.826,0.578,6.0,18.7
12.36,8.849,0.578,6.0,18.7
12.38,8.872,0.576,6.0,18.7
12.4,8.894,0.576,6.0,18.7
12.42,8.917,0.576,6.0,18.7
12.44,8.94,0.576,6.0,18.7
12.46,8.962,0.574,6.0,18.7
12.48,8.985,0.574,6.0,18.7
12.5,9.008,0.574,6.0,18.7
12.52,9.03,0.572,6.0,18.7
12.54,9.051,0.572,6.0,18.7
12.56,9.074,0.572,6.0,18.7
12.58,9.095,0.572,6.0,18.7
12.6,9.116,0.572,6.0,18.7
12.62,9.139,0.571,6.0,18.7
12.64,9.159,0.571,6.0,18.7
12.66,9.18,0.571,6.0,18.7
12.68,9.201,0.571,6.0,18.7
12.7,9.222,0.571,6.0,18.7
12.72,9.243,0.569,6.0,18.7
12.74,9.264,0.569,6.0,18.7
12.76,9.283,0.569,6.0,18.7
12.78,9.304,0.569,6.0,18.7
12.8,9.324,0.569,6.0,18.7
12.82,9.344,0.569,6.0,18.7
12.84,9.364,0.569,6.0,18.7
12.86,9.383,0.569,6.0,18.7
12.88,9.404,0.569,6.0,18.7
12.9,9.423,0.569,6.0,18.7
12.92,9.442,0.569,6.0,18.7
12.94,9.461,0.569,6.0,18.7
12.96,9.481,0.569,6.0,18.7
12.98,9.498,0.569,6.0,18.7
13.0,9.517,0.569,6.0,18.7
13.02,9.536,0.567,6.0,18.7
13.04,9.554,0.567,6.0,18.7
13.06,9.573,0.567,6.0,18.7
13.08,9.591,0.567,6.0,18.7
13.1,9.608,0.567,6.0,18.7
13.12,9.625,0.567,6.0,18.7
13.14,9.643,0.567,6.0,18.7
13.16,9.66,0.569,6.0,18.7
13.18,9.678,0.569,6.0,18.7
13.2,9.695,0.569,6.0,18.7
13.22,9.713,0.569,6.0,18.7
13.24,9.73,0.569,6.0,18.7
13.26,9.748,0.569,6.0,18.7
13.28,9.763,0.571,6.0,18.7
13.3,9.781,0.571,6.0,18.7
13.32,9.797,0.571,6.0,18.7
13.34,9.812,0.571,6.0,18.7
13.36,9.83,0.571,6.0,18.7
13.38,9.845,0.571,6.0,18.7
13.4,9.861,0.572,6.0,18.7
13.42,9.877,0.572,6.0,18.7
13.44,9.893,0.572,6.0,18.7
13.46,9.908,0.572,6.0,18.7
13.48,9.924,0.572,6.0,18.7
13.5,9.938,0.572,6.0,18.7
13.52,9.954,0.572,6.0,18.7
13.54,9.969,0.572,6.0,18.7
13.56,9.983,0.572,6.0,18.7
13.58,9.999,0.572,6.0,18.7
13.6,10.013,0.572,6.0,18.7
13.62,10.027,0.572,6.0,18.7
13.64,10.043,0.572,6.0,18.7
13.66,10.057,0.572,6.0,18.7
13.68,10.071,0.572,6.0,18.7
13.7,10.085,0.572,6.0,18.7
13.72,10.098,0.572,6.0,18.7
13.74,10.112,0.572,6.0,18.7
13.76,10.126,0.572,6.0,18.7
13.78,10.139,0.572,6.0,18.7
13.8,10.153,0.572,6.0,18.7
13.82,10.167,0.572,6.0,18.7
13.84,10.179,0.572,6.0,18.7
13.86,10.193,0.572,6.0,18.7
13.88,10.205,0.572,6.0,18.7
13.9,10.219,0.572,6.0,18.7
13.92,10.231,0.572,6.0,18.7
13.94,10.243,0.572,6.0,18.7
13.96,10.256,0.572,6.0,18.7
13.98,10.268,0.572,6.0,18.7
14.0,10.28,0.572,6.0,18.7
14.02,10.292,0.572,6.0,18.7
14.04,10.304,0.572,6.0,18.7
14.06,10.317,0.572,6.0,18.7
14.08,10.327,0.572,6.0,18.7
14.1,10.339,0.572,6.0,18.7
14.12,10.35,0.572,6.0,18.7
14.14,10.362,0.572,6.0,18.7
14.16,10.372,0.572,6.0,18.7
14.18,10.385,0.572,6.0,18.7
14.2,10.395,0.572,6.0,18.7
14.22,10.406,0.572,6.0,18.7
14.24,10.416,0.572,6.0,18.7
14.26,10.427,0.572,6.0,18.7
14.28,10.437,0.572,6.0,18.7
14.3,10.448,0.572,6.0,18.7
14.32,10.458,0.572,6.0,18.7
14.34,10.468,0.572,6.0,18.7
14.36,10.477,0.572,6.0,18.7
14.38,10.488,0.572,6.0,18.7
14.4,10.496,0.572,6.0,18.7
14.42,10.507,0.572,6.0,18.7
14.44,10.516,0.572,6.0,18.7
14.46,10.526,0.572,6.0,18.7
14.48,10.535,0.572,6.0,18.7
14.5,10.544,0.572,6.0,18.7
14.52,10.552,0.572,6.0,18.7
14.54,10.561,0.572,6.0,18.7
14.56,10.57,0.572,6.0,18.7
14.58,10.578,0.572,6.0,18.7
14.6,10.587,0.572,6.0,18.7
14.62,10.596,0.572,6.0,18.7
14.64,10.605,0.572,6.0,18.7
14.66,10.613,0.572,6.0,18.7
14.68,10.62,0.572,6.0,18.7
14.7,10.629,0.572,6.0,18.7
14.72,10.636,0.572,6.0,18.7
14.74,10.645,0.572,6.0,18.7
14.76,10.652,0.572,6.0,18.7
14.78,10.66,0.572,6.0,18.7
14.8,10.667,0.572,6.0,18.7
14.82,10.674,0.572,6.0,18.7
14.84,10.681,0.572,6.0,18.7
14.86,10.688,0.572,6.0,18.7
14.88,10.695,0.572,6.0,18.7
14.9,10.702,0.572,6.0,18.7
14.92,10.709,0.572,6.0,18.7
14.94,10.716,0.572,6.0,18.7
14.96,10.723,0.572,6.0,18.7
14.98,10.73,0.572,6.0,18.7
15.0,10.736,0.572,6.0,18.7
15.02,10.743,0.572,6.0,18.7
15.04,10.749,0.572,6.0,18.7
15.06,10.755,0.572,6.0,18.7
15.08,10.76,0.572,6.0,18.7
15.1,10.767,0.572,6.0,18.7
15.12,10.772,0.572,6.0,18.7
15.14,10.777,0.572,6.0,18.7
15.16,10.784,0.572,6.0,18.7
15.18,10.79,0.572,6.0,18.7
15.2,10.795,0.572,6.0,18.7
15.22,10.8,0.572,6.0,18.7
15.24,10.805,0.572,6.0,18.7
15.26,10.811,0.572,6.0,18.7
15.28,10.814,0.572,6.0,18.7
15.3,10.819,0.572,6.0,18.7
15.32,10.825,0.572,6.0,18.7
15.34,10.83,0.572,6.0,18.7
15.36,10.833,0.574,6.0,18.7
15.38,10.839,0.574,6.0,18.7
15.4,10.842,0.574,6.0,18.7
15.42,10.847,0.574,6.0,18.7
15.44,10.851,0.574,6.0,18.7
15.46,10.854,0.574,6.0,18.7
15.48,10.859,0.574,6.0,18.7
15.5,10.863,0.574,6.0,18.7
15.52,10.866,0.574,6.0,18.7
15.54,10.87,0.574,6.0,18.7
15.56,10.873,0.574,6.0,18.7
15.58,10.877,0.574,6.0,18.7
15.6,10.88,0.574,6.0,18.7
15.62,10.884,0.574,6.0,18.7
15.64,10.887,0.574,6.0,18.7
15.66,10.889,0.574,6.0,18.7
15.68,10.893,0.574,6.0,18.7
15.7,10.896,0.574,6.0,18.7
15.72,10.898,0.574,6.0,18.7
15.74,10.901,0.574,6.0,18.7
15.76,10.903,0.574,6.0,18.7
15.78,10.907,0.574,6.0,18.7
15.8,10.908,0.574,6.0,18.7
15.82,10.91,0.574,6.0,18.7
15.84,10.912,0.574,6.0,18.7
15.86,10.914,0.574,6.0,18.7
15.88,10.917,0.574,6.0,18.7
15.9,10.919,0.574,6.0,18.7
15.92,10.921,0.574,6.0,18.7
15.94,10.921,0.574,6.0,18.7
15.96,10.922,0.574,6.0,18.7
15.98,10.924,0.572,6.0,18.7
16.0,10.926,0.572,6.0,18.7
16.02,10.926,0.572,6.0,18.7
16.04,10.928,0.572,6.0,18.7
16.06,10.928,0.572,6.0,18.7
16.08,10.929,0.572,6.0,18.7
16.1,10.929,0.572,6.0,18.7
16.12,10.929,0.572,6.0,18.7
16.14,10.931,0.572,6.0,18.7
16.16,10.931,0.572,6.0,18.7
16.18,10.931,0.572,6.0,18.7
16.2,10.931,0.572,6.0,18.7
16.22,10.931,0.572,6.0,18.7
16.24,10.931,0.572,6.0,18.7
16.26,10.931,0.572,6.0,18.7
16.28,10.929,0.572,6.0,18.7
16.3,10.929,0.572,6.0,18.7
16.32,10.929,0.572,6.0,18.7
16.34,10.929,0.572,6.0,18.7
16.36,10.928,0.572,6.0,18.7
16.38,10.928,0.572,6.0,18.7
16.4,10.926,0.572,6.0,18.7
16.42,10.926,0.574,6.0,18.7
16.44,10.924,0.574,6.0,18.7
16.46,10.924,0.574,6.0,18.7
16.48,10.922,0.574,6.0,18.7
16.5,10.922,0.574,6.0,18.7
16.52,10.921,0.574,6.0,18.7
16.54,10.921,0.574,6.0,18.7
16.56,10.919,0.574,6.0,18.7
16.58,10.917,0.574,6.0,18.7
16.6,10.917,0.574,6.0,18.7
16.62,10.915,0.574,6.0,18.7
16.64,10.915,0.574,6.0,18.7
16.66,10.914,0.572,6.0,18.7
16.68,10.914,0.572,6.0,18.7
16.7,10.912,0.572,6.0,18.7
16.72,10.912,0.572,6.0,18.7
16.74,10.91,0.572,6.0,18.7
16.76,10.91,0.572,6.0,18.7
16.78,10.91,0.572,6.0,18.7
16.8,10.908,0.572,6.0,18.7
16.82,10.908,0.572,6.0,18.7
16.84,10.907,0.574,6.0,18.7
16.86,10.907,0.574,6.0,18.7
16.88,10.907,0.574,6.0,18.7
16.9,10.905,0.574,6.0,18.7
16.92,10.905,0.574,6.0,18.7
16.94,10.903,0.574,6.0,18.7
16.96,10.903,0.576,6.0,18.7
16.98,10.903,0.576,6.0,18.7
17.0,10.903,0.576,6.0,18.7
17.02,10.901,0.576,6.0,18.7
17.04,10.901,0.578,6.0,18.7
17.06,10.901,0.578,6.0,18.7
17.08,10.9,0.578,6.0,18.7
17.1,10.9,0.578,6.0,18.7
17.12,10.9,0.578,6.0,18.7
17.14,10.898,0.578,6.0,18.7
17.16,10.898,0.579,6.0,18.7
17.18,10.898,0.579,6.0,18.7
17.2,10.898,0.579,6.0,18.7
17.22,10.896,0.579,6.0,18.7
17.24,10.896,0.579,6.0,18.7
17.26,10.896,0.581,6.0,18.7
17.28,10.896,0.581,6.0,18.7
17.3,10.896,0.581,6.0,18.7
17.32,10.894,0.581,6.0,18.7
17.34,10.894,0.581,6.0,18.7
17.36,10.894,0.581,6.0,18.7
17.38,10.894,0.581,6.0,18.7
17.4,10.894,0.583,6.0,18.7
17.42,10.894,0.583,6.0,18.7
17.44,10.894,0.583,6.0,18.7
17.46,10.893,0.583,6.0,18.7
17.48,10.893,0.583,6.0,18.7
17.5,10.893,0.583,6.0,18.7
17.52,10.893,0.583,6.0,18.7
17.54,10.893,0.583,6.0,18.7
17.56,10.893,0.583,6.0,18.7
17.58,10.893,0.585,6.0,18.7
17.6,10.893,0.585,6.0,18.7
17.62,10.893,0.585,6.0,18.7
17.64,10.893,0.585,6.0,18.7
17.66,10.893,0.585,6.0,18.7
17.68,10.893,0.585,6.0,18.7
17.7,10.893,0.585,6.0,18.7
17.72,10.893,0.585,6.0,18.7
17.74,10.893,0.585,6.0,18.7
17.76,10.893,0.585,6.0,18.7
17.78,10.893,0.585,6.0,18.7
17.8,10.893,0.585,6.0,18.7
17.82,10.893,0.585,6.0,18.7
17.84,10.893,0.585,6.0,18.7
17.86,10.893,0.585,6.0,18.7
17.88,10.893,0.585,6.0,18.7
17.9,10.893,0.585,6.0,18.7
17.92,10.893,0.585,6.0,18.7
17.94,10.893,0.585,6.0,18.7
17.96,10.893,0.585,6.0,18.7
17.98,10.893,0.585,6.0,18.7
18.0,10.893,0.585,6.0,18.7
18.02,10.893,0.585,6.0,18.7
18.04,10.893,0.585,6.0,18.7
18.06,10.893,0.585,6.0,18.7
18.08,10.893,0.585,6.0,18.7
18.1,10.893,0.585,6.0,18.7
18.12,10.893,0.585,6.0,18.7
18.14,10.893,0.585,6.0,18.7
18.16,10.893,0.585,6.0,18.7
18.18,10.893,0.586,6.0,18.7
18.2,10.893,0.586,6.0,18.7
18.22,10.893,0.586,6.0,18.7
18.24,10.893,0.586,6.0,18.7
18.26,10.893,0.586,6.0,18.7
18.28,10.893,0.586,6.0,18.7
18.3,10.893,0.586,6.0,18.7
18.32,10.893,0.586,6.0,18.7
18.34,10.893,0.586,6.0,18.7
18.36,10.893,0.586,6.0,18.7
18.38,10.893,0.586,6.0,18.7
18.4,10.893,0.586,6.0,18.7
18.42,10.893,0.586,6.0,18.7
18.44,10.893,0.586,6.0,18.7
18.46,10.893,0.586,6.0,18.7
18.48,10.893,0.586,6.0,18.7
18.5,10.893,0.586,6.0,18.7
18.52,10.893,0.586,6.0,18.7
18.54,10.893,0.586,6.0,18.7
18.56,10.893,0.586,6.0,18.7
18.58,10.893,0.586,6.0,18.7
18.6,10.893,0.585,6.0,18.7
18.62,10.893,0.585,6.0,18.7
18.64,10.893,0.585,6.0,18.7
18.66,10.893,0.585,6.0,18.7
18.68,10.893,0.585,6.0,18.7
18.7,10.893,0.585,6.0,18.7
18.72,10.893,0.585,6.0,18.7
18.74,10.893,0.585,6.0,18.7
18.76,10.893,0.585,6.0,18.7
18.78,10.893,0.585,6.0,18.7
18.8,10.893,0.585,6.0,18.7
18.82,10.893,0.585,6.0,18.7
18.84,10.893,0.585,6.0,18.7
18.86,10.893,0.585,6.0,18.7
18.88,10.893,0.585,6.0,18.7
18.9,10.893,0.585,6.0,18.7
18.92,10.893,0.585,6.0,18.7
18.94,10.891,0.585,6.0,18.7
18.96,10.891,0.585,6.0,18.7
18.98,10.891,0.585,6.0,18.7
19.0,10.891,0.585,6.0,18.7
19.02,10.891,0.585,6.0,18.7
19.04,10.891,0.585,6.0,18.7
19.06,10.891,0.585,6.0,18.7
19.08,10.891,0.585,6.0,18.7
19.1,10.893,0.585,6.0,18.7
19.12,10.893,0.585,6.0,18.7
19.14,10.893,0.585,6.0,18.7
19.16,10.893,0.585,6.0,18.7
19.18,10.893,0.585,6.0,18.7
19.2,10.893,0.585,6.0,18.7
19.22,10.893,0.586,6.0,18.7
19.24,10.893,0.586,6.0,18.7
19.26,10.893,0.586,6.0,18.7
19.28,10.893,0.586,6.0,18.7
19.3,10.893,0.586,6.0,18.7
19.32,10.893,0.586,6.0,18.7
19.34,10.893,0.586,6.0,18.7
19.36,10.893,0.586,6.0,18.7
19.38,10.893,0.586,6.0,18.7
19.4,10.893,0.586,6.0,18.7
19.42,10.893,0.586,6.0,18.7
19.44,10.893,0.586,6.0,18.7
19.46,10.893,0.586,6.0,18.7
19.48,10.891,0.586,6.0,18.7
19.5,10.891,0.586,6.0,18.7
19.52,10.891,0.586,6.0,18.7
19.54,10.891,0.586,6.0,18.7
19.56,10.891,0.586,6.0,18.7
19.58,10.891,0.586,6.0,18.7
19.6,10.891,0.586,6.0,18.7
19.62,10.891,0.586,6.0,18.7
19.64,10.891,0.586,6.0,18.7
19.66,10.891,0.586,6.0,18.7
19.68,10.891,0.586,6.0,18.7
19.7,10.891,0.586,6.0,18.7
19.72,10.891,0.586,6.0,18.7
19.74,10.891,0.586,6.0,18.7
19.76,10.891,0.586,6.0,18.7
19.78,10.891,0.586,6.0,18.7
19.8,10.891,0.586,6.0,18.7
19.82,10.891,0.586,6.0,18.7
19.84,10.891,0.586,6.0,18.7
19.86,10.891,0.586,6.0,18.7
19.88,10.891,0.586,6.0,18.7
19.9,10.891,0.586,6.0,18.7
19.92,10.891,0.586,6.0,18.7
19.94,10.891,0.586,6.0,18.7
19.96,10.891,0.586,6.0,18.7
19.98,10.891,0.586,6.0,18.7
20.0,10.891,0.586,6.0,18.7
20.02,10.891,0.586,0.0,18.7
20.04,10.891,0.586,0.0,18.687
20.06,10.891,0.586,0.0,18.673
20.08,10.891,0.586,0.0,18.66
20.1,10.891,0.586,0.0,18.647
20.12,10.891,0.586,0.0,18.633
20.14,10.891,0.585,0.0,18.62
20.16,10.891,0.585,0.0,18.607
20.18,10.891,0.585,0.0,18.593
20.2,10.893,0.585,0.0,18.58
20.22,10.893,0.585,0.0,18.567
20.24,10.893,0.585,0.0,18.553
20.26,10.893,0.585,0.0,18.54
20.28,10.894,0.585,0.0,18.527
20.3,10.894,0.585,0.0,18.513
20.32,10.896,0.586,0.0,18.5
20.34,10.896,0.586,0.0,18.487
20.36,10.898,0.586,0.0,18.473
20.38,10.898,0.586,0.0,18.46
20.4,10.9,0.586,0.0,18.447
20.42,10.9,0.586,0.0,18.433
20.44,10.901,0.586,0.0,18.42
20.46,10.903,0.586,0.0,18.407
20.48,10.903,0.586,0.0,18.393
20.5,10.905,0.586,0.0,18.38
20.52,10.907,0.586,0.0,18.367
20.54,10.908,0.588,0.0,18.353
20.56,10.908,0.588,0.0,18.34
20.58,10.91,0.588,0.0,18.327
20.6,10.912,0.588,0.0,18.313
20.62,10.914,0.588,0.0,18.3
20.64,10.915,0.588,0.0,18.287
20.66,10.917,0.588,0.0,18.273
20.68,10.919,0.588,0.0,18.26
20.7,10.921,0.588,0.0,18.247
20.72,10.922,0.588,0.0,18.233
20.74,10.924,0.588,0.0,18.22
20.76,10.926,0.588,0.0,18.207
20.78,10.928,0.588,0.0,18.193
20.8,10.929,0.588,0.0,18.18
20.82,10.933,0.588,0.0,18.167
20.84,10.934,0.588,0.0,18.153
20.86,10.936,0.588,0.0,18.14
20.88,10.94,0.59,0.0,18.127
20.9,10.941,0.59,0.0,18.113
20.92,10.943,0.59,0.0,18.1
20.94,10.947,0.59,0.0,18.087
20.96,10.948,0.59,0.0,18.073
20.98,10.952,0.59,0.0,18.06
21.0,10.954,0.588,0.0,18.047
21.02,10.957,0.588,0.0,18.033
21.04,10.959,0.588,0.0,18.02
21.06,10.962,0.588,0.0,18.007
21.08,10.966,0.588,0.0,17.993
21.1,10.968,0.586,0.0,17.98
21.12,10.971,0.586,0.0,17.967
21.14,10.975,0.586,0.0,17.953
21.16,10.978,0.585,0.0,17.94
21.18,10.982,0.585,0.0,17.927
21.2,10.985,0.585,0.0,17.913
21.22,10.987,0.585,0.0,17.9
21.24,10.99,0.583,0.0,17.887
21.26,10.994,0.583,0.0,17.873
21.28,10.997,0.583,0.0,17.86
21.3,11.003,0.581,0.0,17.847
21.32,11.006,0.581,0.0,17.833
21.34,11.01,0.581,0.0,17.82
21.36,11.013,0.579,0.0,17.807
21.38,11.017,0.579,0.0,17.793
21.4,11.022,0.579,0.0,17.78
21.42,11.025,0.578,0.0,17.767
21.44,11.029,0.578,0.0,17.753
21.46,11.032,0.578,0.0,17.74
21.48,11.037,0.576,0.0,17.727
21.5,11.041,0.576,0.0,17.713
21.52,11.046,0.576,0.0,17.7
21.54,11.05,0.574,0.0,17.687
21.56,11.055,0.574,0.0,17.673
21.58,11.058,0.572,0.0,17.66
21.6,11.064,0.572,0.0,17.647
21.62,11.069,0.572,0.0,17.633
21.64,11.074,0.571,0.0,17.62
21.66,11.078,0.569,0.0,17.607
21.68,11.083,0.569,0.0,17.593
21.7,11.088,0.569,0.0,17.58
21.72,11.093,0.567,0.0,17.567
21.74,11.097,0.567,0.0,17.553
21.76,11.102,0.565,0.0,17.54
21.78,11.107,0.564,0.0,17.527
21.8,11.113,0.564,0.0,17.513
21.82,11.118,0.564,0.0,17.5
21.84,11.123,0.562,0.0,17.487
21.86,11.128,0.56,0.0,17.473
21.88,11.133,0.56,0.0,17.46
21.9,11.14,0.559,0.0,17.447
21.92,11.146,0.559,0.0,17.433
21.94,11.151,0.557,0.0,17.42
21.96,11.156,0.555,0.0,17.407
21.98,11.161,0.555,0.0,17.393
22.0,11.168,0.553,0.0,17.38
22.02,11.174,0.553,0.0,17.367
22.04,11.181,0.552,0.0,17.353
22.06,11.186,0.55,0.0,17.34
22.08,11.191,0.548,0.0,17.327
22.1,11.198,0.546,0.0,17.313
22.12,11.203,0.546,0.0,17.3
22.14,11.21,0.545,0.0,17.287
22.16,11.215,0.543,0.0,17.273
22.18,11.222,0.541,0.0,17.26
22.2,11.229,0.539,0.0,17.247
22.22,11.235,0.539,0.0,17.233
22.24,11.242,0.538,0.0,17.22
22.26,11.249,0.536,0.0,17.207
22.28,11.256,0.534,0.0,17.193
22.3,11.263,0.534,0.0,17.18
22.32,11.27,0.532,0.0,17.167
22.34,11.277,0.531,0.0,17.153
22.36,11.284,0.529,0.0,17.14
22.38,11.291,0.527,0.0,17.127
22.4,11.298,0.525,0.0,17.113
22.42,11.305,0.522,0.0,17.1
22.44,11.311,0.52,0.0,17.087
22.46,11.318,0.52,0.0,17.073
22.48,11.325,0.517,0.0,17.06
22.5,11.334,0.515,0.0,17.047
22.52,11.341,0.513,0.0,17.033
22.54,11.348,0.51,0.0,17.02
22.56,11.357,0.51,0.0,17.007
22.58,11.364,0.506,0.0,16.993
22.6,11.373,0.503,0.0,16.98
22.62,11.38,0.501,0.0,16.967
22.64,11.388,0.499,0.0,16.953
22.66,11.397,0.496,0.0,16.94
22.68,11.404,0.494,0.0,16.927
22.7,11.413,0.49,0.0,16.913
22.72,11.421,0.489,0.0,16.9
22.74,11.428,0.485,0.0,16.887
22.76,11.437,0.485,0.0,16.873
22.78,11.446,0.48,0.0,16.86
22.8,11.455,0.476,0.0,16.847
22.82,11.463,0.473,0.0,16.833
22.84,11.472,0.473,0.0,16.82
22.86,11.481,0.469,0.0,16.807
22.88,11.49,0.464,0.0,16.793
22.9,11.498,0.463,0.0,16.78
22.92,11.507,0.459,0.0,16.767
22.94,11.516,0.457,0.0,16.753
22.96,11.524,0.454,0.0,16.74
22.98,11.533,0.45,0.0,16.727
23.0,11.544,0.447,0.0,16.713
23.02,11.552,0.445,0.0,16.7
23.04,11.561,0.442,0.0,16.687
23.06,11.57,0.438,0.0,16.673
23.08,11.58,0.435,0.0,16.66
23.1,11.589,0.433,0.0,16.647
23.12,11.599,0.428,0.0,16.633
23.14,11.608,0.426,0.0,16.62
23.16,11.619,0.422,0.0,16.607
23.18,11.627,0.419,0.0,16.593
23.2,11.638,0.415,0.0,16.58
23.22,11.647,0.414,0.0,16.567
23.24,11.657,0.41,0.0,16.553
23.26,11.668,0.407,0.0,16.54
23.28,11.676,0.405,0.0,16.527
23.3,11.687,0.401,0.0,16.513
23.32,11.697,0.398,0.0,16.5
23.34,11.708,0.394,0.0,16.487
23.36,11.718,0.393,0.0,16.473
23.38,11.729,0.389,0.0,16.46
23.4,11.739,0.384,0.0,16.447
23.42,11.75,0.382,0.0,16.433
23.44,11.76,0.38,0.0,16.42
23.46,11.771,0.375,0.0,16.407
23.48,11.781,0.374,0.0,16.393
23.5,11.791,0.37,0.0,16.38
23.52,11.802,0.367,0.0,16.367
23.54,11.812,0.365,0.0,16.353
23.56,11.825,0.361,0.0,16.34
23.58,11.835,0.358,0.0,16.327
23.6,11.847,0.356,0.0,16.313
23.62,11.858,0.354,0.0,16.3
23.64,11.868,0.351,0.0,16.287
23.66,11.88,0.346,0.0,16.273
23.68,11.893,0.344,0.0,16.26
23.7,11.903,0.34,0.0,16.247
23.72,11.915,0.339,0.0,16.233
23.74,11.926,0.335,0.0,16.22
23.76,11.938,0.332,0.0,16.207
23.78,11.95,0.332,0.0,16.193
23.8,11.962,0.328,0.0,16.18
23.82,11.975,0.326,0.0,16.167
23.84,11.985,0.323,0.0,16.153
23.86,11.997,0.319,0.0,16.14
23.88,12.01,0.319,0.0,16.127
23.9,12.022,0.314,0.0,16.113
23.92,12.034,0.312,0.0,16.1
23.94,12.048,0.311,0.0,16.087
23.96,12.058,0.307,0.0,16.073
23.98,12.071,0.307,0.0,16.06
24.0,12.085,0.304,0.0,16.047
24.02,12.097,0.302,0.0,16.033
24.04,12.111,0.3,0.0,16.02
24.06,12.123,0.298,0.0,16.007
24.08,12.135,0.295,0.0,15.993
24.1,12.147,0.293,0.0,15.98
24.12,12.161,0.291,0.0,15.967
24.14,12.175,0.29,0.0,15.953
24.16,12.188,0.288,0.0,15.94
24.18,12.202,0.286,0.0,15.927
24.2,12.214,0.284,0.0,15.913
24.22,12.228,0.283,0.0,15.9
24.24,12.242,0.281,0.0,15.887
24.26,12.256,0.279,0.0,15.873
24.28,12.268,0.278,0.0,15.86
24.3,12.282,0.278,0.0,15.847
24.32,12.296,0.276,0.0,15.833
24.34,12.31,0.274,0.0,15.82
24.36,12.324,0.272,0.0,15.807
24.38,12.338,0.271,0.0,15.793
24.4,12.352,0.271,0.0,15.78
24.42,12.366,0.269,0.0,15.767
24.44,12.38,0.269,0.0,15.753
24.46,12.394,0.267,0.0,15.74
24.48,12.408,0.267,0.0,15.727
24.5,12.422,0.265,0.0,15.713
24.52,12.435,0.265,0.0,15.7
24.54,12.451,0.265,0.0,15.687
24.56,12.465,0.264,0.0,15.673
24.58,12.479,0.264,0.0,15.66
24.6,12.493,0.264,0.0,15.647
24.62,12.509,0.264,0.0,15.633
24.64,12.523,0.264,0.0,15.62
24.66,12.538,0.264,0.0,15.607
24.68,12.552,0.264,0.0,15.593
24.7,12.566,0.264,0.0,15.58
24.72,12.582,0.264,0.0,15.567
24.74,12.598,0.262,0.0,15.553
24.76,12.612,0.262,0.0,15.54
24.78,12.626,0.262,0.0,15.527
24.8,12.64,0.264,0.0,15.513
24.82,12.655,0.264,0.0,15.5
24.84,12.671,0.265,0.0,15.487
24.86,12.685,0.265,0.0,15.473
24.88,12.699,0.267,0.0,15.46
24.9,12.715,0.267,0.0,15.447
24.92,12.73,0.269,0.0,15.433
24.94,12.746,0.271,0.0,15.42
24.96,12.76,0.271,0.0,15.407
24.98,12.774,0.272,0.0,15.393
25.0,12.79,0.274,0.0,15.38
25.02,12.805,0.276,0.0,15.367
25.04,12.821,0.278,0.0,15.353
25.06,12.835,0.279,0.0,15.34
25.08,12.851,0.279,0.0,15.327
25.1,12.867,0.281,0.0,15.313
25.12,12.882,0.283,0.0,15.3
25.14,12.896,0.284,0.0,15.287
25.16,12.912,0.286,0.0,15.273
25.18,12.928,0.288,0.0,15.26
25.2,12.943,0.29,0.0,15.247
25.22,12.957,0.291,0.0,15.233
25.24,12.973,0.293,0.0,15.22
25.26,12.989,0.293,0.0,15.207
25.28,13.004,0.297,0.0,15.193
25.3,13.018,0.298,0.0,15.18
25.32,13.034,0.298,0.0,15.167
25.34,13.05,0.302,0.0,15.153
25.36,13.066,0.304,0.0,15.14
25.38,13.081,0.304,0.0,15.127
25.4,13.095,0.307,0.0,15.113
25.42,13.111,0.307,0.0,15.1
25.44,13.127,0.309,0.0,15.087
25.46,13.142,0.311,0.0,15.073
25.48,13.158,0.312,0.0,15.06
25.5,13.174,0.314,0.0,15.047
25.52,13.189,0.314,0.0,15.033
25.54,13.205,0.316,0.0,15.02
25.56,13.219,0.316,0.0,15.007
25.58,13.235,0.318,0.0,14.993
25.6,13.252,0.319,0.0,14.98
25.62,13.266,0.321,0.0,14.967
25.64,13.282,0.323,0.0,14.953
25.66,13.298,0.323,0.0,14.94
25.68,13.313,0.323,0.0,14.927
25.7,13.329,0.325,0.0,14.913
25.72,13.345,0.325,0.0,14.9
25.74,13.361,0.325,0.0,14.887
25.76,13.376,0.326,0.0,14.873
25.78,13.392,0.326,0.0,14.86
25.8,13.408,0.326,0.0,14.847
25.82,13.423,0.328,0.0,14.833
25.84,13.439,0.328,0.0,14.82
25.86,13.455,0.328,0.0,14.807
25.88,13.47,0.328,0.0,14.793
25.9,13.486,0.328,0.0,14.78
25.92,13.502,0.328,0.0,14.767
25.94,13.518,0.328,0.0,14.753
25.96,13.533,0.328,0.0,14.74
25.98,13.551,0.328,0.0,14.727
26.0,13.566,0.328,0.0,14.713
26.02,13.582,0.33,0.0,14.7
26.04,13.598,0.33,0.0,14.687
26.06,13.614,0.33,0.0,14.673
26.08,13.629,0.328,0.0,14.66
26.1,13.645,0.328,0.0,14.647
26.12,13.662,0.326,0.0,14.633
26.14,13.678,0.326,0.0,14.62
26.16,13.694,0.325,0.0,14.607
26.18,13.71,0.325,0.0,14.593
26.2,13.727,0.325,0.0,14.58
26.22,13.743,0.321,0.0,14.567
26.24,13.758,0.321,0.0,14.553
26.26,13.774,0.321,0.0,14.54
26.28,13.792,0.319,0.0,14.527
26.3,13.807,0.318,0.0,14.513
26.32,13.823,0.316,0.0,14.5
26.34,13.839,0.316,0.0,14.487
26.36,13.856,0.314,0.0,14.473
26.38,13.872,0.312,0.0,14.46
26.4,13.888,0.311,0.0,14.447
26.42,13.905,0.311,0.0,14.433
26.44,13.921,0.309,0.0,14.42
26.46,13.936,0.307,0.0,14.407
26.48,13.954,0.305,0.0,14.393
26.5,13.97,0.304,0.0,14.38
26.52,13.985,0.302,0.0,14.367
26.54,14.003,0.3,0.0,14.353
26.56,14.018,0.3,0.0,14.34
26.58,14.034,0.297,0.0,14.327
26.6,14.052,0.297,0.0,14.313
26.62,14.067,0.293,0.0,14.3
26.64,14.085,0.291,0.0,14.287
26.66,14.101,0.29,0.0,14.273
26.68,14.118,0.288,0.0,14.26
26.7,14.134,0.286,0.0,14.247
26.72,14.149,0.284,0.0,14.233
26.74,14.167,0.283,0.0,14.22
26.76,14.184,0.279,0.0,14.207
26.78,14.2,0.278,0.0,14.193
26.8,14.216,0.276,0.0,14.18
26.82,14.233,0.276,0.0,14.167
26.84,14.251,0.272,0.0,14.153
26.86,14.266,0.271,0.0,14.14
26.88,14.284,0.267,0.0,14.127
26.9,14.299,0.267,0.0,14.113
26.92,14.317,0.264,0.0,14.1
26.94,14.333,0.262,0.0,14.087
26.96,14.35,0.26,0.0,14.073
26.98,14.368,0.257,0.0,14.06
27.0,14.383,0.257,0.0,14.047
27.02,14.401,0.253,0.0,14.033
27.04,14.418,0.251,0.0,14.02
27.06,14.436,0.248,0.0,14.007
27.08,14.453,0.246,0.0,13.993
27.1,14.469,0.244,0.0,13.98
27.12,14.486,0.243,0.0,13.967
27.14,14.504,0.239,0.0,13.953
27.16,14.521,0.239,0.0,13.94
27.18,14.539,0.236,0.0,13.927
27.2,14.556,0.234,0.0,13.913
27.22,14.574,0.232,0.0,13.9
27.24,14.589,0.23,0.0,13.887
27.26,14.608,0.229,0.0,13.873
27.28,14.626,0.225,0.0,13.86
27.3,14.642,0.225,0.0,13.847
27.32,14.661,0.222,0.0,13.833
27.34,14.678,0.22,0.0,13.82
27.36,14.696,0.218,0.0,13.807
27.38,14.713,0.216,0.0,13.793
27.4,14.731,0.215,0.0,13.78
27.42,14.748,0.211,0.0,13.767
27.44,14.765,0.209,0.0,13.753
27.46,14.785,0.208,0.0,13.74
27.48,14.802,0.208,0.0,13.727
27.5,14.82,0.204,0.0,13.713
27.52,14.839,0.204,0.0,13.7
27.54,14.856,0.201,0.0,13.687
27.56,14.874,0.199,0.0,13.673
27.58,14.891,0.199,0.0,13.66
27.6,14.91,0.197,0.0,13.647
27.62,14.928,0.195,0.0,13.633
27.64,14.947,0.194,0.0,13.62
27.66,14.964,0.192,0.0,13.607
27.68,14.982,0.192,0.0,13.593
27.7,15.001,0.19,0.0,13.58
27.72,15.019,0.188,0.0,13.567
27.74,15.038,0.188,0.0,13.553
27.76,15.055,0.187,0.0,13.54
27.78,15.073,0.185,0.0,13.527
27.8,15.092,0.185,0.0,13.513
27.82,15.109,0.183,0.0,13.5
27.84,15.129,0.182,0.0,13.487
27.86,15.146,0.182,0.0,13.473
27.88,15.165,0.18,0.0,13.46
27.9,15.183,0.18,0.0,13.447
27.92,15.202,0.178,0.0,13.433
27.94,15.219,0.178,0.0,13.42
27.96,15.238,0.178,0.0,13.407
27.98,15.256,0.176,0.0,13.393
28.0,15.275,0.176,0.0,13.38
28.02,15.293,0.175,0.0,13.367
28.04,15.312,0.175,0.0,13.353
28.06,15.329,0.175,0.0,13.34
28.08,15.348,0.173,0.0,13.327
28.1,15.366,0.173,0.0,13.313
28.12,15.385,0.173,0.0,13.3
28.14,15.403,0.173,0.0,13.287
28.16,15.422,0.171,0.0,13.273
28.18,15.439,0.171,0.0,13.26
28.2,15.458,0.171,0.0,13.247
28.22,15.476,0.171,0.0,13.233
28.24,15.495,0.171,0.0,13.22
28.26,15.512,0.171,0.0,13.207
28.28,15.532,0.171,0.0,13.193
28.3,15.549,0.171,0.0,13.18
28.32,15.568,0.171,0.0,13.167
28.34,15.586,0.171,0.0,13.153
28.36,15.605,0.171,0.0,13.14
28.38,15.622,0.171,0.0,13.127
28.4,15.642,0.171,0.0,13.113
28.42,15.659,0.171,0.0,13.1
28.44,15.678,0.171,0.0,13.087
28.46,15.696,0.171,0.0,13.073
28.48,15.713,0.169,0.0,13.06
28.5,15.732,0.169,0.0,13.047
28.52,15.75,0.169,0.0,13.033
28.54,15.769,0.169,0.0,13.02
28.56,15.787,0.169,0.0,13.007
28.58,15.804,0.171,0.0,12.993
28.6,15.823,0.171,0.0,12.98
28.62,15.841,0.171,0.0,12.967
28.64,15.86,0.171,0.0,12.953
28.66,15.877,0.173,0.0,12.94
28.68,15.895,0.173,0.0,12.927
28.7,15.914,0.173,0.0,12.913
28.72,15.931,0.173,0.0,12.9
28.74,15.949,0.175,0.0,12.887
28.76,15.968,0.175,0.0,12.873
28.78,15.985,0.175,0.0,12.86
28.8,16.003,0.175,0.0,12.847
28.82,16.022,0.176,0.0,12.833
28.84,16.04,0.176,0.0,12.82
28.86,16.057,0.176,0.0,12.807
28.88,16.076,0.176,0.0,12.793
28.9,16.094,0.178,0.0,12.78
28.92,16.111,0.178,0.0,12.767
28.94,16.129,0.178,0.0,12.753
28.96,16.148,0.178,0.0,12.74
28.98,16.165,0.178,0.0,12.727
29.0,16.183,0.178,0.0,12.713
29.02,16.2,0.178,0.0,12.7
29.04,16.219,0.18,0.0,12.687
29.06,16.237,0.18,0.0,12.673
29.08,16.254,0.18,0.0,12.66
29.1,16.273,0.18,0.0,12.647
29.12,16.291,0.18,0.0,12.633
29.14,16.308,0.18,0.0,12.62
29.16,16.326,0.18,0.0,12.607
29.18,16.345,0.18,0.0,12.593
29.2,16.362,0.18,0.0,12.58
29.22,16.38,0.18,0.0,12.567
29.24,16.397,0.18,0.0,12.553
29.26,16.417,0.18,0.0,12.54
29.28,16.434,0.18,0.0,12.527
29.3,16.451,0.18,0.0,12.513
29.32,16.469,0.182,0.0,12.5
29.34,16.488,0.182,0.0,12.487
29.36,16.506,0.182,0.0,12.473
29.38,16.523,0.182,0.0,12.46
29.4,16.542,0.182,0.0,12.447
29.42,16.56,0.18,0.0,12.433
29.44,16.577,0.18,0.0,12.42
29.46,16.596,0.18,0.0,12.407
29.48,16.614,0.178,0.0,12.393
29.5,16.631,0.178,0.0,12.38
29.52,16.65,0.178,0.0,12.367
29.54,16.668,0.176,0.0,12.353
29.56,16.687,0.176,0.0,12.34
29.58,16.705,0.175,0.0,12.327
29.6,16.724,0.175,0.0,12.313
29.62,16.741,0.173,0.0,12.3
29.64,16.76,0.173,0.0,12.287
29.66,16.778,0.171,0.0,12.273
29.68,16.797,0.169,0.0,12.26
29.7,16.815,0.169,0.0,12.247
29.72,16.834,0.168,0.0,12.233
29.74,16.851,0.166,0.0,12.22
29.76,16.87,0.164,0.0,12.207
29.78,16.888,0.164,0.0,12.193
29.8,16.907,0.162,0.0,12.18
29.82,16.926,0.161,0.0,12.167
29.84,16.944,0.159,0.0,12.153
29.86,16.963,0.157,0.0,12.14
29.88,16.98,0.157,0.0,12.127
29.9,17.0,0.154,0.0,12.113
29.92,17.019,0.152,0.0,12.1
29.94,17.036,0.152,0.0,12.087
29.96,17.055,0.15,0.0,12.073
29.98,17.075,0.148,0.0,12.06
30.0,17.092,0.147,0.0,12.047
30.02,17.111,0.145,0.0,12.033
30.04,17.13,0.143,0.0,12.02
30.06,17.15,0.141,0.0,12.007
30.08,17.167,0.14,0.0,11.993
30.1,17.186,0.138,0.0,11.98
30.12,17.205,0.136,0.0,11.967
30.14,17.225,0.134,0.0,11.953
30.16,17.244,0.133,0.0,11.94
30.18,17.263,0.131,0.0,11.927
30.2,17.281,0.129,0.0,11.913
30.22,17.3,0.127,0.0,11.9
30.24,17.319,0.126,0.0,11.887
30.26,17.338,0.124,0.0,11.873
30.28,17.357,0.122,0.0,11.86
30.3,17.377,0.12,0.0,11.847
30.32,17.396,0.119,0.0,11.833
30.34,17.415,0.117,0.0,11.82
30.36,17.434,0.113,0.0,11.807
30.38,17.453,0.112,0.0,11.793
30.4,17.474,0.11,0.0,11.78
30.42,17.493,0.11,0.0,11.767
30.44,17.513,0.106,0.0,11.753
30.46,17.532,0.105,0.0,11.74
30.48,17.551,0.103,0.0,11.727
30.5,17.572,0.103,0.0,11.713
30.52,17.591,0.099,0.0,11.7
30.54,17.61,0.098,0.0,11.687
30.56,17.63,0.096,0.0,11.673
30.58,17.651,0.096,0.0,11.66
30.6,17.67,0.094,0.0,11.647
30.62,17.691,0.093,0.0,11.633
30.64,17.71,0.091,0.0,11.62
30.66,17.731,0.089,0.0,11.607
30.68,17.75,0.089,0.0,11.593
30.7,17.771,0.086,0.0,11.58
30.72,17.79,0.084,0.0,11.567
30.74,17.811,0.084,0.0,11.553
30.76,17.83,0.082,0.0,11.54
30.78,17.851,0.08,0.0,11.527
30.8,17.87,0.08,0.0,11.513
30.82,17.891,0.079,0.0,11.5
30.84,17.912,0.077,0.0,11.487
30.86,17.933,0.077,0.0,11.473
30.88,17.952,0.075,0.0,11.46
30.9,17.973,0.075,0.0,11.447
30.92,17.994,0.073,0.0,11.433
30.94,18.015,0.073,0.0,11.42
30.96,18.034,0.072,0.0,11.407
30.98,18.055,0.072,0.0,11.393
31.0,18.076,0.07,0.0,11.38
31.02,18.097,0.07,0.0,11.367
31.04,18.118,0.07,0.0,11.353
31.06,18.139,0.07,0.0,11.34
31.08,18.158,0.068,0.0,11.327
31.1,18.179,0.068,0.0,11.313
31.12,18.2,0.068,0.0,11.3
31.14,18.221,0.068,0.0,11.287
31.16,18.242,0.068,0.0,11.273
31.18,18.263,0.068,0.0,11.26
31.2,18.284,0.066,0.0,11.247
31.22,18.305,0.066,0.0,11.233
31.24,18.326,0.066,0.0,11.22
31.26,18.347,0.066,0.0,11.207
31.28,18.366,0.066,0.0,11.193
31.3,18.387,0.066,0.0,11.18
31.32,18.408,0.065,0.0,11.167
31.34,18.429,0.065,0.0,11.153
31.36,18.45,0.065,0.0,11.14
31.38,18.471,0.065,0.0,11.127
31.4,18.492,0.065,0.0,11.113
31.42,18.513,0.066,0.0,11.1
31.44,18.534,0.066,0.0,11.087
31.46,18.555,0.066,0.0,11.073
31.48,18.576,0.068,0.0,11.06
31.5,18.596,0.068,0.0,11.047
31.52,18.616,0.068,0.0,11.033
31.54,18.637,0.07,0.0,11.02
31.56,18.658,0.07,0.0,11.007
31.58,18.679,0.072,0.0,10.993
31.6,18.699,0.072,0.0,10.98
31.62,18.72,0.072,0.0,10.967
31.64,18.74,0.073,0.0,10.953
31.66,18.761,0.075,0.0,10.94
31.68,18.781,0.075,0.0,10.927
31.7,18.802,0.075,0.0,10.913
31.72,18.822,0.077,0.0,10.9
31.74,18.843,0.079,0.0,10.887
31.76,18.864,0.079,0.0,10.873
31.78,18.884,0.079,0.0,10.86
31.8,18.904,0.08,0.0,10.847
31.82,18.925,0.08,0.0,10.833
31.84,18.946,0.082,0.0,10.82
31.86,18.965,0.082,0.0,10.807
31.88,18.986,0.084,0.0,10.793
31.9,19.007,0.084,0.0,10.78
31.92,19.026,0.086,0.0,10.767
31.94,19.047,0.086,0.0,10.753
31.96,19.068,0.086,0.0,10.74
31.98,19.087,0.087,0.0,10.727
32.0,19.108,0.087,0.0,10.713
32.02,19.127,0.087,0.0,10.7
32.04,19.148,0.089,0.0,10.687
32.06,19.167,0.089,0.0,10.673
32.08,19.188,0.091,0.0,10.66
32.1,19.207,0.091,0.0,10.647
32.12,19.228,0.091,0.0,10.633
32.14,19.249,0.091,0.0,10.62
32.16,19.268,0.093,0.0,10.607
32.18,19.289,0.093,0.0,10.593
32.2,19.309,0.093,0.0,10.58
32.22,19.33,0.093,0.0,10.567
32.24,19.349,0.093,0.0,10.553
32.26,19.368,0.093,0.0,10.54
32.28,19.389,0.093,0.0,10.527
32.3,19.408,0.093,0.0,10.513
32.32,19.429,0.093,0.0,10.5
32.34,19.448,0.093,0.0,10.487
32.36,19.467,0.093,0.0,10.473
32.38,19.488,0.093,0.0,10.46
32.4,19.508,0.093,0.0,10.447
32.42,19.528,0.093,0.0,10.433
32.44,19.548,0.093,0.0,10.42
32.46,19.567,0.094,0.0,10.407
32.48,19.588,0.094,0.0,10.393
32.5,19.607,0.094,0.0,10.38
32.52,19.626,0.093,0.0,10.367
32.54,19.647,0.093,0.0,10.353
32.56,19.666,0.091,0.0,10.34
32.58,19.686,0.091,0.0,10.327
32.6,19.707,0.091,0.0,10.313
32.62,19.726,0.089,0.0,10.3
32.64,19.745,0.089,0.0,10.287
32.66,19.766,0.087,0.0,10.273
32.68,19.785,0.087,0.0,10.26
32.7,19.804,0.086,0.0,10.247
32.72,19.825,0.084,0.0,10.233
32.74,19.844,0.084,0.0,10.22
32.76,19.864,0.082,0.0,10.207
32.78,19.885,0.08,0.0,10.193
32.8,19.904,0.08,0.0,10.18
32.82,19.925,0.079,0.0,10.167
32.84,19.944,0.077,0.0,10.153
32.86,19.963,0.077,0.0,10.14
32.88,19.984,0.075,0.0,10.127
32.9,20.003,0.073,0.0,10.113
32.92,20.024,0.072,0.0,10.1
32.94,20.043,0.07,0.0,10.087
32.96,20.064,0.068,0.0,10.073
32.98,20.084,0.068,0.0,10.06
33.0,20.104,0.065,0.0,10.047
33.02,20.124,0.063,0.0,10.033
33.04,20.145,0.063,0.0,10.02
33.06,20.164,0.059,0.0,10.007
33.08,20.185,0.058,0.0,9.993
33.1,20.206,0.056,0.0,9.98
33.12,20.225,0.054,0.0,9.967
33.14,20.246,0.052,0.0,9.953
33.16,20.265,0.051,0.0,9.94
33.18,20.286,0.051,0.0,9.927
33.2,20.307,0.047,0.0,9.913
33.22,20.326,0.045,0.0,9.9
33.24,20.347,0.044,0.0,9.887
33.26,20.366,0.04,0.0,9.873
33.28,20.387,0.038,0.0,9.86
33.3,20.408,0.037,0.0,9.847
33.32,20.427,0.037,0.0,9.833
33.34,20.448,0.033,0.0,9.82
33.36,20.469,0.03,0.0,9.807
33.38,20.49,0.028,0.0,9.793
33.4,20.511,0.028,0.0,9.78
33.42,20.53,0.024,0.0,9.767
33.44,20.551,0.023,0.0,9.753
33.46,20.572,0.021,0.0,9.74
33.48,20.593,0.019,0.0,9.727
33.5,20.614,0.017,0.0,9.713
33.52,20.633,0.016,0.0,9.7
33.54,20.654,0.014,0.0,9.687
33.56,20.675,0.012,0.0,9.673
33.58,20.696,0.01,0.0,9.66
33.6,20.717,0.009,0.0,9.647
33.62,20.738,0.007,0.0,9.633
33.64,20.759,0.005,0.0,9.62
33.66,20.78,0.003,0.0,9.607
33.68,20.799,0.003,0.0,9.593
33.7,20.82,0.003,0.0,9.58
33.72,20.843,0.003,0.0,9.567
33.74,20.862,0.003,0.0,9.553
33.76,20.883,0.003,0.0,9.54
33.78,20.904,0.002,0.0,9.527
33.8,20.925,0.0,0.0,9.513
33.82,20.946,0.0,0.0,9.5
33.84,20.965,0.002,0.0,9.487
33.86,20.986,0.003,0.0,9.473
33.88,21.007,0.003,0.0,9.46
33.9,21.028,0.005,0.0,9.447
33.92,21.047,0.007,0.0,9.433
33.94,21.068,0.007,0.0,9.42
33.96,21.089,0.007,0.0,9.407
33.98,21.108,0.009,0.0,9.393
34.0,21.129,0.01,0.0,9.38
34.02,21.148,0.01,0.0,-9.333
34.04,21.167,0.01,0.0,-9.347
34.06,21.187,0.01,0.0,-9.36
34.08,21.206,0.01,0.0,-9.373
34.1,21.223,0.01,0.0,-9.387
34.12,21.241,0.012,0.0,-9.4
34.14,21.258,0.014,0.0,-9.413
34.16,21.276,0.012,0.0,-9.427
34.18,21.293,0.007,0.0,-9.44
34.2,21.31,0.003,0.0,-9.453
34.22,21.326,0.003,0.0,-9.467
34.24,21.345,0.003,0.0,-9.48
34.26,21.363,0.003,0.0,-9.493
34.28,21.379,0.003,0.0,-9.507
34.3,21.394,0.003,0.0,-9.52
34.32,21.412,0.0,0.0,-9.533
34.34,21.429,0.0,0.0,-9.547
34.36,21.445,0.002,0.0,-9.56
34.38,21.461,0.002,0.0,-9.573
34.4,21.476,0.002,0.0,-9.587
34.42,21.492,0.003,0.0,-9.6
34.44,21.508,0.003,0.0,-9.613
34.46,21.523,0.003,0.0,-9.627
34.48,21.539,0.003,0.0,-9.64
34.5,21.555,0.003,0.0,-9.653
34.52,21.571,0.003,0.0,-9.667
34.54,21.584,0.003,0.0,-9.68
34.56,21.598,0.003,0.0,-9.693
34.58,21.614,0.003,0.0,-9.707
34.6,21.63,0.003,0.0,-9.72
34.62,21.644,0.003,0.0,-9.733
34.64,21.658,0.003,0.0,-9.747
34.66,21.672,0.003,0.0,-9.76
34.68,21.687,0.003,0.0,-9.773
34.7,21.701,0.003,0.0,-9.787
34.72,21.714,0.003,0.0,-9.8
34.74,21.728,0.003,0.0,-9.813
34.76,21.742,0.003,0.0,-9.827
34.78,21.756,0.003,0.0,-9.84
34.8,21.77,0.003,0.0,-9.853
34.82,21.782,0.003,0.0,-9.867
34.84,21.796,0.003,0.0,-9.88
34.86,21.81,0.003,0.0,-9.893
34.88,21.822,0.003,0.0,-9.907
34.9,21.834,0.003,0.0,-9.92
34.92,21.846,0.003,0.0,-9.933
34.94,21.86,0.003,0.0,-9.947
34.96,21.872,0.003,0.0,-9.96
34.98,21.883,0.003,0.0,-9.973
35.0,21.895,0.003,0.0,-9.987
35.02,21.909,0.003,0.0,-10.0
35.04,21.921,0.003,0.0,-10.0
35.06,21.932,0.003,0.0,-10.0
35.08,21.942,0.003,0.0,-10.0
35.1,21.955,0.003,0.0,-10.0
35.12,21.967,0.003,0.0,-10.0
35.14,21.977,0.003,0.0,-10.0
35.16,21.989,0.003,0.0,-10.0
35.18,22.0,0.003,0.0,-10.0
35.2,22.012,0.003,0.0,-10.0
35.22,22.023,0.003,0.0,-10.0
35.24,22.033,0.003,0.0,-10.0
35.26,22.044,0.003,0.0,-10.0
35.28,22.054,0.003,0.0,-10.0
35.3,22.064,0.003,0.0,-10.0
35.32,22.075,0.003,0.0,-10.0
35.34,22.084,0.003,0.0,-10.0
35.36,22.094,0.003,0.0,-10.0
35.38,22.105,0.003,0.0,-10.0
35.4,22.113,0.003,0.0,-10.0
35.42,22.124,0.003,0.0,-10.0
35.44,22.133,0.003,0.0,-10.0
35.46,22.143,0.003,0.0,-10.0
35.48,22.152,0.003,0.0,-10.0
35.5,22.16,0.003,0.0,-10.0
35.52,22.171,0.003,0.0,-10.0
35.54,22.178,0.003,0.0,-10.0
35.56,22.187,0.003,0.0,-10.0
35.58,22.195,0.003,0.0,-10.0
35.6,22.204,0.003,0.0,-10.0
35.62,22.213,0.003,0.0,-10.0
35.64,22.222,0.003,0.0,-10.0
35.66,22.23,0.003,0.0,-10.0
35.68,22.237,0.003,0.0,-10.0
35.7,22.246,0.003,0.0,-10.0
35.72,22.253,0.003,0.0,-10.0
35.74,22.262,0.003,0.0,-10.0
35.76,22.269,0.003,0.0,-10.0
35.78,22.276,0.003,0.0,-10.0
35.8,22.283,0.003,0.0,-10.0
35.82,22.291,0.003,0.0,-10.0
35.84,22.298,0.003,0.0,-10.0
35.86,22.305,0.003,0.0,-10.0
35.88,22.312,0.003,0.0,-10.0
35.9,22.318,0.003,0.0,-10.0
35.92,22.325,0.003,0.0,-10.0
35.94,22.331,0.003,0.0,-10.0
35.96,22.338,0.003,0.0,-10.0
35.98,22.344,0.003,0.0,-10.0
36.0,22.351,0.003,0.0,-10.0
36.02,22.356,0.003,0.0,-10.0
36.04,22.363,0.003,0.0,-10.0
36.06,22.368,0.003,0.0,-10.0
36.08,22.373,0.003,0.0,-10.0
36.1,22.379,0.003,0.0,-10.0
36.12,22.384,0.003,0.0,-10.0
36.14,22.389,0.003,0.0,-10.0
36.16,22.394,0.003,0.0,-10.0
36.18,22.4,0.003,0.0,-10.0
36.2,22.405,0.003,0.0,-10.0
36.22,22.41,0.003,0.0,-10.0
36.24,22.415,0.003,0.0,-10.0
36.26,22.419,0.003,0.0,-10.0
36.28,22.424,0.003,0.0,-10.0
36.3,22.427,0.003,0.0,-10.0
36.32,22.433,0.003,0.0,-10.0
36.34,22.436,0.003,0.0,-10.0
36.36,22.44,0.003,0.0,-10.0
36.38,22.443,0.003,0.0,-10.0
36.4,22.448,0.003,0.0,-10.0
36.42,22.452,0.003,0.0,-10.0
36.44,22.455,0.003,0.0,-10.0
36.46,22.459,0.003,0.0,-10.0
36.48,22.462,0.003,0.0,-10.0
36.5,22.464,0.003,0.0,-10.0
36.52,22.468,0.003,0.0,-10.0
36.54,22.471,0.003,0.0,-10.0
36.56,22.473,0.003,0.0,-10.0
36.58,22.476,0.003,0.0,-10.0
36.6,22.478,0.003,0.0,-10.0
36.62,22.482,0.003,0.0,-10.0
36.64,22.483,0.003,0.0,-10.0
36.66,22.485,0.003,0.0,-10.0
36.68,22.487,0.003,0.0,-10.0
36.7,22.49,0.003,0.0,-10.0
36.72,22.492,0.003,0.0,-10.0
36.74,22.492,0.003,0.0,-10.0
36.76,22.494,0.003,0.0,-10.0
36.78,22.496,0.003,0.0,-10.0
36.8,22.497,0.003,0.0,-10.0
36.82,22.499,0.003,0.0,-10.0
36.84,22.499,0.003,0.0,-10.0
36.86,22.501,0.003,0.0,-10.0
36.88,22.501,0.003,0.0,-10.0
36.9,22.503,0.003,0.0,-10.0
36.92,22.503,0.003,0.0,-10.0
36.94,22.503,0.003,0.0,-10.0
36.96,22.503,0.003,0.0,-10.0
36.98,22.503,0.003,0.0,-10.0
37.0,22.503,0.003,0.0,-10.0
37.02,22.503,0.003,0.0,-10.0
37.04,22.503,0.003,0.0,-10.0
37.06,22.503,0.003,0.0,-10.0
37.08,22.503,0.003,0.0,-10.0
37.1,22.501,0.003,0.0,-10.0
37.12,22.501,0.003,0.0,-10.0
37.14,22.501,0.003,0.0,-10.0
37.16,22.499,0.003,0.0,-10.0
37.18,22.499,0.003,0.0,-10.0
37.2,22.497,0.003,0.0,-10.0
37.22,22.497,0.003,0.0,-10.0
37.24,22.496,0.003,0.0,-10.0
37.26,22.496,0.003,0.0,-10.0
37.28,22.494,0.003,0.0,-10.0
37.3,22.494,0.003,0.0,-10.0
37.32,22.494,0.003,0.0,-10.0
37.34,22.492,0.003,0.0,-10.0
37.36,22.492,0.003,0.0,-10.0
37.38,22.49,0.003,0.0,-10.0
37.4,22.49,0.003,0.0,-10.0
37.42,22.49,0.003,0.0,-10.0
37.44,22.49,0.003,0.0,-10.0
37.46,22.489,0.003,0.0,-10.0
37.48,22.489,0.003,0.0,-10.0
37.5,22.489,0.003,0.0,-10.0
